data,C6H6,C6H6_dayb,Humidity,Rain,Temp,Wind
2021-01-13,1.5416666666666667,1.925,66.45138888888889,0.0,5.095555555555556,1.3570138888888887
2021-01-14,1.4416666666666669,1.5416666666666667,68.65972222222223,0.0,4.314930555555556,1.882083333333333
2021-01-15,2.44,1.4416666666666669,57.56944444444445,0.0,5.579583333333333,1.4434722222222223
2021-01-16,3.475,2.44,66.13194444444444,0.0,2.875277777777778,0.5890972222222222
2021-01-17,4.625,3.475,74.9236111111111,0.0,2.384930555555556,1.0116666666666667
2021-01-23,1.8454545454545452,4.8625,83.80555555555556,0.8,7.072847222222222,1.3370138888888887
2021-01-24,2.4045454545454543,1.8454545454545452,72.81944444444444,0.0,5.563958333333333,0.8338888888888888
2021-01-25,2.2041666666666666,2.4045454545454543,49.13986013986013,0.0,4.94062937062937,1.002097902097902
2021-01-26,0.9888888888888888,2.2041666666666666,27.183098591549292,0.0,6.251970802919708,1.638732394366197
2021-01-27,2.591666666666667,0.9888888888888888,44.423611111111114,0.0,4.5060416666666665,0.7014583333333333
2021-01-28,2.45,2.591666666666667,70.3986013986014,0.0,5.14944055944056,1.0517482517482517
2021-01-29,3.341666666666667,2.45,78.27777777777777,0.0,4.987430555555556,1.2364583333333332
2021-01-31,1.6916666666666669,2.6625,84.84027777777777,0.4,7.3460416666666655,1.0468055555555555
2021-02-01,1.5444444444444445,1.6916666666666669,75.59722222222223,0.0,6.960902777777777,1.5202777777777778
2021-02-03,1.7083333333333333,1.3333333333333333,96.23611111111111,1.4,6.296875,0.756875
2021-02-04,1.3458333333333332,1.7083333333333333,92.36805555555556,0.2,8.10611111111111,0.9359027777777776
2021-02-05,1.4916666666666667,1.3458333333333332,94.86111111111111,0.6,8.784583333333332,0.7429166666666666
2021-02-06,0.9708333333333332,1.4916666666666667,91.5,0.0,9.436527777777776,1.2255555555555555
2021-02-07,0.625,0.9708333333333332,97.77777777777776,5.2,8.03826388888889,1.433125
2021-02-09,0.75,0.8375,84.09027777777777,0.2,8.825347222222222,0.78375
2021-02-10,0.4791666666666666,0.75,94.25,1.2,7.671944444444445,1.6938888888888888
2021-02-12,0.65,0.9083333333333332,59.611111111111114,0.0,4.17671875,3.6046527777777775
2021-02-13,0.3583333333333333,0.65,51.8125,0.0,1.2844155844155845,2.0440277777777776
2021-02-14,0.4291666666666666,0.3583333333333333,54.90972222222222,0.0,3.592637362637362,0.9491666666666666
2021-02-16,0.7583333333333333,1.1041666666666667,62.58333333333333,0.0,6.216666666666667,0.9823611111111112
2021-02-17,0.7458333333333333,0.7583333333333333,74.15277777777777,0.0,9.046111111111111,1.0971527777777779
2021-02-18,0.9875,0.7458333333333333,72.9236111111111,0.0,8.659791666666665,1.195625
2021-02-19,1.0625,0.9875,91.15277777777776,0.0,9.55263888888889,0.6452777777777777
2021-02-20,1.1458333333333333,1.0625,85.00694444444444,0.0,10.543611111111112,0.6431944444444444
2021-02-21,0.8125,1.1458333333333333,79.0625,0.0,10.783472222222223,1.2810416666666669
2021-02-22,0.7958333333333333,0.8125,73.77777777777777,0.0,11.417986111111112,0.8629166666666666
2021-02-23,1.2916666666666667,0.7958333333333333,68.61111111111111,0.0,11.919930555555556,0.6164583333333333
2021-02-24,3.066666666666667,1.2916666666666667,61.40277777777778,0.0,13.235069444444443,0.5088194444444444
2021-02-25,4.075,3.066666666666667,58.53472222222222,0.0,13.718472222222221,0.5229166666666666
2021-02-27,2.7125,3.7166666666666663,57.90972222222222,0.0,13.665416666666665,1.8650694444444444
2021-02-28,1.0541666666666667,2.7125,49.638888888888886,0.0,10.690138888888889,2.208263888888889
2021-03-01,2.0791666666666666,1.0541666666666667,52.9375,0.0,10.464166666666666,0.5457638888888888
2021-03-02,3.1125,2.0791666666666666,51.39583333333333,0.0,10.922708333333333,0.8101388888888889
2021-03-03,3.1,3.1125,56.263888888888886,0.0,10.625208333333331,0.5763194444444444
2021-03-05,1.6125,2.65,61.076388888888886,0.0,11.965486111111112,0.8184722222222222
2021-03-06,1.2583333333333333,1.6125,69.41666666666666,0.2,8.35875,3.0861111111111112
2021-03-07,1.1291666666666669,1.2583333333333333,55.40972222222222,0.0,7.826041666666666,0.8524305555555555
2021-03-08,2.0166666666666666,1.1291666666666669,62.673611111111114,0.0,8.270833333333332,1.3477777777777777
2021-03-09,1.5166666666666668,2.0166666666666666,61.65972222222222,0.0,9.273611111111112,1.1230555555555557
2021-03-11,2.4125,1.8333333333333333,58.34722222222222,0.0,9.771458333333332,0.9320833333333332
2021-03-13,1.6,1.8166666666666669,65.02083333333333,0.0,11.528402777777776,0.9946527777777776
2021-03-19,1.3833333333333333,1.5166666666666668,53.611111111111114,0.0,6.895416666666667,2.076041666666667
2021-03-20,1.3,1.3833333333333333,51.916666666666664,0.0,6.814166666666666,1.2508333333333332
2021-03-21,0.7833333333333333,1.3,38.875,0.0,6.479513888888889,1.2656944444444445
2021-03-22,1.6,0.7833333333333333,35.59722222222222,0.0,9.718055555555555,0.7920833333333333
2021-03-24,2.0625,1.0833333333333333,49.02777777777778,0.0,11.969166666666666,0.5972222222222222
2021-03-25,1.7166666666666668,2.0625,55.72222222222222,0.0,13.229097222222222,0.7860416666666666
2021-03-27,0.9208333333333332,1.2083333333333333,66.20138888888889,0.0,13.748402777777777,0.8931944444444444
2021-03-28,1.0875,0.9208333333333332,62.25694444444445,0.0,14.447777777777777,0.7313194444444444
2021-03-30,1.8608695652173917,1.5333333333333332,53.5625,0.0,17.895833333333332,0.8160416666666666
2021-03-31,2.0,1.8608695652173917,51.13194444444445,0.0,18.919097222222224,0.5853472222222222
2021-04-01,1.5833333333333333,2.0,42.56944444444445,0.0,19.773333333333333,0.8000694444444444
2021-04-02,0.7708333333333333,1.5833333333333333,36.27777777777778,0.0,19.420486111111114,1.2525694444444444
2021-04-03,0.7083333333333333,0.7708333333333333,51.61805555555556,0.0,15.710347222222222,3.3334027777777777
2021-04-04,0.5875,0.7083333333333333,45.25694444444445,0.0,12.84125,2.4996527777777775
2021-04-05,0.5458333333333333,0.5875,43.423611111111114,0.0,12.280069444444443,1.6093055555555555
2021-04-06,0.8333333333333333,0.5458333333333333,51.263888888888886,0.0,9.764861111111111,2.7221527777777776
2021-04-07,0.675,0.8333333333333333,35.40972222222222,0.0,7.897152777777779,1.6195833333333332
2021-04-08,0.8458333333333333,0.675,33.55555555555556,0.0,10.389097222222222,1.2690277777777779
2021-04-11,0.9416666666666667,0.7875,90.41666666666666,2.6,9.759305555555555,1.211666666666667
2021-04-12,1.2375,0.9416666666666667,82.81944444444444,2.2,10.594722222222222,1.0743055555555556
2021-04-13,1.0416666666666667,1.2375,56.625,0.0,11.041666666666666,1.2366666666666668
2021-04-14,1.1666666666666667,1.0416666666666667,52.56944444444445,0.0,10.209097222222223,1.7243055555555555
2021-04-15,1.0083333333333333,1.1666666666666667,59.28472222222222,0.0,8.968680555555554,2.743680555555556
2021-04-16,1.2958333333333332,1.0083333333333333,51.423611111111114,0.0,10.101111111111113,1.4471527777777777
2021-04-18,0.9958333333333332,1.3818181818181818,53.22222222222222,0.0,11.79875,1.4549305555555556
2021-04-19,1.0666666666666667,0.9958333333333332,52.875,0.0,12.899513888888889,0.9586805555555556
2021-05-08,0.6833333333333333,0.4666666666666666,46.46527777777778,0.0,17.55333333333333,1.7896527777777778
2021-05-09,0.7458333333333333,0.6833333333333333,54.638888888888886,0.0,18.789166666666663,1.1504166666666669
2021-05-10,0.9958333333333332,0.7458333333333333,54.59722222222222,0.0,19.052222222222223,1.5636805555555555
2021-05-11,0.95,0.9958333333333332,90.2013888888889,1.2,14.405,2.720625
2021-05-12,0.6083333333333333,0.95,64.88194444444444,0.0,16.914930555555557,1.1656944444444444
2021-05-13,0.4541666666666666,0.6083333333333333,58.36805555555556,0.0,17.160902777777775,1.720902777777778
2021-05-14,0.8,0.4541666666666666,76.02083333333333,0.4,14.482013888888888,1.3396527777777778
2021-05-15,0.9291666666666666,0.8,76.11805555555556,0.0,14.183055555555557,0.7173611111111111
2021-05-16,0.7916666666666666,0.9291666666666666,75.85416666666666,0.0,15.2725,0.8542361111111111
2021-05-17,0.7416666666666666,0.7916666666666666,52.74305555555556,0.2,18.345416666666665,1.237847222222222
2021-05-20,0.65,0.7166666666666666,33.50694444444444,0.0,19.32326388888889,1.1645138888888888
2021-05-21,0.75,0.65,41.28472222222222,0.0,18.337569444444444,1.444375
2021-05-22,0.7208333333333333,0.75,67.52083333333333,0.2,16.86888888888889,1.3942361111111112
2021-05-23,0.4791666666666666,0.7208333333333333,51.70833333333333,0.0,20.04125,1.1161111111111113
2021-05-24,0.85,0.4791666666666666,87.2013888888889,2.0,14.591180555555557,1.6405555555555555
2021-05-25,0.8375,0.85,58.076388888888886,0.0,18.073055555555555,1.4077083333333331
2021-05-26,0.8041666666666666,0.8375,54.36805555555556,0.0,18.26361111111111,1.5115972222222223
2021-05-27,0.525,0.8041666666666666,49.38194444444445,0.0,20.474444444444444,1.1165972222222222
2021-05-28,0.7708333333333333,0.525,52.111111111111114,0.0,21.134027777777774,1.7822222222222222
2021-05-29,0.9583333333333331,0.7708333333333333,46.75694444444445,0.0,21.6625,2.364375
2021-05-30,0.5208333333333333,0.9583333333333331,48.104166666666664,0.0,20.670902777777776,2.3441666666666667
2021-05-31,0.7,0.5208333333333333,44.6875,0.0,20.314722222222223,2.36375
2021-06-01,0.95,0.7,45.64583333333333,0.0,21.88951388888889,1.808680555555556
2021-06-02,0.5333333333333333,0.95,45.03472222222222,0.0,21.507638888888888,1.7077083333333332
2021-06-03,0.6916666666666667,0.5333333333333333,44.97222222222222,0.0,23.844722222222224,1.0443055555555556
2021-06-04,0.7666666666666666,0.6916666666666667,37.666666666666664,0.0,24.982152777777777,1.0372222222222223
2021-06-05,0.6875,0.7666666666666666,52.25694444444445,2.2,22.995277777777776,1.0169444444444444
2021-06-07,0.8708333333333333,0.5541666666666666,81.63194444444444,0.8,20.162291666666665,0.9163194444444444
2021-06-08,1.05,0.8708333333333333,66.77777777777777,0.0,22.238958333333333,0.7595138888888888
2021-06-09,1.1375,1.05,57.65972222222222,0.0,23.986736111111114,0.9484722222222222
2021-06-10,1.1125,1.1375,51.4375,0.0,24.796597222222225,1.6168055555555556
2021-06-12,0.7958333333333333,0.9708333333333332,55.104166666666664,0.0,25.654861111111114,1.1108333333333331
2021-06-13,0.4458333333333333,0.7958333333333333,43.104166666666664,0.0,28.884305555555557,1.5297916666666669
2021-06-14,0.8875,0.4458333333333333,51.71527777777778,0.0,27.261319444444442,2.7486111111111113
2021-06-16,1.2375,0.7958333333333333,52.70833333333333,0.0,26.027777777777775,2.02375
2021-06-17,0.8958333333333333,1.2375,53.65972222222222,0.0,27.535347222222224,1.2003472222222222
2021-06-18,0.7666666666666666,0.8958333333333333,45.27083333333333,0.0,28.042847222222225,1.1260416666666668
2021-06-19,0.5041666666666667,0.7666666666666666,41.666666666666664,0.0,26.966527777777777,1.3046527777777779
2021-06-20,0.55,0.5041666666666667,52.58333333333333,0.0,25.84875,1.1645138888888888
2021-06-21,0.4583333333333333,0.55,54.75,0.0,26.730694444444445,1.3043055555555556
2021-06-22,0.5291666666666666,0.4583333333333333,52.479166666666664,0.0,25.72048611111111,1.1542361111111112
2021-06-23,0.7291666666666666,0.5291666666666666,55.25694444444445,0.0,24.984791666666663,1.1206944444444444
2021-06-24,0.7541666666666667,0.7291666666666666,48.72222222222222,0.0,24.841458333333332,1.3127777777777778
2021-06-25,0.4333333333333333,0.7541666666666667,46.90277777777778,0.0,24.394305555555555,1.6497916666666668
2021-06-27,0.725,0.4291666666666666,45.604166666666664,0.0,27.640833333333333,1.0878472222222222
2021-06-28,0.9833333333333332,0.725,43.14583333333333,0.0,29.050277777777776,1.883541666666667
2021-06-29,0.5416666666666666,0.9833333333333332,45.56944444444445,0.0,27.1825,1.7277777777777779
2021-06-30,0.6791666666666666,0.5416666666666666,52.28472222222222,0.0,25.230416666666663,1.4859027777777778
2021-07-02,0.6333333333333333,0.4541666666666666,43.47222222222222,0.0,26.558055555555555,1.7647916666666668
2021-07-03,0.7291666666666666,0.6333333333333333,52.45833333333333,0.0,26.359930555555557,1.5352777777777777
2021-07-04,0.4125,0.7291666666666666,80.33333333333333,2.0,21.54958333333333,1.1239583333333332
2021-07-05,0.8041666666666666,0.4125,60.08333333333333,0.0,23.85020833333333,0.9121527777777776
2021-07-07,0.8,0.9208333333333332,57.736111111111114,0.0,26.690347222222226,1.4829166666666669
2021-07-08,0.9166666666666666,0.8,72.78472222222223,2.4,22.85395833333333,1.5540972222222222
2021-07-09,0.4791666666666666,0.9166666666666666,51.798611111111114,0.0,23.682222222222222,1.555972222222222
2021-07-10,1.0041666666666667,0.4791666666666666,44.61805555555556,0.0,26.16708333333333,1.1724305555555556
2021-07-11,0.3916666666666666,1.0041666666666667,48.479166666666664,0.0,26.129583333333333,1.234375
2021-07-12,0.7666666666666666,0.3916666666666666,53.59722222222222,0.0,26.953819444444445,1.3327777777777778
2021-07-13,0.65,0.7666666666666666,63.43055555555556,0.4,24.512708333333332,3.226180555555556
2021-07-14,0.8083333333333333,0.65,62.513888888888886,0.6,20.892430555555556,1.0122222222222221
2021-07-15,0.7541666666666667,0.8083333333333333,60.86805555555556,0.0,22.32263888888889,0.9430555555555556
2021-07-16,1.0041666666666667,0.7541666666666667,59.33333333333333,0.0,23.35673611111111,1.2151388888888888
2021-07-17,0.7083333333333333,1.0041666666666667,56.701388888888886,0.0,25.939444444444444,1.6334722222222222
2021-07-18,1.0125,0.7083333333333333,54.479166666666664,0.0,27.504444444444445,1.0574305555555557
2021-07-19,0.8041666666666666,1.0125,44.90972222222222,0.0,28.761180555555555,1.3681944444444445
2021-07-20,0.8083333333333333,0.8041666666666666,42.59027777777778,0.0,29.148263888888888,1.509097222222222
2021-07-21,0.7625,0.8083333333333333,46.28472222222222,0.0,28.862361111111113,1.5498611111111111
2021-07-23,0.7,1.0166666666666666,54.89583333333333,0.0,27.504097222222224,1.4910416666666668
2021-07-24,0.8416666666666666,0.7,59.048611111111114,0.0,27.809791666666666,2.110625
2021-07-25,0.6041666666666666,0.8416666666666666,65.98611111111111,0.0,25.501666666666665,2.1990972222222225
2021-07-26,0.7208333333333333,0.6041666666666666,72.29166666666666,1.4,23.019791666666663,1.4070138888888888
2021-07-27,0.9666666666666666,0.7208333333333333,71.6875,0.0,24.013055555555557,1.912430555555556
2021-07-28,0.9,0.9666666666666666,66.3125,0.0,24.687708333333333,1.621527777777778
2021-08-03,0.75,0.7818181818181817,60.576388888888886,0.0,23.18263888888889,1.2927083333333331
2021-08-04,0.8083333333333333,0.75,78.52083333333333,0.8,21.497569444444444,1.5380555555555555
2021-08-05,0.5,0.8083333333333333,66.48611111111111,0.0,23.118194444444445,1.7804166666666668
2021-08-06,0.3608695652173913,0.5,56.86805555555556,0.0,24.87375,1.0649305555555555
2021-08-07,0.5333333333333333,0.3608695652173913,62.541666666666664,0.0,24.958055555555557,1.2295138888888888
2021-08-08,0.4125,0.5333333333333333,56.375,0.0,26.289444444444445,1.0263194444444443
2021-08-09,0.4458333333333333,0.4125,51.00694444444445,0.0,26.22375,0.88
2021-08-10,0.7333333333333333,0.4458333333333333,53.486111111111114,0.0,27.125277777777775,0.9255555555555556
2021-08-11,0.7625,0.7333333333333333,54.125,0.0,28.307777777777776,0.7952083333333333
2021-08-12,0.7083333333333333,0.7625,51.104166666666664,0.0,29.529305555555556,1.0234027777777779
2021-08-13,0.6833333333333333,0.7083333333333333,52.59722222222222,0.0,30.371597222222224,1.0856944444444443
2021-08-14,0.6166666666666666,0.6833333333333333,50.27083333333333,0.0,30.52638888888889,0.8359027777777777
2021-08-15,0.5208333333333333,0.6166666666666666,46.96527777777778,0.0,30.55173611111111,1.2159027777777778
2021-08-16,0.4541666666666666,0.5208333333333333,49.27083333333333,0.4,27.759027777777774,1.3770138888888888
2021-08-17,0.5083333333333333,0.4541666666666666,35.625,0.0,26.710347222222225,1.7164583333333332
2021-08-18,0.55,0.5083333333333333,46.361111111111114,0.0,25.18145833333333,2.221180555555556
2021-08-19,0.6458333333333333,0.55,44.75,0.0,25.301527777777775,1.6260416666666668
2021-08-20,0.6541666666666666,0.6458333333333333,46.0625,0.0,26.312222222222225,1.0854166666666667
2021-08-21,0.6791666666666666,0.6541666666666666,47.541666666666664,0.0,27.275069444444444,1.0078472222222221
2021-08-22,0.475,0.6791666666666666,53.041666666666664,0.0,26.77125,1.2253472222222221
2021-08-23,0.5833333333333333,0.475,67.375,0.0,24.615,2.4595833333333332
2021-08-24,0.6708333333333333,0.5833333333333333,54.513888888888886,0.0,24.4475,1.3309722222222222
2021-08-25,0.725,0.6708333333333333,51.99305555555556,0.0,23.854375,1.3803472222222222
2021-08-27,0.8291666666666666,0.6791666666666666,63.27777777777778,0.0,21.46673611111111,2.9586111111111113
2021-08-28,0.6208333333333333,0.8291666666666666,52.44444444444445,0.0,21.593333333333334,1.475
2021-08-29,0.675,0.6208333333333333,47.90277777777778,0.0,21.932916666666664,1.3038888888888889
2021-08-30,0.725,0.675,50.84027777777778,0.0,22.597847222222224,1.5316666666666667
2021-08-31,0.85,0.725,61.90972222222222,0.2,21.8325,1.4659722222222222
2021-09-01,1.0583333333333331,0.85,54.791666666666664,0.0,23.1025,0.981875
2021-09-02,1.3125,1.0583333333333331,51.27777777777778,0.0,23.918541666666663,2.103333333333333
2021-09-03,0.8583333333333333,1.3125,45.06944444444445,0.0,23.663680555555555,1.3873611111111113
2021-09-04,0.8833333333333333,0.8583333333333333,50.18055555555556,0.0,23.703402777777775,1.2388888888888887
2021-09-05,0.8833333333333333,0.8833333333333333,51.548611111111114,0.0,24.11923611111111,1.2959027777777778
2021-09-06,0.9833333333333332,0.8833333333333333,46.45833333333333,0.0,24.3875,1.2809722222222222
2021-09-07,1.2375,0.9833333333333332,44.77777777777778,0.0,24.14701388888889,1.2559722222222223
2021-09-08,1.325,1.2375,40.875,0.0,24.259166666666665,1.8779861111111111
2021-09-09,1.225,1.325,40.729166666666664,0.0,23.973402777777775,1.3144444444444443
2021-09-11,1.2958333333333332,1.2916666666666667,51.5,0.0,24.160555555555558,0.7992361111111111
2021-09-12,1.2708333333333333,1.2958333333333332,49.125,0.0,24.423333333333332,0.861111111111111
2021-09-13,1.2291666666666667,1.2708333333333333,47.6056338028169,0.0,24.783402777777777,0.7802083333333333
2021-09-14,1.1363636363636365,1.2291666666666667,59.861111111111114,0.0,24.040277777777774,0.89125
2021-09-15,0.7958333333333333,1.1363636363636365,67.33333333333333,0.0,23.589861111111112,0.9458333333333332
2021-09-16,1.1083333333333332,0.7958333333333333,82.4236111111111,3.0,21.99888888888889,1.225625
2021-09-17,1.0833333333333333,1.1083333333333332,75.27083333333333,0.0,22.190902777777776,0.9511805555555556
2021-09-18,1.0416666666666667,1.0833333333333333,72.84027777777777,0.2,22.534236111111113,1.5694444444444444
2021-09-19,0.6166666666666666,1.0416666666666667,77.13194444444444,1.0,19.132777777777775,2.597430555555556
2021-09-20,1.0125,0.6166666666666666,63.354166666666664,0.8,18.286458333333332,1.3424305555555556
2021-09-21,1.2375,1.0125,68.59027777777777,0.0,18.763194444444444,1.0988888888888888
2021-09-22,1.475,1.2375,64.34722222222223,0.0,19.555138888888887,1.3219444444444444
2021-09-23,1.2833333333333332,1.475,60.14583333333333,0.0,19.832430555555558,1.0292361111111112
2021-09-24,2.308333333333333,1.2833333333333332,65.13888888888889,0.0,20.183611111111112,0.5809722222222222
2021-09-26,1.2,1.5708333333333333,90.6388888888889,1.4,19.088472222222222,1.3676388888888888
2021-09-28,2.020833333333333,1.0041666666666667,76.1111111111111,0.0,20.766458333333333,0.7934722222222222
2021-09-29,1.0708333333333333,2.020833333333333,62.4375,0.0,21.920416666666664,0.8851388888888888
2021-09-30,1.4458333333333333,1.0708333333333333,66.14583333333333,0.0,19.84638888888889,1.7284027777777777
2021-10-01,1.2083333333333333,1.4458333333333333,58.40277777777778,0.0,19.102916666666665,1.441736111111111
2021-10-02,1.225,1.2083333333333333,60.736111111111114,0.0,19.480208333333334,1.5829166666666667
2021-10-03,0.9791666666666666,1.225,86.16666666666666,0.2,17.803125,2.120694444444444
2021-10-04,1.1625,0.9791666666666666,93.25694444444444,4.6,17.928819444444443,2.411805555555556
2021-10-05,1.0916666666666668,1.1625,91.05555555555556,0.6,17.216875,1.7736111111111112
2021-10-07,1.8791666666666669,1.2541666666666669,63.729166666666664,0.0,15.593611111111112,0.8861111111111111
2021-10-08,1.6208333333333331,1.8791666666666669,61.236111111111114,0.0,16.86375,1.0315277777777778
2021-10-10,1.0166666666666666,1.2416666666666667,54.08333333333333,0.0,14.530555555555557,1.2774305555555556
2021-10-11,2.216666666666667,1.0166666666666666,64.50694444444444,0.0,13.795277777777777,0.6931944444444444
2021-10-12,2.1375,2.216666666666667,66.91666666666666,0.0,14.334583333333333,1.1726388888888888
2021-10-13,1.9583333333333333,2.1375,67.96527777777777,0.0,13.947638888888887,1.2163888888888887
2021-10-14,1.525,1.9583333333333333,63.09027777777778,0.0,13.246944444444445,1.1168055555555556
2021-10-15,2.0708333333333333,1.525,67.77777777777777,0.0,12.588194444444444,0.6504861111111111
2021-10-16,2.5166666666666666,2.0708333333333333,69.97222222222223,0.0,13.309652777777776,0.6738888888888888
2021-10-17,2.1708333333333334,2.5166666666666666,67.36111111111111,0.0,13.572569444444444,0.56875
2021-10-18,2.4833333333333334,2.1708333333333334,69.92361111111111,0.0,13.940625,0.5591666666666666
2021-10-19,2.7,2.4833333333333334,74.09027777777777,0.0,14.474236111111113,0.5129166666666666
2021-10-20,2.683333333333333,2.7,78.50694444444444,0.0,15.012708333333332,0.5829861111111111
2021-10-21,1.7458333333333331,2.683333333333333,90.94444444444444,0.4,14.812916666666666,0.9570138888888888
2021-10-22,2.345833333333333,1.7458333333333331,82.99305555555556,0.0,15.025972222222222,0.57
2021-10-23,1.925,2.345833333333333,80.6388888888889,0.0,14.443055555555556,0.6932638888888888
2021-10-24,1.6208333333333331,1.925,66.8125,0.0,13.604861111111113,1.2900694444444445
2021-10-26,2.458333333333333,2.0375,70.57638888888889,0.0,11.491111111111111,0.6245833333333333
2021-10-27,2.845833333333333,2.458333333333333,68.35416666666666,0.0,12.602083333333333,0.6359027777777777
2021-10-28,3.0541666666666667,2.845833333333333,71.11805555555556,0.0,12.359791666666666,0.6781944444444444
2021-10-30,2.0791666666666666,2.8125,78.40972222222223,0.0,12.215833333333332,0.7686805555555555
2021-10-31,1.2083333333333333,2.0791666666666666,87.90277777777777,0.0,11.837222222222222,0.7384027777777777
2021-11-02,1.9625,1.6083333333333332,88.9236111111111,0.0,9.977013888888889,1.1957638888888888
2021-11-03,1.6625,1.9625,93.80985915492957,3.8,10.960211267605631,1.8083802816901409
2021-11-04,1.225,1.6625,80.4513888888889,0.6,10.995208333333332,1.3209722222222222
2021-11-06,2.404166666666667,2.25,62.27083333333333,0.0,9.476111111111113,0.6508333333333333
2021-11-07,1.7375,2.404166666666667,64.77777777777777,0.0,9.086458333333331,0.6428472222222222
2021-11-08,2.4,1.7375,84.27083333333333,0.0,8.809305555555556,1.052638888888889
2021-11-09,2.004166666666667,2.4,76.1111111111111,0.0,10.139444444444443,0.7985416666666666
2021-11-10,1.8,2.004166666666667,75.6388888888889,0.0,11.922916666666666,0.71875
2021-11-11,2.2375,1.8,82.44444444444444,0.0,12.792013888888889,0.8105555555555555
2021-11-13,2.3625,2.458333333333333,92.00694444444444,1.6,11.129097222222223,1.0419444444444443
2021-11-14,1.0916666666666668,2.3625,99.0,4.4,10.563333333333333,1.3768055555555556
2021-11-15,1.7375,1.0916666666666668,95.64583333333331,0.4,11.036875,0.6511805555555555
2021-11-16,2.104166666666667,1.7375,84.4375,0.0,11.206388888888888,0.9034027777777776
2021-11-17,1.5125,2.104166666666667,91.24305555555556,0.2,10.703263888888888,0.8825
2021-11-18,1.65,1.5125,88.3125,0.0,11.356388888888889,0.8611805555555555
2021-11-19,1.2458333333333331,1.65,91.34722222222223,0.0,10.582430555555556,1.1111111111111112
2021-11-20,1.1958333333333333,1.2458333333333331,94.0763888888889,0.0,8.125069444444446,0.7795833333333333
2021-11-21,1.7083333333333333,1.1958333333333333,95.13194444444444,0.4,7.294166666666666,1.1152083333333331
2021-11-22,1.875,1.7083333333333333,97.02777777777776,0.6,8.578541666666666,0.9979861111111112
2021-11-23,2.05,1.875,74.90972222222223,0.4,10.736666666666666,0.9461805555555556
2021-11-24,2.6375,2.05,76.18055555555556,0.0,8.860555555555555,0.9440972222222223
2021-11-25,1.75,2.6375,85.0625,0.4,6.828055555555556,1.1340277777777779
2021-11-26,1.5833333333333333,1.75,86.54166666666666,0.0,7.631944444444445,1.2194444444444443
2021-11-28,0.9916666666666666,1.9375,79.16666666666666,0.4,5.8121527777777775,1.2461805555555556
2021-11-29,1.3416666666666668,0.9916666666666666,46.44444444444445,0.0,5.959513888888889,1.4239583333333332
2021-11-30,1.1333333333333333,1.3416666666666668,33.99305555555556,0.0,6.671180555555556,1.4720138888888887
2021-12-02,1.775,2.0791666666666666,77.9236111111111,0.0,6.831527777777778,0.709861111111111
2021-12-03,2.7125,1.775,65.47916666666666,0.0,6.647916666666666,0.6693055555555555
2021-12-04,2.716666666666667,2.7125,66.02083333333333,0.0,4.375972222222223,0.666875
2021-12-05,2.675,2.716666666666667,76.84027777777777,0.0,4.290694444444445,0.7592361111111111
2021-12-06,2.7869565217391306,2.675,81.125,0.0,3.7097222222222226,0.703125
2021-12-07,2.8291666666666666,2.7869565217391306,66.12587412587413,0.0,4.373006993006992,0.8709090909090909
2021-12-08,1.8458333333333332,2.8291666666666666,90.88194444444444,2.4,1.9401388888888889,1.1736805555555556
2021-12-09,1.975,1.8458333333333332,96.48611111111111,0.0,1.9732638888888887,0.8802083333333333
2021-12-10,2.275,1.975,93.56944444444444,0.6,2.2532638888888887,1.0953472222222222
2021-12-11,2.833333333333333,2.275,82.39583333333333,0.0,3.369343065693431,0.7161805555555555
2021-12-12,3.5791666666666666,2.833333333333333,77.31944444444444,0.0,4.2647916666666665,0.5525
2021-12-13,3.875,3.5791666666666666,71.1830985915493,0.0,5.78169014084507,0.5003521126760563
2021-12-14,3.6291666666666664,3.875,79.47222222222223,0.0,5.848194444444445,0.6836111111111111
2021-12-15,3.6857142857142855,3.6291666666666664,82.208,0.0,5.82048,0.7704
2021-12-16,4.141666666666667,3.6857142857142855,85.7638888888889,0.0,4.232291666666667,0.7967361111111111
2021-12-17,3.0875,4.141666666666667,90.15972222222223,0.0,3.1991044776119404,1.0007638888888888
2021-12-18,3.4291666666666667,3.0875,95.64583333333331,0.0,1.9810714285714288,0.6113888888888888
2021-12-19,3.2583333333333333,3.4291666666666667,88.09722222222223,0.0,4.0001,0.793611111111111
2021-12-20,2.408333333333333,3.2583333333333333,81.3125,0.0,4.5470138888888885,1.7190277777777778
2021-12-21,2.675,2.408333333333333,83.60416666666666,0.0,5.355138888888889,0.6432638888888887
2021-12-22,2.9458333333333333,2.675,86.9861111111111,0.0,4.328541666666666,0.739375
2021-12-23,1.9625,2.9458333333333333,91.89583333333331,0.0,2.4631944444444445,1.0055555555555555
2021-12-24,2.15,1.9625,77.65277777777777,0.0,4.696180555555556,0.6874305555555555
2021-12-25,2.2583333333333333,2.15,83.0138888888889,0.0,5.299375,0.6229166666666666
2021-12-26,2.645833333333333,2.2583333333333333,86.9236111111111,0.0,5.045694444444445,0.686875
2021-12-27,2.9208333333333334,2.645833333333333,94.38194444444444,0.0,5.9823611111111115,0.635
2021-12-28,2.591666666666667,2.9208333333333334,95.25,0.0,6.6317361111111115,0.7559027777777777
2021-12-29,2.3375,2.591666666666667,93.48611111111111,0.0,5.227430555555556,1.0853472222222222
2021-12-30,2.2041666666666666,2.3375,96.34722222222223,0.0,4.953611111111111,0.6436111111111111
2022-01-01,3.925,2.970833333333333,87.78472222222223,0.0,5.180416666666666,0.6272916666666666
2022-01-02,3.379166666666667,3.925,87.78472222222223,0.0,5.919444444444445,0.679375
2022-01-03,2.808333333333333,3.379166666666667,94.23611111111111,0.0,5.021319444444445,1.1415972222222222
2022-01-04,2.416666666666667,2.808333333333333,96.34027777777776,0.6,6.7815972222222225,0.6152083333333332
2022-01-05,2.125,2.416666666666667,87.6111111111111,1.6,7.119722222222222,0.9311805555555556
2022-01-06,1.4708333333333332,2.125,77.29166666666666,0.0,5.685833333333333,1.0828472222222223
2022-01-07,1.8,1.4708333333333332,69.29861111111111,0.0,3.6628472222222226,0.7615277777777777
2022-01-08,2.466666666666667,1.8,81.61805555555556,0.0,1.7433093525179857,0.8686805555555555
2022-01-09,2.2666666666666666,2.466666666666667,84.06944444444444,0.0,2.41875,0.970625
2022-01-10,2.8208333333333333,2.2666666666666666,82.38194444444444,0.0,2.09664,0.6834027777777777
2022-01-11,3.7166666666666663,2.8208333333333333,63.15972222222222,0.0,4.416793893129771,0.6092361111111111
2022-01-12,3.1166666666666667,3.7166666666666663,64.90972222222223,0.0,3.7300694444444447,0.5088194444444444
2022-01-13,3.291666666666667,3.1166666666666667,64.04861111111111,0.0,3.8004861111111112,0.530625
2022-01-14,2.8625,3.291666666666667,61.83333333333333,0.0,4.617847222222222,0.7529861111111111
2022-01-15,4.279166666666667,2.8625,62.013888888888886,0.0,6.019722222222223,0.7509722222222222
2022-01-16,2.904166666666667,4.279166666666667,65.89583333333333,0.0,6.068819444444445,0.7709027777777777
2022-01-17,1.9833333333333332,2.904166666666667,52.35251798561151,0.0,7.881223021582732,1.29568345323741
2022-01-18,3.0375,1.9833333333333332,69.36879432624113,0.0,7.035602836879433,1.1301418439716313
2022-01-19,3.029166666666667,3.0375,73.5625,0.0,5.680833333333333,0.7089583333333332
2022-01-20,2.3208333333333333,3.029166666666667,84.55555555555556,0.2,5.667847222222222,0.8577083333333333
2022-01-21,2.3583333333333334,2.3208333333333333,92.43055555555556,0.0,2.741111111111111,1.1379861111111111
2022-01-22,1.95,2.3583333333333334,85.43055555555556,0.0,3.1550694444444445,1.2526388888888889
2022-01-23,2.104166666666667,1.95,81.09722222222223,0.0,3.664861111111111,1.1004861111111113
2022-01-24,3.120833333333333,2.104166666666667,92.0625,0.0,2.0902777777777777,0.9120138888888888
2022-01-25,1.6,3.120833333333333,88.59027777777777,0.0,3.2163194444444443,1.1705555555555556
2022-01-26,1.8125,1.6,93.2638888888889,0.0,2.2602777777777776,0.6619444444444444
2022-01-27,2.379166666666667,1.8125,94.08333333333331,0.0,1.962740740740741,0.6908333333333333
2022-01-28,2.8863636363636362,2.379166666666667,63.65277777777778,0.0,8.044210526315789,1.6027777777777779
2022-01-29,2.833333333333333,2.8863636363636362,57.0,0.0,6.736041666666666,0.8857638888888888
2022-01-30,1.675,2.833333333333333,53.604166666666664,0.0,9.197152777777776,1.8900694444444444
2022-01-31,1.825,1.675,60.68055555555556,0.0,7.667083333333332,1.8513888888888888
2022-02-01,0.7416666666666666,1.825,26.340277777777775,0.0,10.807638888888889,2.140347222222222
2022-02-02,1.0083333333333333,0.7416666666666666,36.638888888888886,0.0,13.383402777777777,1.85375
2022-02-04,1.5791666666666668,2.1791666666666667,78.90277777777777,0.0,9.148611111111112,0.9099305555555556
2022-02-05,3.1125,1.5791666666666668,89.91666666666666,0.0,6.89125,0.8663194444444444
2022-02-07,1.2375,2.466666666666667,43.701388888888886,0.0,9.078541666666666,2.2606944444444443
2022-02-08,2.308333333333333,1.2375,29.159722222222225,0.0,8.55486111111111,0.7590277777777777
2022-02-09,2.675,2.308333333333333,58.19444444444445,0.0,9.480694444444445,0.7583333333333333
2022-02-10,2.8916666666666666,2.675,75.77777777777777,0.0,9.476875,0.4524305555555555
2022-02-11,2.154166666666667,2.8916666666666666,58.041666666666664,0.0,10.94125,1.086875
2022-02-12,1.5916666666666668,2.154166666666667,51.923611111111114,0.0,8.186180555555556,1.6245833333333333
2022-02-13,1.8625,1.5916666666666668,49.61805555555556,0.0,6.432708333333332,1.0596527777777778
2022-02-15,1.7708333333333333,2.095833333333333,94.79166666666666,0.4,3.4000694444444446,0.9351388888888889
2022-02-16,2.529166666666667,1.7708333333333333,88.66433566433567,0.0,5.412027972027972,0.713076923076923
2022-02-17,2.283333333333333,2.529166666666667,77.59027777777777,0.0,8.456944444444444,1.0684722222222223
2022-02-18,2.4,2.283333333333333,81.50714285714285,0.0,8.144820143884893,1.7104285714285714
2022-02-19,1.87,2.4,88.2,0.2,10.549677419354838,0.86576
2022-02-20,1.6375,1.87,75.16666666666666,0.0,11.229930555555557,0.8676388888888888
2022-02-21,1.4041666666666668,1.6375,52.354166666666664,0.0,11.900763888888887,1.7015972222222222
2022-02-22,0.8833333333333333,1.4041666666666668,32.423611111111114,0.0,13.002777777777776,1.6204166666666668
2022-02-23,2.0708333333333333,0.8833333333333333,40.701388888888886,0.0,11.405972222222221,1.4504861111111111
2022-02-24,2.0,2.0708333333333333,52.23076923076923,0.0,10.55972027972028,0.7281818181818182
2022-02-25,1.95,2.0,43.21527777777778,0.0,10.463541666666666,1.189652777777778
2022-02-26,1.0375,1.95,42.34027777777778,0.0,9.366597222222222,1.7015972222222222
2022-02-27,1.0416666666666667,1.0375,43.361111111111114,0.0,7.8024305555555555,0.6691666666666666
2022-02-28,1.8291666666666668,1.0416666666666667,42.40277777777778,0.0,7.583472222222222,1.3768055555555556
2022-03-02,1.9,1.0875,45.65972222222222,0.0,7.396944444444445,0.798611111111111
2022-03-03,1.3458333333333332,1.9,54.34722222222222,0.0,10.030208333333333,0.6965972222222222
2022-03-06,1.2333333333333332,1.4208333333333332,42.77777777777778,0.0,6.430902777777778,1.1259027777777777
2022-03-07,1.6375,1.2333333333333332,46.53472222222222,0.0,6.487152777777777,0.9693055555555556
2022-03-08,1.7,1.6375,46.84722222222222,0.0,5.912708333333333,1.9026388888888888
2022-03-10,3.0083333333333333,2.4291666666666667,51.361111111111114,0.0,8.933541666666665,0.5468055555555555
2022-03-11,1.7666666666666668,3.0083333333333333,54.09722222222222,0.0,8.682916666666666,3.003055555555556
2022-03-12,1.2541666666666669,1.7666666666666668,49.4375,0.0,7.595833333333333,2.100555555555556
2022-03-14,1.1625,1.2916666666666667,49.72222222222222,0.0,10.134166666666665,0.8288194444444444
2022-03-17,1.8208333333333333,1.2625,65.80555555555556,0.0,12.206458333333332,1.66125
2022-03-18,2.083333333333333,1.8208333333333333,52.291666666666664,0.0,12.119513888888887,1.7923611111111113
2022-03-19,1.4583333333333333,2.083333333333333,41.916666666666664,0.0,10.609166666666667,2.053055555555556
2022-03-20,1.3333333333333333,1.4583333333333333,37.638888888888886,0.0,9.922569444444445,1.5877777777777777
2022-03-21,1.3416666666666668,1.3333333333333333,34.36805555555556,0.0,10.630972222222223,1.2361805555555556
2022-03-22,2.0375,1.3416666666666668,36.15972222222222,0.0,10.527847222222222,1.006875
2022-03-23,2.220833333333333,2.0375,30.86111111111111,0.0,12.643055555555556,0.4411111111111111
2022-03-24,2.8625,2.220833333333333,28.291666666666664,0.0,14.474097222222222,0.5820138888888888
2022-03-25,1.7041666666666668,2.8625,25.4375,0.0,15.12875,0.7338194444444444
2022-03-26,2.091666666666667,1.7041666666666668,27.333333333333332,0.0,15.387847222222222,0.8360416666666666
2022-03-27,2.129166666666667,2.091666666666667,32.55555555555556,0.0,15.537291666666667,0.777986111111111
2022-03-28,2.0166666666666666,2.129166666666667,29.180555555555557,0.0,15.665347222222222,0.5734722222222222
2022-03-29,1.4333333333333331,2.0166666666666666,49.451388888888886,0.0,13.922638888888889,1.4519444444444445
2022-03-30,1.375,1.4333333333333331,79.25694444444444,0.0,11.801041666666666,1.7808333333333333
2022-03-31,0.9208333333333332,1.375,78.03472222222223,0.6,12.167569444444444,0.9240972222222222
2022-04-01,0.9875,0.9208333333333332,74.59027777777777,0.2,11.057569444444445,1.5489583333333332
2022-04-02,0.9125,0.9875,55.77777777777778,0.0,8.781875,1.8475694444444444
2022-04-03,1.1333333333333333,0.9125,62.111111111111114,0.0,8.575486111111111,1.612291666666667
2022-04-04,1.1666666666666667,1.1333333333333333,56.263888888888886,0.0,9.81076388888889,1.156388888888889
2022-04-05,1.6125,1.1666666666666667,50.40277777777778,0.0,12.130486111111113,0.7640277777777778
2022-04-06,1.5,1.6125,54.5,0.0,13.230902777777777,1.41875
2022-04-07,0.675,1.5,54.55555555555556,0.0,14.439513888888888,1.2527777777777778
2022-04-09,0.5772727272727272,1.3125,42.0,0.0,14.716944444444444,2.5640972222222222
2022-04-14,1.9708333333333332,1.9444444444444444,44.20833333333333,0.0,17.958333333333332,0.9261111111111112
2022-04-15,1.8375,1.9708333333333332,42.0625,0.0,19.2175,1.3077083333333333
2022-04-16,1.0875,1.8375,44.09027777777778,0.0,18.73111111111111,2.1773611111111113
2022-04-17,0.7125,1.0875,42.201388888888886,0.0,14.020625,2.525138888888889
2022-04-18,0.725,0.7125,34.03472222222222,0.0,14.726666666666667,1.643125
2022-04-19,0.7541666666666667,0.725,42.666666666666664,0.0,15.37625,1.2220833333333332
2022-04-20,1.4083333333333332,0.7541666666666667,57.0625,0.0,14.173333333333332,2.7260416666666667
2022-04-21,1.5291666666666668,1.4083333333333332,47.39583333333333,0.0,13.445694444444444,2.265833333333333
2022-04-22,0.925,1.5291666666666668,71.70138888888889,0.0,12.906527777777775,1.3861805555555555
2022-04-23,1.275,0.925,78.18055555555556,1.0,14.190625,3.0229861111111114
2022-04-24,0.6958333333333333,1.275,71.16666666666666,0.0,12.963541666666666,2.124930555555556
2022-04-25,0.6833333333333333,0.6958333333333333,68.875,1.2,14.765138888888888,1.1486111111111112
2022-04-26,1.2541666666666669,0.6833333333333333,84.04166666666666,1.2,14.349930555555556,1.1411111111111112
2022-04-27,1.4833333333333332,1.2541666666666669,60.08333333333333,0.0,16.497083333333332,1.212222222222222
2022-04-28,1.1625,1.4833333333333332,48.25,0.0,17.87236111111111,2.2306944444444445
2022-04-29,1.175,1.1625,41.861111111111114,0.0,18.715972222222224,1.6509722222222223
2022-04-30,0.9833333333333332,1.175,38.11805555555556,0.0,18.66583333333333,1.0242361111111111
2022-05-01,0.9,0.9833333333333332,48.0625,0.0,18.162222222222223,2.0297222222222224
2022-05-03,0.9041666666666666,1.1875,56.423611111111114,0.0,17.834305555555556,1.2351388888888888
2022-05-04,1.2458333333333331,0.9041666666666666,68.83333333333333,0.2,17.323541666666667,0.8869444444444444
2022-05-05,1.475,1.2458333333333331,79.25694444444444,1.8,15.123611111111112,1.3286111111111112
2022-05-06,1.1875,1.475,96.74305555555556,1.6,13.453541666666666,0.7275694444444444
2022-05-07,1.1666666666666667,1.1875,81.04166666666666,0.4,16.055625,1.0521527777777777
2022-05-08,0.8583333333333333,1.1666666666666667,70.80555555555556,0.0,17.985208333333333,0.9986805555555556
2022-05-10,1.5583333333333331,1.7291666666666667,56.22222222222222,0.0,21.535347222222224,0.8074305555555555
2022-05-11,1.0541666666666667,1.5583333333333331,47.361111111111114,0.0,22.648402777777775,1.1140972222222223
2022-05-12,0.5125,1.0541666666666667,56.13194444444445,0.0,22.10826388888889,1.5614583333333332
2022-05-14,0.55,0.4833333333333333,50.52083333333333,0.2,23.27513888888889,1.2077083333333332
2022-05-15,0.7583333333333333,0.55,49.861111111111114,0.0,24.763263888888886,0.991875
2022-05-16,0.5333333333333333,0.7583333333333333,43.013888888888886,0.0,24.587013888888887,1.3332638888888888
2022-05-17,1.1208333333333331,0.5333333333333333,45.58333333333333,0.0,25.35125,0.9438194444444444
2022-05-18,1.375,1.1208333333333331,48.70833333333333,0.0,25.500555555555557,3.0120138888888888
2022-05-19,1.0416666666666667,1.375,35.8125,0.0,24.86923611111111,2.244861111111111
2022-05-20,0.8375,1.0416666666666667,41.70833333333333,0.0,25.088472222222222,1.455833333333333
2022-05-22,0.4708333333333333,0.4958333333333333,57.27083333333333,0.0,24.445416666666663,1.206041666666667
2022-05-23,0.4875,0.4708333333333333,49.4375,0.0,24.416180555555556,1.491875
2022-05-24,1.0208333333333333,0.4875,57.236111111111114,0.6,22.418888888888887,1.1527083333333332
2022-05-25,0.925,1.0208333333333333,65.01388888888889,0.0,22.136597222222225,1.2003472222222222
2022-05-26,1.3625,0.925,58.76923076923077,0.0,24.53251748251748,1.436013986013986
2022-05-27,0.8791666666666667,1.3625,53.0625,0.0,26.170486111111114,0.9066666666666666
2022-05-28,1.25,0.8791666666666667,56.75,0.0,24.493055555555557,2.903125
2022-05-29,0.5625,1.25,62.0,0.2,17.047361111111112,2.5595138888888886
2022-05-31,1.075,0.9291666666666666,58.99305555555556,0.0,21.065,1.2313888888888889
2022-06-01,0.9166666666666666,1.075,55.00694444444445,0.0,23.354652777777776,0.8183333333333332
2022-06-02,0.75,0.9166666666666666,51.78472222222222,0.0,25.363680555555558,0.759375
2022-06-03,1.1666666666666667,0.75,67.90277777777777,0.2,23.403333333333332,1.855625
2022-06-04,0.7041666666666666,1.1666666666666667,58.673611111111114,0.0,25.198958333333334,0.7720833333333333
2022-06-06,1.2791666666666668,1.0583333333333331,48.77777777777778,0.0,25.895208333333333,1.3567361111111111
2022-06-07,1.0208333333333333,1.2791666666666668,59.40972222222222,1.2,24.117083333333333,1.6921527777777778
2022-06-08,1.1791666666666667,1.0208333333333333,57.03472222222222,0.4,22.724097222222223,1.3568055555555556
2022-06-09,0.7,1.1791666666666667,44.64583333333333,0.0,23.427222222222223,1.7236805555555557
2022-06-10,0.6916666666666667,0.7,25.215277777777775,0.0,25.614583333333332,1.203125
2022-06-11,1.2541666666666669,0.6916666666666667,35.90277777777778,0.0,26.506736111111113,1.3295138888888889
2022-06-12,0.7708333333333333,1.2541666666666669,37.99305555555556,0.0,28.075833333333332,1.0715277777777779
2022-06-13,1.0958333333333332,0.7708333333333333,39.104166666666664,0.0,29.044583333333332,1.1905555555555556
2022-06-15,0.9458333333333332,1.1458333333333333,43.423611111111114,0.0,28.09708333333333,1.690416666666667
2022-06-16,0.9125,0.9458333333333332,43.20833333333333,0.0,29.716666666666665,1.318263888888889
2022-06-17,0.9791666666666666,0.9125,44.548611111111114,0.0,30.153125,1.52
2022-06-18,0.9625,0.9791666666666666,38.5,0.0,29.50923611111111,2.657430555555556
2022-06-19,0.7625,0.9625,36.763888888888886,0.0,29.988333333333333,1.8882638888888887
2022-06-20,0.5125,0.7625,39.86805555555556,0.0,29.249930555555554,1.428402777777778
2022-06-21,0.3541666666666666,0.5125,50.28472222222222,0.0,28.02951388888889,1.5195138888888888
2022-06-22,0.8916666666666666,0.3541666666666666,59.93055555555556,0.0,26.007430555555555,1.1336805555555556
2022-06-23,0.7833333333333333,0.8916666666666666,63.0,0.0,26.011041666666664,1.2804861111111112
2022-06-24,0.5666666666666667,0.7833333333333333,56.95833333333333,0.0,25.218819444444446,1.4950694444444443
2022-06-25,0.4333333333333333,0.5666666666666667,50.298611111111114,0.0,25.422847222222224,1.1961805555555556
2022-06-27,0.9291666666666666,0.6833333333333333,42.979166666666664,0.0,29.920972222222225,1.5507638888888888
2022-06-28,1.35,0.9291666666666666,52.56944444444445,0.4,27.215902777777774,1.7648611111111112
2022-06-29,0.4125,1.35,53.236111111111114,0.0,26.64548611111111,1.7065277777777779
2022-06-30,0.4708333333333333,0.4125,49.95833333333333,0.0,27.782152777777775,1.2650694444444444
2022-07-01,0.6958333333333333,0.4708333333333333,44.375,0.0,27.870530303030304,1.401484375
2022-07-03,0.7791666666666666,0.7875,38.416666666666664,0.0,31.20645833333333,0.9026388888888888
2022-07-04,0.7727272727272727,0.7791666666666666,44.64285714285714,0.0,28.303857142857144,1.464
2022-07-09,0.9083333333333332,0.6272727272727272,37.27083333333333,0.0,27.27638888888889,2.274375
2022-07-10,0.4375,0.9083333333333332,33.298611111111114,0.0,28.015416666666663,1.6969444444444444
2022-07-11,0.8416666666666666,0.4375,41.166666666666664,0.0,28.096527777777776,2.4513194444444446
2022-07-12,0.8125,0.8416666666666666,44.229166666666664,0.0,27.734861111111112,2.4375
2022-07-13,0.8625,0.8125,45.729166666666664,0.0,28.074305555555554,1.8959722222222224
2022-07-14,0.8875,0.8625,41.27083333333333,0.0,29.90298611111111,1.1124305555555556
2022-07-15,0.45,0.8875,40.11888111888112,0.0,30.708181818181817,1.4456643356643355
2022-07-16,0.6208333333333333,0.45,43.048611111111114,0.0,30.28388888888889,1.5663194444444444
2022-07-17,0.6708333333333333,0.6208333333333333,43.77083333333333,0.0,30.50958333333333,2.615
2022-07-18,0.9708333333333332,0.6708333333333333,39.77083333333333,0.0,30.44763888888889,2.4597222222222226
2022-07-19,0.925,0.9708333333333332,34.90972222222222,0.0,31.065972222222225,1.8815277777777777
2022-07-20,0.8875,0.925,29.895833333333332,0.0,31.823611111111113,1.6213888888888888
2022-07-22,0.8842105263157894,0.9375,29.83760683760684,0.0,33.682905982905986,1.3832478632478633
2022-07-23,0.4916666666666666,0.8842105263157894,45.5944055944056,0.0,30.899510489510487,1.413006993006993
2022-07-24,0.45,0.4916666666666666,51.236111111111114,0.0,30.762083333333333,1.122083333333333
2022-07-25,0.9375,0.45,44.354166666666664,0.2,31.442013888888887,1.5645138888888888
2022-07-26,0.6375,0.9375,56.354166666666664,1.0,28.553819444444443,1.8056944444444445
2022-07-28,0.9958333333333332,0.7208333333333333,52.58333333333333,0.4,27.769375,2.380625
2022-07-30,0.6166666666666666,0.8375,54.38194444444445,0.0,26.302083333333332,1.2107638888888888
2022-07-31,0.6,0.6166666666666666,34.0625,0.0,28.499513888888888,0.9906944444444444
2022-08-01,1.0458333333333332,0.6,35.263888888888886,0.0,30.131875,1.1161111111111113
2022-08-02,0.9208333333333332,1.0458333333333332,39.34265734265735,0.0,28.861608391608392,2.0964335664335665
2022-08-03,0.88,0.9208333333333332,45.0722891566265,0.0,28.353614457831323,1.2525301204819277
2022-08-09,0.7458333333333333,0.375,45.80555555555556,0.0,28.613541666666663,1.8590277777777775
2022-08-11,0.6956521739130433,0.7666666666666666,38.611510791366904,0.0,27.96345323741007,2.116187050359712
2022-08-12,0.8291666666666666,0.6956521739130433,42.36805555555556,0.0,26.20798611111111,3.359652777777778
2022-08-13,0.3916666666666666,0.8291666666666666,47.19444444444445,0.0,24.704305555555557,1.1374305555555555
2022-08-15,0.3583333333333333,0.5541666666666666,46.39583333333333,0.0,26.26826388888889,1.1140972222222223
2022-08-16,0.5666666666666667,0.3583333333333333,54.03472222222222,0.0,26.675763888888888,1.3679861111111111
2022-08-17,0.5583333333333333,0.5666666666666667,65.40277777777777,0.2,25.44875,1.6261805555555555
2022-08-18,0.5458333333333333,0.5583333333333333,82.39583333333333,2.0,21.959444444444443,1.4620833333333332
2022-08-19,0.5291666666666666,0.5458333333333333,66.91666666666666,0.2,23.409722222222225,0.9515277777777776
2022-08-20,0.6625,0.5291666666666666,49.104166666666664,0.0,26.966041666666666,1.0679861111111113
2022-08-21,0.75,0.6625,40.611111111111114,0.0,27.401875,0.762361111111111
2022-08-22,0.85,0.75,42.34027777777778,0.0,27.589097222222225,1.1595833333333332
2022-08-23,0.9375,0.85,41.6875,0.0,27.23173611111111,1.5927083333333332
2022-08-25,0.7333333333333333,0.8916666666666666,45.048611111111114,0.0,27.680694444444445,0.8634722222222222
2022-08-26,0.8375,0.7333333333333333,47.95833333333333,0.0,27.624097222222225,1.1029166666666668
2022-08-27,0.9166666666666666,0.8375,53.0625,0.0,26.203958333333333,2.059930555555556
2022-08-28,0.4833333333333333,0.9166666666666666,55.298611111111114,0.0,26.526944444444442,1.0598611111111111
2022-08-29,0.6916666666666667,0.4833333333333333,52.83333333333333,0.0,27.553472222222226,1.018333333333333
2022-08-30,1.0375,0.6916666666666667,62.854166666666664,0.0,25.880069444444445,1.468125
2022-08-31,1.0041666666666667,1.0375,66.75694444444444,0.2,24.190486111111113,1.5885416666666667
2022-09-01,1.175,1.0041666666666667,60.138888888888886,0.0,24.523958333333333,2.0565972222222224
2022-09-02,0.8958333333333333,1.175,54.39583333333333,0.0,23.727013888888887,1.8072916666666667
2022-09-03,0.9583333333333331,0.8958333333333333,54.90972222222222,0.0,23.692013888888887,1.9101388888888888
2022-09-04,0.9666666666666666,0.9583333333333331,58.736111111111114,0.0,24.574791666666663,0.9038888888888889
2022-09-05,1.2541666666666669,0.9666666666666666,55.58333333333333,0.0,25.986666666666665,1.1523611111111112
2022-09-06,1.1166666666666667,1.2541666666666669,55.361111111111114,0.0,26.34548611111111,1.03125
2022-09-08,0.7458333333333333,1.1583333333333332,63.5,0.4,25.169444444444444,1.6015972222222221
2022-09-09,1.0708333333333333,0.7458333333333333,60.02083333333333,0.0,24.240069444444444,1.7395833333333333
2022-09-10,0.7,1.0708333333333333,50.46527777777778,0.0,23.498819444444443,1.1116666666666668
2022-09-11,1.0,0.7,48.90972222222222,0.0,23.917569444444442,1.0757638888888887
2022-09-12,1.1791666666666667,1.0,49.03472222222222,0.0,23.949930555555557,0.9802777777777776
2022-09-14,0.8375,1.1916666666666669,59.736111111111114,0.0,24.833402777777778,1.0253472222222222
2022-09-15,0.775,0.8375,56.0625,0.0,25.644305555555555,1.0472916666666667
2022-09-17,0.6916666666666667,1.125,43.763888888888886,0.0,20.241666666666664,2.435138888888889
2022-09-18,0.3958333333333333,0.6916666666666667,27.26388888888889,0.0,20.141944444444444,1.6071527777777779
2022-09-19,0.9125,0.3958333333333333,28.743055555555557,0.0,21.150069444444444,1.243125
2022-09-20,1.3375,0.9125,37.59027777777778,0.0,19.423263888888886,1.494236111111111
2022-09-21,1.2916666666666667,1.3375,49.951388888888886,0.0,18.186527777777776,2.4451388888888888
2022-09-23,1.0291666666666666,1.3041666666666667,45.90277777777778,0.0,18.477569444444445,1.3150694444444444
2022-09-24,1.2083333333333333,1.0291666666666666,74.02777777777777,1.2,15.821944444444444,1.3568055555555556
2022-09-25,0.7625,1.2083333333333333,81.22222222222223,0.0,16.09173611111111,0.8342361111111111
2022-09-26,1.015,0.7625,69.88461538461537,0.2,17.328384615384618,0.8595384615384615
2022-09-27,1.2208333333333332,1.015,65.25,0.0,18.197569444444444,0.9849305555555556
2022-09-28,1.7875,1.2208333333333332,69.34027777777777,1.2,16.203819444444445,1.714513888888889
2022-09-29,1.7208333333333332,1.7875,84.7638888888889,3.2,16.021875,1.0595138888888889
2022-09-30,1.275,1.7208333333333332,89.65972222222223,0.0,14.746875,1.4397222222222221
2022-10-01,1.075,1.275,75.375,0.0,16.458472222222223,1.1663888888888887
2022-10-02,0.9083333333333332,1.075,69.88888888888889,0.0,18.597708333333333,1.0191666666666668
2022-10-03,1.5958333333333332,0.9083333333333332,72.3125,0.0,18.802222222222223,1.1094444444444445
2022-10-04,1.4583333333333333,1.5958333333333332,73.66666666666666,0.0,18.92298611111111,0.8099305555555555
2022-10-05,2.0625,1.4583333333333333,71.0625,0.0,19.408472222222223,0.8490972222222222
2022-10-06,2.6375,2.0625,73.72916666666666,0.0,18.849027777777778,0.764375
2022-10-07,2.229166666666667,2.6375,67.07638888888889,0.0,19.454027777777775,0.5216666666666666
2022-10-08,2.1166666666666667,2.229166666666667,65.33333333333333,0.0,19.364791666666665,0.6193055555555556
2022-10-09,1.1958333333333333,2.1166666666666667,88.13194444444444,1.0,17.313541666666666,1.190416666666667
2022-10-10,1.4375,1.1958333333333333,78.93055555555556,0.0,16.957152777777775,0.8567361111111111
2022-10-11,2.208333333333333,1.4375,77.72222222222223,0.0,17.106041666666666,0.5609027777777778
2022-10-12,2.558333333333333,2.208333333333333,71.63888888888889,0.0,17.727152777777775,0.5777777777777777
2022-10-13,2.416666666666667,2.558333333333333,73.22916666666666,0.0,17.50583333333333,0.5603472222222222
2022-10-15,2.5541666666666667,2.725,71.71527777777777,0.0,18.419097222222224,0.537986111111111
2022-10-17,2.3875,2.0125,76.1388888888889,0.0,18.518541666666664,0.555
2022-10-18,2.3125,2.3875,73.9861111111111,0.0,18.752847222222226,0.6734722222222222
2022-10-19,3.0083333333333333,2.3125,72.8263888888889,0.0,18.852916666666665,0.57375
2022-10-20,2.5791666666666666,3.0083333333333333,71.39583333333333,0.0,18.43111111111111,0.7466666666666666
2022-10-21,2.166666666666667,2.5791666666666666,83.0763888888889,0.0,17.750208333333333,2.679027777777778
2022-10-22,1.4583333333333333,2.166666666666667,77.5486111111111,0.0,19.17826388888889,1.3397222222222223
2022-10-23,1.5083333333333333,1.4583333333333333,78.72222222222223,0.0,18.76236111111111,1.4134722222222222
2022-10-24,1.4958333333333331,1.5083333333333333,76.34027777777777,0.0,19.74451388888889,1.8631944444444444
2022-10-25,1.8666666666666667,1.4958333333333331,76.02777777777777,0.0,19.486527777777777,0.8827777777777777
2022-10-26,1.8833333333333333,1.8666666666666667,73.74305555555556,0.0,19.50625,0.6379166666666666
2022-10-27,2.5541666666666667,1.8833333333333333,76.33333333333333,0.0,18.464930555555554,0.5834722222222222
2022-10-28,3.0375,2.5541666666666667,73.2013888888889,0.0,17.730694444444445,0.5115972222222221
2022-10-29,3.0625,3.0375,73.13194444444444,0.0,17.64263888888889,0.5630555555555555
2022-10-30,2.6,3.0625,75.43055555555556,0.0,17.112777777777776,0.5092361111111111
2022-11-01,1.9416666666666669,3.25,83.9513888888889,0.4,15.312013888888888,0.6228472222222222
2022-11-03,1.4083333333333332,1.6958333333333333,93.15,1.8,14.677142857142856,1.3002142857142855
2022-11-04,1.1208333333333331,1.4083333333333332,74.6736111111111,1.0,13.518333333333333,1.8881944444444445
2022-11-05,2.1416666666666666,1.1208333333333331,61.77777777777778,0.0,12.947430555555556,0.7696527777777777
2022-11-06,2.9208333333333334,2.1416666666666666,62.36805555555556,0.0,11.349930555555556,0.4897222222222222
2022-11-07,3.416666666666667,2.9208333333333334,68.28472222222223,0.0,11.210069444444445,0.4979861111111111
2022-11-08,2.933333333333333,3.416666666666667,65.6875,0.0,12.968194444444444,0.5424305555555555
2022-11-09,3.066666666666667,2.933333333333333,88.125,0.4,12.506527777777777,0.5963888888888887
2022-11-10,2.6708333333333334,3.066666666666667,94.15277777777776,0.4,12.776388888888889,0.6804861111111111
2022-11-11,2.7125,2.6708333333333334,87.99305555555556,0.0,12.8825,0.6161805555555555
2022-11-12,2.6166666666666667,2.7125,89.4375,0.0,11.431180555555557,0.67875
2022-11-14,1.7625,2.3666666666666667,88.35416666666666,0.6,10.680347222222222,1.3186111111111112
2022-11-15,2.591666666666667,1.7625,95.49305555555556,0.2,8.704097222222222,0.65875
2022-11-16,1.475,2.591666666666667,91.52083333333331,0.4,10.322916666666666,0.7836111111111111
2022-11-17,2.6375,1.475,87.95833333333333,0.0,10.754861111111111,0.6397222222222222
2022-11-19,2.3833333333333333,1.9833333333333332,73.3263888888889,0.0,10.331041666666666,0.7664583333333334
2022-11-20,2.3125,2.3833333333333333,68.36805555555556,0.0,8.72236111111111,0.6336111111111111
2022-11-22,1.4041666666666668,3.1791666666666667,91.15277777777776,3.4,8.019166666666665,1.3395833333333331
2022-11-23,3.3,1.4041666666666668,76.3888888888889,0.0,8.033680555555556,0.7891666666666666
2022-11-24,3.3833333333333333,3.3,67.58333333333333,0.0,8.549930555555555,0.8017361111111111
2022-11-25,3.166666666666667,3.3833333333333333,75.4861111111111,0.0,9.159722222222223,1.1396527777777778
2022-11-27,2.9541666666666666,3.65,70.46527777777777,0.0,7.73298611111111,0.6580555555555555
2022-11-28,2.6791666666666667,2.9541666666666666,73.02083333333333,0.0,7.89486111111111,0.8234027777777777
2022-11-29,2.183333333333333,2.6791666666666667,77.5138888888889,0.0,6.927361111111111,0.7258333333333333
2022-11-30,3.029166666666667,2.183333333333333,88.0763888888889,0.0,5.5025,0.7046527777777777
2022-12-01,3.533333333333333,3.029166666666667,82.77777777777777,0.0,5.4284027777777775,0.5140277777777778
2022-12-02,3.166666666666667,3.533333333333333,77.59027777777777,0.0,7.315416666666666,1.2163194444444445
2022-12-03,2.2375,3.166666666666667,93.5,3.2,6.996944444444445,0.6398611111111111
2022-12-05,2.104166666666667,1.5625,98.02083333333331,0.6,8.282083333333333,1.5484722222222222
2022-12-06,3.033333333333333,2.104166666666667,86.79166666666666,0.0,5.551597222222222,0.5922222222222222
2022-12-07,3.825,3.033333333333333,89.63194444444444,0.0,3.6661111111111113,0.6174305555555555
2022-12-08,2.7625,3.825,87.75694444444444,0.0,4.803055555555556,0.5983333333333333
2022-12-09,2.0541666666666667,2.7625,96.83333333333331,1.2,4.677638888888889,1.0060416666666665
2022-12-10,1.3666666666666667,2.0541666666666667,94.0138888888889,0.0,4.215486111111111,1.1850694444444445
2022-12-11,1.9875,1.3666666666666667,80.36805555555556,0.0,4.039513888888889,1.140486111111111
2022-12-12,2.083333333333333,1.9875,84.03472222222223,0.0,2.461597222222222,0.9088194444444444
2022-12-13,2.05,2.083333333333333,83.97916666666666,0.0,2.2840277777777778,0.7602083333333333
2022-12-14,2.45,2.05,78.0486111111111,0.0,3.2504166666666667,0.735
2022-12-15,3.820833333333333,2.45,87.35416666666666,1.8,2.7394444444444446,0.8982638888888888
2022-12-16,2.441666666666667,3.820833333333333,95.09027777777776,0.2,3.5054166666666666,0.9929861111111112
2022-12-17,2.7125,2.441666666666667,96.53472222222223,0.0,4.963472222222222,1.2724305555555555
2022-12-18,2.629166666666667,2.7125,93.67361111111111,0.0,5.726527777777777,0.7234027777777777
2022-12-19,2.7333333333333334,2.629166666666667,90.47916666666666,0.0,5.195625,0.787986111111111
2022-12-20,2.75,2.7333333333333334,81.7638888888889,0.0,5.747430555555556,0.860625
2022-12-21,2.120833333333333,2.75,81.74305555555556,0.2,6.489583333333333,0.7585416666666666
2022-12-22,2.9458333333333333,2.120833333333333,81.6388888888889,0.0,7.609375,0.8103472222222222
2022-12-23,3.45,2.9458333333333333,86.85416666666666,0.0,8.219583333333333,0.7890277777777777
2022-12-24,3.625,3.45,90.52083333333331,0.0,8.86298611111111,0.9902777777777776
2022-12-25,2.3625,3.625,86.97916666666666,0.0,9.595972222222223,0.7938194444444444
2022-12-26,2.558333333333333,2.3625,90.5625,0.0,9.725694444444445,0.767361111111111
2022-12-27,3.191666666666667,2.558333333333333,89.09027777777777,0.0,8.806180555555555,0.9188888888888888
2022-12-28,2.8833333333333333,3.191666666666667,89.40277777777777,0.0,8.52763888888889,0.5072916666666666
2022-12-29,3.1125,2.8833333333333333,89.16666666666666,0.2,9.008472222222222,0.7488194444444444
2022-12-30,2.379166666666667,3.1125,96.48611111111111,0.2,8.484305555555554,0.7585416666666666
2023-02-10,2.3,1.5130434782608695,47.791666666666664,0.0,4.747474747474748,0.4873611111111111
2023-05-12,1.2166666666666668,0.9260869565217392,83.6736111111111,0.2,13.965625,1.5390972222222221
2023-05-13,0.8541666666666666,1.2166666666666668,70.40277777777777,0.0,15.589513888888888,1.6163194444444444
2023-05-14,0.6208333333333333,0.8541666666666666,74.0763888888889,0.6,15.300277777777776,1.6454861111111112
2023-05-15,1.0083333333333333,0.6208333333333333,66.20138888888889,0.0,17.58423611111111,1.2127777777777777
2023-05-16,1.1083333333333332,1.0083333333333333,68.9375,0.0,16.644861111111112,1.1034722222222222
2023-05-17,1.0625,1.1083333333333332,71.04166666666666,0.0,16.3625,1.1045138888888888
2023-05-18,1.2375,1.0625,63.31944444444445,0.0,17.169027777777774,1.3173611111111112
2023-05-19,1.6041666666666667,1.2375,78.06944444444444,1.0,15.3025,1.90375
2023-05-20,1.1916666666666669,1.6041666666666667,92.625,0.2,14.874791666666667,0.9565277777777776
2023-05-21,0.7958333333333333,1.1916666666666669,71.71527777777777,0.0,18.90958333333333,1.066736111111111
2023-05-22,1.075,0.7958333333333333,56.90209790209791,0.0,22.07566433566433,0.9757342657342656
2023-05-23,1.1333333333333333,1.075,52.22222222222222,0.0,23.43173611111111,0.8859722222222222
2023-05-24,1.0875,1.1333333333333333,63.111111111111114,1.8,20.843680555555554,1.370763888888889
2023-05-25,1.125,1.0875,67.97222222222223,0.0,20.446041666666662,1.867430555555556
2023-05-26,1.0541666666666667,1.125,59.44444444444445,0.0,22.751319444444444,0.9048611111111112
2023-05-27,1.3863636363636365,1.0541666666666667,57.607142857142854,0.2,23.34892857142857,2.5385
2023-05-28,0.7958333333333333,1.3863636363636365,64.50694444444444,0.2,22.327638888888888,1.3236805555555555
2023-05-29,0.7043478260869565,0.7958333333333333,58.10489510489511,2.0,22.28692307692308,1.0037762237762236
2023-05-30,1.4,0.7043478260869565,52.08391608391608,0.0,23.53223776223776,1.9951748251748247
2023-05-31,1.0166666666666666,1.4,55.27083333333333,0.0,21.978125,1.504236111111111
2023-06-01,0.875,1.0166666666666666,49.08333333333333,0.0,23.94361111111111,0.9398611111111111
2023-06-03,0.7083333333333333,0.7291666666666666,57.43055555555556,0.0,22.648263888888888,1.6253472222222223
2023-06-04,0.6375,0.7083333333333333,67.95138888888889,0.4,20.65513888888889,1.7986111111111112
2023-06-05,1.1291666666666669,0.6375,72.00694444444444,0.0,19.735555555555557,1.7021527777777778
2023-06-06,0.9916666666666666,1.1291666666666669,61.875,0.0,22.343333333333334,1.2989583333333332
2023-06-08,0.8545454545454545,0.7041666666666666,53.52083333333333,0.0,23.66236111111111,1.1663194444444445
2023-06-09,0.57,0.8545454545454545,59.013888888888886,0.0,23.244652777777777,1.1345138888888888
2023-06-10,0.45,0.57,62.388888888888886,0.0,23.420625,1.2515277777777778
2023-06-11,0.6708333333333333,0.45,60.77777777777778,0.2,24.427083333333332,1.5188194444444445
2023-06-12,0.6541666666666666,0.6708333333333333,58.867132867132874,0.0,24.31055944055944,1.3123776223776225
2023-06-13,0.8416666666666666,0.6541666666666666,64.03472222222223,0.0,22.248125,2.3446527777777777
2023-06-14,0.7666666666666666,0.8416666666666666,66.47916666666666,0.4,22.09375,1.580625
2023-06-15,0.9333333333333332,0.7666666666666666,58.298611111111114,0.0,23.700416666666666,1.1395833333333332
2023-06-16,0.95,0.9333333333333332,47.111111111111114,0.0,25.31861111111111,1.4555555555555555
2023-06-17,0.7208333333333333,0.95,41.854166666666664,0.0,25.879027777777775,1.4967361111111113
2023-06-18,0.6125,0.7208333333333333,46.18055555555556,0.0,25.723680555555557,1.1346527777777777
2023-06-20,0.5913043478260869,0.5521739130434782,39.57142857142857,0.0,27.347928571428568,1.3435714285714286
2023-06-21,0.7416666666666666,0.5913043478260869,41.38461538461537,0.0,27.751748251748246,1.393986013986014
2023-06-22,1.1916666666666669,0.7416666666666666,47.486111111111114,0.0,29.438819444444444,1.1994444444444443
2023-06-23,0.6958333333333333,1.1916666666666669,35.791666666666664,0.0,29.054027777777776,1.864375
2023-06-24,0.6208333333333333,0.6958333333333333,28.069444444444443,0.0,28.523125,1.2055555555555555
2023-06-25,0.7956521739130434,0.6208333333333333,40.79020979020979,0.0,27.714755244755246,2.2228671328671328
2023-06-26,0.8541666666666666,0.7956521739130434,42.692307692307686,0.0,29.21804195804196,1.1875524475524477
2023-06-27,0.7791666666666666,0.8541666666666666,43.89510489510489,0.0,29.744615384615383,1.166153846153846
2023-06-28,1.1125,0.7791666666666666,53.52777777777778,0.0,25.913819444444442,3.044236111111111
2023-06-29,0.9083333333333332,1.1125,45.38194444444445,0.0,25.74048611111111,2.116041666666667
2023-06-30,1.1583333333333332,0.9083333333333332,81.3263888888889,2.4,20.406736111111112,1.4986111111111111
2023-07-01,0.7458333333333333,1.1583333333333332,72.69444444444444,0.0,22.797083333333333,0.8978472222222222
2023-07-02,0.8625,0.7458333333333333,57.013888888888886,0.0,26.372708333333332,1.1170833333333332
2023-07-03,0.475,0.8625,54.3125,0.0,26.66201388888889,1.2729166666666667
2023-07-04,0.7458333333333333,0.475,58.9375,0.2,25.69,1.9821527777777777
2023-07-05,0.8125,0.7458333333333333,64.81944444444444,2.2,24.109583333333333,1.1844444444444444
2023-07-06,1.175,0.8125,66.70833333333333,2.8,22.991180555555555,2.1020138888888886
2023-07-08,0.7708333333333333,0.9958333333333332,48.479166666666664,0.0,27.813541666666666,1.2604861111111112
2023-07-09,0.7541666666666667,0.7708333333333333,49.52083333333333,0.0,29.215416666666663,0.9008333333333332
2023-07-10,0.9708333333333332,0.7541666666666667,48.96527777777778,0.0,30.997916666666665,0.8470833333333333
2023-07-11,0.8583333333333333,0.9708333333333332,45.47552447552448,0.0,31.649300699300696,1.2517482517482517
2023-07-12,0.9208333333333332,0.8583333333333333,55.25,0.4,27.774027777777775,1.7092361111111112
2023-07-13,0.8458333333333333,0.9208333333333332,65.86805555555556,0.0,25.590138888888887,1.2494444444444444
2023-07-16,0.8583333333333333,0.9125,51.75,0.0,29.987361111111113,0.9340277777777776
2023-07-17,0.4541666666666666,0.8583333333333333,51.44055944055944,0.0,30.34125874125874,1.4434965034965035
2023-07-18,0.7916666666666666,0.4541666666666666,59.52777777777778,0.0,30.204583333333332,1.2809722222222222
2023-07-19,0.6791666666666666,0.7916666666666666,60.0,0.0,30.537777777777777,1.2040277777777777
2023-07-20,0.8166666666666667,0.6791666666666666,59.791666666666664,0.0,28.282847222222223,1.6197916666666667
2023-07-21,1.3333333333333333,0.8166666666666667,67.58865248226951,0.8,25.251357142857145,1.9948936170212768
2023-07-24,1.025,0.7791666666666666,70.22916666666666,2.0,24.21013888888889,1.8000694444444445
2023-07-25,0.7347826086956522,1.025,71.42657342657343,3.2,23.832377622377624,1.1125874125874127
2023-07-26,0.5375,0.7347826086956522,26.251748251748246,0.0,25.476013986013985,1.8742657342657345
2023-07-29,0.417391304347826,1.0166666666666666,60.56643356643357,0.0,26.430069930069926,1.3016083916083916
2023-07-30,0.5291666666666666,0.417391304347826,68.14583333333333,1.0,25.516597222222224,0.9704861111111112
2023-07-31,1.1125,0.5291666666666666,60.513888888888886,0.0,27.378819444444446,1.9108333333333332
2023-08-01,0.8708333333333333,1.1125,62.638888888888886,0.0,26.100347222222226,1.3458333333333332
2023-08-02,1.0583333333333331,0.8708333333333333,59.86805555555556,0.0,26.164513888888887,2.0283333333333333
2023-08-03,0.7333333333333333,1.0583333333333331,54.69444444444445,0.0,27.21770833333333,1.252152777777778
2023-08-04,0.8583333333333333,0.7333333333333333,57.51048951048951,0.0,23.806713286713286,1.877692307692308
2023-08-05,0.7416666666666666,0.8583333333333333,60.875,0.0,22.75333333333333,1.8177083333333333
2023-08-06,0.4666666666666666,0.7416666666666666,36.87412587412587,0.0,24.963846153846156,1.9677622377622377
2023-08-07,0.3333333333333333,0.4666666666666666,21.833333333333332,0.0,23.86111111111111,2.219513888888889
2023-08-08,0.5791666666666666,0.3333333333333333,30.368055555555557,0.0,24.071527777777774,1.0450694444444444
2023-08-09,0.7272727272727272,0.5791666666666666,37.173611111111114,0.0,25.07486111111111,0.86625
2023-08-10,0.9958333333333332,0.7272727272727272,51.31468531468531,0.0,25.85013986013986,1.755034965034965
2023-08-11,0.9565217391304348,0.9958333333333332,53.37323943661972,0.0,26.817394366197185,1.6953521126760565
2023-08-12,0.6291666666666667,0.9565217391304348,49.986111111111114,0.0,28.00625,1.2620833333333332
2023-08-13,0.6,0.6291666666666667,50.236111111111114,0.0,29.07,1.5231944444444443
2023-08-14,0.7416666666666666,0.6,50.34027777777778,0.0,29.585972222222225,1.1475
2023-08-15,0.5583333333333333,0.7416666666666666,46.826388888888886,0.0,29.652291666666663,1.1198611111111112
2023-08-16,0.6125,0.5583333333333333,48.95104895104895,0.0,29.70153846153846,1.3865734265734266
2023-08-17,0.4041666666666666,0.6125,53.21678321678321,0.0,28.362657342657343,1.1634965034965037
2023-08-18,0.4304347826086956,0.4041666666666666,49.28671328671329,0.0,28.915804195804196,1.0202797202797205
2023-08-19,0.6416666666666666,0.4304347826086956,52.201388888888886,0.0,30.104236111111113,1.2077777777777778
2023-08-20,0.6083333333333333,0.6416666666666666,49.5625,0.0,31.086805555555557,1.5715277777777779
2023-08-21,0.6625,0.6083333333333333,46.166666666666664,0.0,31.694375,0.8326388888888888
2023-08-22,0.8375,0.6625,45.24475524475525,0.0,32.14090909090909,0.8585314685314684
2023-08-23,0.8416666666666666,0.8375,43.25874125874125,0.0,32.63076923076923,1.0008391608391607
2023-08-24,0.925,0.8416666666666666,43.69444444444445,0.0,32.683819444444445,1.2241666666666668
2023-08-25,0.7125,0.925,41.307692307692314,0.0,31.80104895104895,1.3355944055944056
2023-08-26,0.5695652173913043,0.7125,62.39160839160839,1.4,27.248181818181816,1.01993006993007
2023-08-27,0.6958333333333333,0.5695652173913043,77.79166666666666,1.8,22.860555555555557,2.453958333333333
2023-08-28,0.6,0.6958333333333333,81.72222222222223,2.8,19.234513888888888,2.4027777777777777
2023-08-29,0.8416666666666666,0.6,64.0,0.2,20.015972222222224,1.0338194444444444
2023-08-30,1.0041666666666667,0.8416666666666666,55.39160839160839,0.0,21.909020979020976,0.9293006993006993
2023-08-31,0.6458333333333333,1.0041666666666667,59.52777777777778,0.0,22.516388888888887,1.1272916666666668
2023-09-01,0.6541666666666666,0.6458333333333333,57.729166666666664,0.0,23.226458333333333,1.0909722222222222
2023-09-02,0.9416666666666667,0.6541666666666666,56.972027972027966,0.0,24.265454545454546,0.8164335664335663
2023-09-03,1.0916666666666668,0.9416666666666667,59.166666666666664,0.0,25.001458333333332,0.8959027777777777
2023-09-04,1.3166666666666669,1.0916666666666668,60.625,0.0,25.746875,1.8290972222222224
2023-09-05,1.6565217391304348,1.3166666666666669,49.71328671328671,0.0,23.56097902097902,2.083636363636364
2023-09-06,1.1875,1.6565217391304348,45.84027777777778,0.0,23.084444444444443,0.6785416666666666
2023-09-07,1.5875,1.1875,53.666666666666664,0.0,24.502430555555556,1.1213888888888888
2023-09-08,1.3521739130434784,1.5875,52.02083333333333,0.0,25.121180555555554,0.7817361111111111
2023-09-09,1.3625,1.3521739130434784,53.95070422535211,0.0,25.219718309859157,0.8097887323943661
2023-09-10,1.2416666666666667,1.3625,58.49650349650349,0.0,25.655524475524476,0.6519580419580419
2023-09-11,1.5291666666666668,1.2416666666666667,57.923611111111114,0.0,26.036666666666665,0.7222916666666666
2023-09-12,1.2,1.5291666666666668,54.75,0.0,25.641041666666663,1.015625
2023-09-14,1.2375,1.0958333333333332,72.34722222222223,0.0,22.851388888888888,0.9295138888888888
2023-09-15,1.0041666666666667,1.2375,78.31944444444444,4.2,21.270625,0.954375
2023-09-16,1.0875,1.0041666666666667,74.8611111111111,0.8,22.15125,1.1802083333333333
2023-09-17,0.6291666666666667,1.0875,77.55555555555556,0.0,22.57486111111111,0.7678472222222222
2023-09-19,1.3208333333333333,1.45,76.05555555555556,0.0,22.412847222222226,0.6122916666666666
2023-09-20,1.4541666666666668,1.3208333333333333,73.2638888888889,0.0,22.010555555555555,1.1805555555555556
2023-09-22,1.1083333333333332,1.2625,79.03472222222223,0.0,20.196458333333332,3.044236111111111
2023-09-23,0.825,1.1083333333333332,72.5,1.4,17.75326388888889,1.4961805555555556
2023-09-24,1.3217391304347825,0.825,56.04195804195804,0.0,18.114615384615384,0.6575524475524475
2023-09-25,1.5125,1.3217391304347825,59.138888888888886,0.0,19.096111111111114,0.9605555555555556
2023-09-26,1.7833333333333332,1.5125,62.24305555555556,0.0,20.198888888888888,0.7572916666666666
2023-09-27,1.7,1.7833333333333332,61.81944444444445,0.0,21.72875,0.7334027777777777
2023-09-29,2.2375,1.8333333333333333,62.22222222222222,0.0,21.675625,0.5529861111111111
2023-09-30,2.0458333333333334,2.2375,63.826388888888886,0.0,22.070277777777775,0.5295138888888888
2023-10-02,2.1125,1.8958333333333333,68.04861111111111,0.0,22.215694444444445,0.5254166666666666
2023-10-03,1.5666666666666669,2.1125,68.95138888888889,0.0,22.141111111111112,0.8084722222222221
2023-10-04,1.225,1.5666666666666669,70.41666666666666,0.0,21.679861111111112,1.3028472222222223
2023-10-05,1.4041666666666668,1.225,60.875,0.0,21.679583333333333,0.9608333333333332
2023-10-06,2.0375,1.4041666666666668,68.05555555555556,0.0,21.108541666666664,0.8592361111111111
2023-10-08,1.8583333333333332,1.5583333333333331,64.69444444444444,0.0,22.09625,0.9181944444444444
2023-10-09,1.55,1.8583333333333332,55.6875,0.0,22.805,1.0640277777777778
2023-10-10,1.5875,1.55,64.375,0.0,22.22208333333333,0.7928472222222221
2023-10-11,1.8541666666666667,1.5875,70.77083333333333,0.0,21.466944444444444,0.5346527777777778
2023-10-12,1.9583333333333333,1.8541666666666667,69.95138888888889,0.0,21.437152777777776,0.7248611111111111
2023-10-13,0.8083333333333333,1.9583333333333333,65.59722222222223,0.0,21.800972222222224,0.8711805555555555
2023-10-14,1.0833333333333333,0.8083333333333333,69.52083333333333,0.0,20.951805555555556,0.9657638888888888
2023-10-15,0.9541666666666666,1.0833333333333333,55.03472222222222,0.0,19.313888888888886,1.5940277777777778
2023-10-18,1.6708333333333332,1.8041666666666667,72.22916666666666,0.0,13.377569444444443,1.2224305555555557
2023-10-19,1.7,1.6708333333333332,96.05555555555556,0.4,12.763819444444444,0.75
2023-10-20,1.9833333333333332,1.7,93.61805555555556,2.0,15.862083333333333,2.1909722222222223
2023-10-21,1.9125,1.9833333333333332,79.4513888888889,0.0,17.524166666666666,1.3455555555555556
2023-10-22,1.025,1.9125,78.36805555555556,0.4,16.427291666666665,0.7209722222222222
2023-10-23,1.9208333333333332,1.025,80.3263888888889,0.0,15.837916666666667,0.7063888888888888
2023-10-24,1.45,1.9208333333333332,95.99305555555556,1.4,14.475972222222222,0.8526388888888888
2023-10-27,1.8583333333333332,1.825,83.8263888888889,1.6,16.174305555555556,1.3336111111111113
2023-10-28,2.620833333333333,1.8583333333333332,78.77777777777777,0.0,14.936041666666666,0.860625
2023-10-29,1.4458333333333333,2.620833333333333,83.88194444444444,0.2,14.792152777777776,2.089166666666667
2023-10-30,1.6166666666666667,1.4458333333333333,98.27777777777776,1.8,14.904166666666667,1.4885416666666669
2023-10-31,1.2958333333333332,1.6166666666666667,80.5625,4.8,14.232708333333331,1.8145833333333332
2023-11-01,1.9916666666666667,1.2958333333333332,81.47222222222223,0.0,12.356180555555556,1.2626388888888889
2023-11-02,1.3666666666666667,1.9916666666666667,98.42361111111111,2.4,11.878125,2.289930555555556
2023-11-03,2.03,1.3666666666666667,81.69444444444444,4.2,11.850694444444445,1.3978472222222222
2023-11-05,0.9,2.15,82.66666666666666,1.0,10.752569444444443,1.0265972222222222
2023-11-06,3.120833333333333,0.9,81.95833333333333,0.0,11.471319444444443,1.0022222222222221
2023-11-07,2.2583333333333333,3.120833333333333,80.30555555555556,0.0,12.158125,0.9884722222222222
2023-11-08,2.520833333333333,2.2583333333333333,74.80555555555556,0.0,10.282916666666665,0.5350694444444444
2023-11-09,2.4458333333333333,2.520833333333333,86.04166666666666,0.6,8.884097222222222,0.7590972222222222
2023-11-10,1.2333333333333332,2.4458333333333333,85.6875,0.0,9.386041666666666,0.9990972222222222
2023-11-11,1.6375,1.2333333333333332,71.0625,0.0,9.491180555555555,1.129375
2023-11-12,1.7916666666666667,1.6375,72.36805555555556,0.0,9.298958333333331,1.0048611111111112
2023-11-13,3.029166666666667,1.7916666666666667,75.75694444444444,0.0,9.775,0.7295833333333333
2023-11-14,2.5541666666666667,3.029166666666667,83.30555555555556,0.0,11.502083333333331,0.7228472222222222
2023-11-15,2.0541666666666667,2.5541666666666667,81.81944444444444,0.0,12.311388888888889,1.3822222222222222
2023-11-16,2.995833333333333,2.0541666666666667,64.63194444444444,0.0,11.401666666666666,0.726875
2023-11-17,1.5958333333333332,2.995833333333333,47.59027777777778,0.0,12.159930555555556,1.9438888888888888
2023-11-19,2.4833333333333334,1.8458333333333332,62.99305555555556,0.0,10.23625,0.5840277777777777
2023-11-20,3.3291666666666666,2.4833333333333334,76.96527777777777,0.0,9.281736111111112,0.974375
2023-11-21,2.1875,3.3291666666666666,75.19444444444444,0.0,11.039444444444444,0.9706944444444444
2023-11-22,2.9833333333333334,2.1875,71.53472222222223,0.0,9.965902777777776,0.7000694444444444
2023-11-23,3.1333333333333333,2.9833333333333334,70.40559440559441,0.0,9.107552447552449,0.6466433566433566
2023-11-24,2.854166666666667,3.1333333333333333,60.97222222222222,0.0,9.648819444444445,1.075
2023-11-25,0.75,2.854166666666667,26.777777777777775,0.0,8.92861111111111,1.9575694444444445
2023-11-26,1.0958333333333332,0.75,35.19444444444444,0.0,8.072847222222222,1.4683333333333333
2023-11-27,2.354166666666667,1.0958333333333332,59.84027777777778,0.0,5.880347222222222,1.0201388888888887
2023-11-28,1.6333333333333333,2.354166666666667,69.41666666666666,0.2,6.558402777777777,1.7275694444444445
2023-11-29,2.395833333333333,1.6333333333333333,47.361111111111114,0.0,7.44173611111111,1.1393055555555556
2023-11-30,1.6458333333333333,2.395833333333333,87.86805555555556,0.4,4.860277777777777,0.7740277777777776
2023-12-01,2.1333333333333333,1.6458333333333333,98.97916666666666,0.6,5.467847222222223,0.8882638888888889
2023-12-02,1.4625,2.1333333333333333,64.86111111111111,0.2,8.07402777777778,1.762708333333333
2023-12-03,1.95,1.4625,62.78472222222222,0.0,5.573055555555556,0.7442361111111111
2023-12-05,1.9375,2.3916666666666666,84.7013888888889,0.0,3.5802777777777774,0.8284722222222222
2023-12-06,3.1125,1.9375,79.7361111111111,0.0,4.054652777777777,0.6327777777777777
2023-12-08,2.379166666666667,4.729166666666666,82.4375,0.2,4.515138888888889,0.7522222222222222
2023-12-09,1.4583333333333333,2.379166666666667,94.29861111111111,0.2,3.886944444444445,0.8834722222222222
2023-12-10,1.9125,1.4583333333333333,92.5,0.0,5.497361111111111,1.3283333333333331
2023-12-11,1.4777777777777779,1.9125,94.7638888888889,0.0,6.180902777777778,0.9193055555555556
2023-12-14,2.525,2.5777777777777775,91.5138888888889,0.0,7.728194444444445,0.7402777777777777
2023-12-16,2.9375,4.829166666666667,73.46527777777777,0.0,6.397638888888888,0.7918055555555555
2023-12-17,2.8291666666666666,2.9375,84.63194444444444,0.0,4.185,0.8376388888888888
2023-12-18,3.291666666666667,2.8291666666666666,80.40972222222223,0.0,6.099375,0.6754861111111111
2023-12-22,1.6791666666666667,3.7545454545454553,42.09722222222222,0.0,12.78,1.7630555555555556
2023-12-23,1.2791666666666668,1.6791666666666667,44.52777777777778,0.0,13.371666666666666,1.6047222222222222
2023-12-26,2.029166666666667,1.6,80.6388888888889,0.0,10.437847222222222,0.7405555555555555
2023-12-27,2.8875,2.029166666666667,78.95833333333333,0.0,9.804236111111113,0.5431944444444444
2023-12-28,2.8625,2.8875,76.99305555555556,0.0,9.622777777777776,0.5460416666666666
2023-12-29,2.120833333333333,2.8625,74.15277777777777,0.0,9.200902777777776,0.7578472222222222
2023-12-30,2.0458333333333334,2.120833333333333,73.75,0.0,9.42513888888889,0.7131944444444444
2023-12-31,1.975,2.0458333333333334,95.02777777777776,0.8,7.916597222222222,1.390486111111111
2024-01-01,2.0,1.975,93.98611111111111,0.0,6.169652777777777,0.9823611111111112
