data,NO2,NO2_dayb,Humidity,Rain,Temp,Wind
2021-01-10,65.45,72.15416666666665,67.50694444444444,0.0,2.118055555555556,0.5271527777777777
2021-01-11,72.84583333333333,65.45,68.98611111111111,0.0,2.6046067415730336,0.7341666666666666
2021-01-12,69.1375,72.84583333333333,72.38194444444444,0.0,2.7390361445783133,0.9703472222222222
2021-01-13,63.7125,69.1375,66.45138888888889,0.0,5.095555555555556,1.3570138888888887
2021-01-14,64.25416666666666,63.7125,68.65972222222223,0.0,4.314930555555556,1.882083333333333
2021-01-15,59.99583333333333,64.25416666666666,57.56944444444445,0.0,5.579583333333333,1.4434722222222223
2021-01-16,56.97083333333333,59.99583333333333,66.13194444444444,0.0,2.875277777777778,0.5890972222222222
2021-01-17,53.74583333333333,56.97083333333333,74.9236111111111,0.0,2.384930555555556,1.0116666666666667
2021-01-18,59.9875,53.74583333333333,84.55555555555556,0.0,1.3920909090909093,0.6041666666666666
2021-01-19,88.3125,59.9875,87.13194444444444,0.0,3.1664367816091956,0.509375
2021-01-20,57.23333333333333,88.3125,95.79166666666666,0.2,2.7177083333333334,0.9954861111111112
2021-01-21,52.883333333333326,57.23333333333333,98.43055555555556,0.8,3.429791666666667,0.7194444444444444
2021-01-23,38.90833333333333,49.695833333333326,83.80555555555556,0.8,7.072847222222222,1.3370138888888887
2021-01-24,41.12083333333333,38.90833333333333,72.81944444444444,0.0,5.563958333333333,0.8338888888888888
2021-01-25,64.54166666666666,41.12083333333333,49.13986013986013,0.0,4.94062937062937,1.002097902097902
2021-01-26,36.23333333333333,64.54166666666666,27.183098591549292,0.0,6.251970802919708,1.638732394366197
2021-01-27,74.05416666666666,36.23333333333333,44.423611111111114,0.0,4.5060416666666665,0.7014583333333333
2021-01-28,59.30416666666667,74.05416666666666,70.3986013986014,0.0,5.14944055944056,1.0517482517482517
2021-01-29,59.820833333333326,59.30416666666667,78.27777777777777,0.0,4.987430555555556,1.2364583333333332
2021-01-31,36.3125,56.49583333333333,84.84027777777777,0.4,7.3460416666666655,1.0468055555555555
2021-02-01,36.89411764705881,36.3125,75.59722222222223,0.0,6.960902777777777,1.5202777777777778
2021-02-04,61.59583333333333,69.04444444444445,92.36805555555556,0.2,8.10611111111111,0.9359027777777776
2021-02-05,59.99583333333333,61.59583333333333,94.86111111111111,0.6,8.784583333333332,0.7429166666666666
2021-02-06,54.65416666666666,59.99583333333333,91.5,0.0,9.436527777777776,1.2255555555555555
2021-02-07,38.2125,54.65416666666666,97.77777777777776,5.2,8.03826388888889,1.433125
2021-02-09,64.30833333333332,52.079166666666666,84.09027777777777,0.2,8.825347222222222,0.78375
2021-02-10,52.6625,64.30833333333332,94.25,1.2,7.671944444444445,1.6938888888888888
2021-02-12,40.02083333333333,56.725,59.611111111111114,0.0,4.17671875,3.6046527777777775
2021-02-13,34.825,40.02083333333333,51.8125,0.0,1.2844155844155845,2.0440277777777776
2021-02-14,43.695833333333326,34.825,54.90972222222222,0.0,3.592637362637362,0.9491666666666666
2021-02-16,66.02916666666667,73.2375,62.58333333333333,0.0,6.216666666666667,0.9823611111111112
2021-02-17,53.4875,66.02916666666667,74.15277777777777,0.0,9.046111111111111,1.0971527777777779
2021-02-18,60.445833333333326,53.4875,72.9236111111111,0.0,8.659791666666665,1.195625
2021-02-19,59.36666666666667,60.445833333333326,91.15277777777776,0.0,9.55263888888889,0.6452777777777777
2021-02-20,51.55,59.36666666666667,85.00694444444444,0.0,10.543611111111112,0.6431944444444444
2021-02-21,44.666666666666664,51.55,79.0625,0.0,10.783472222222223,1.2810416666666669
2021-02-22,57.81666666666666,44.666666666666664,73.77777777777777,0.0,11.417986111111112,0.8629166666666666
2021-02-23,62.53333333333333,57.81666666666666,68.61111111111111,0.0,11.919930555555556,0.6164583333333333
2021-02-24,75.74583333333332,62.53333333333333,61.40277777777778,0.0,13.235069444444443,0.5088194444444444
2021-02-25,84.12916666666666,75.74583333333332,58.53472222222222,0.0,13.718472222222221,0.5229166666666666
2021-02-27,58.729166666666664,78.70416666666665,57.90972222222222,0.0,13.665416666666665,1.8650694444444444
2021-02-28,23.954166666666666,58.729166666666664,49.638888888888886,0.0,10.690138888888889,2.208263888888889
2021-03-01,57.60833333333333,23.954166666666666,52.9375,0.0,10.464166666666666,0.5457638888888888
2021-03-02,72.10833333333333,57.60833333333333,51.39583333333333,0.0,10.922708333333333,0.8101388888888889
2021-03-03,70.39166666666667,72.10833333333333,56.263888888888886,0.0,10.625208333333331,0.5763194444444444
2021-03-05,42.34583333333333,49.34166666666666,61.076388888888886,0.0,11.965486111111112,0.8184722222222222
2021-03-06,26.183333333333334,42.34583333333333,69.41666666666666,0.2,8.35875,3.0861111111111112
2021-03-07,32.27083333333333,26.183333333333334,55.40972222222222,0.0,7.826041666666666,0.8524305555555555
2021-03-08,49.39583333333333,32.27083333333333,62.673611111111114,0.0,8.270833333333332,1.3477777777777777
2021-03-09,42.704166666666666,49.39583333333333,61.65972222222222,0.0,9.273611111111112,1.1230555555555557
2021-03-11,64.89166666666667,50.17083333333333,58.34722222222222,0.0,9.771458333333332,0.9320833333333332
2021-03-13,44.70833333333333,48.48333333333333,65.02083333333333,0.0,11.528402777777776,0.9946527777777776
2021-03-14,19.958333333333332,44.70833333333333,40.30555555555556,0.0,11.435347222222221,2.178611111111111
2021-03-15,25.991666666666664,19.958333333333332,42.59722222222222,0.0,10.812638888888888,1.5996527777777778
2021-03-16,18.22083333333333,25.991666666666664,21.13888888888889,0.0,11.704375,2.2125694444444446
2021-03-19,35.2375,37.579166666666666,53.611111111111114,0.0,6.895416666666667,2.076041666666667
2021-03-20,34.775,35.2375,51.916666666666664,0.0,6.814166666666666,1.2508333333333332
2021-03-21,17.441666666666666,34.775,38.875,0.0,6.479513888888889,1.2656944444444445
2021-03-22,48.675,17.441666666666666,35.59722222222222,0.0,9.718055555555555,0.7920833333333333
2021-03-24,55.95,34.15833333333333,49.02777777777778,0.0,11.969166666666666,0.5972222222222222
2021-03-25,46.9625,55.95,55.72222222222222,0.0,13.229097222222222,0.7860416666666666
2021-03-27,29.325,37.64583333333333,66.20138888888889,0.0,13.748402777777777,0.8931944444444444
2021-03-28,29.5625,29.325,62.25694444444445,0.0,14.447777777777777,0.7313194444444444
2021-03-30,60.768181818181816,42.89583333333333,53.5625,0.0,17.895833333333332,0.8160416666666666
2021-03-31,82.0375,60.768181818181816,51.13194444444445,0.0,18.919097222222224,0.5853472222222222
2021-04-01,62.7375,82.0375,42.56944444444445,0.0,19.773333333333333,0.8000694444444444
2021-04-02,38.75416666666666,62.7375,36.27777777777778,0.0,19.420486111111114,1.2525694444444444
2021-04-03,25.491666666666664,38.75416666666666,51.61805555555556,0.0,15.710347222222222,3.3334027777777777
2021-04-04,20.258333333333333,25.491666666666664,45.25694444444445,0.0,12.84125,2.4996527777777775
2021-04-05,20.875,20.258333333333333,43.423611111111114,0.0,12.280069444444443,1.6093055555555555
2021-04-06,36.258333333333326,20.875,51.263888888888886,0.0,9.764861111111111,2.7221527777777776
2021-04-07,35.0,36.258333333333326,35.40972222222222,0.0,7.897152777777779,1.6195833333333332
2021-04-08,43.2375,35.0,33.55555555555556,0.0,10.389097222222222,1.2690277777777779
2021-04-11,35.416666666666664,41.60833333333333,90.41666666666666,2.6,9.759305555555555,1.211666666666667
2021-04-12,48.475,35.416666666666664,82.81944444444444,2.2,10.594722222222222,1.0743055555555556
2021-04-13,44.05,48.475,56.625,0.0,11.041666666666666,1.2366666666666668
2021-04-14,50.14583333333333,44.05,52.56944444444445,0.0,10.209097222222223,1.7243055555555555
2021-04-15,43.27916666666666,50.14583333333333,59.28472222222222,0.0,8.968680555555554,2.743680555555556
2021-04-16,59.825,43.27916666666666,51.423611111111114,0.0,10.101111111111113,1.4471527777777777
2021-04-18,40.508333333333326,55.1090909090909,53.22222222222222,0.0,11.79875,1.4549305555555556
2021-04-19,59.775,40.508333333333326,52.875,0.0,12.899513888888889,0.9586805555555556
2021-04-20,49.320833333333326,59.775,49.25,0.4,14.409166666666666,1.1980555555555557
2021-04-22,57.0625,37.0125,58.763888888888886,0.0,15.133541666666666,1.1049305555555555
2021-04-23,54.94166666666666,57.0625,56.09027777777778,0.0,16.398680555555558,1.6610416666666667
2021-04-24,49.58333333333333,54.94166666666666,48.27083333333333,0.0,17.922430555555557,1.1350694444444445
2021-04-25,28.73333333333333,49.58333333333333,42.21527777777778,0.0,18.829305555555557,1.2326388888888888
2021-04-26,50.65416666666666,28.73333333333333,58.611111111111114,0.2,15.271458333333332,1.8038194444444444
2021-04-27,48.725,50.65416666666666,75.20833333333333,0.0,12.8925,1.6760416666666669
2021-04-28,45.74583333333333,48.725,66.16666666666666,0.0,15.175,1.1367361111111112
2021-04-29,60.854166666666664,45.74583333333333,91.10416666666666,0.2,14.108402777777776,1.5020138888888888
2021-04-30,59.075,60.854166666666664,81.4861111111111,0.0,15.779027777777776,1.1397916666666668
2021-05-01,42.854166666666664,59.075,89.66666666666666,4.4,14.824027777777776,1.7121527777777779
2021-05-02,24.325,42.854166666666664,66.70138888888889,0.4,15.8775,1.5484027777777778
2021-05-03,41.8,24.325,54.95833333333333,0.0,15.637777777777776,1.8125694444444445
2021-05-04,44.75416666666666,41.8,53.25,0.0,16.00208333333333,1.1994444444444443
2021-05-05,44.49166666666667,44.75416666666666,64.22916666666666,0.0,16.033472222222223,0.9309027777777776
2021-05-06,56.475,44.49166666666667,57.05555555555556,0.0,16.356666666666666,2.0121527777777777
2021-05-07,38.133333333333326,56.475,48.451388888888886,0.0,19.065902777777776,1.5990972222222222
2021-05-08,39.10833333333333,38.133333333333326,46.46527777777778,0.0,17.55333333333333,1.7896527777777778
2021-05-09,38.37916666666666,39.10833333333333,54.638888888888886,0.0,18.789166666666663,1.1504166666666669
2021-05-10,52.416666666666664,38.37916666666666,54.59722222222222,0.0,19.052222222222223,1.5636805555555555
2021-05-11,51.29583333333333,52.416666666666664,90.2013888888889,1.2,14.405,2.720625
2021-05-12,33.625,51.29583333333333,64.88194444444444,0.0,16.914930555555557,1.1656944444444444
2021-05-13,31.425,33.625,58.36805555555556,0.0,17.160902777777775,1.720902777777778
2021-05-14,45.94166666666666,31.425,76.02083333333333,0.4,14.482013888888888,1.3396527777777778
2021-05-15,47.67916666666667,45.94166666666666,76.11805555555556,0.0,14.183055555555557,0.7173611111111111
2021-05-16,42.54583333333333,47.67916666666667,75.85416666666666,0.0,15.2725,0.8542361111111111
2021-05-17,40.854166666666664,42.54583333333333,52.74305555555556,0.2,18.345416666666665,1.237847222222222
2021-05-20,37.75,40.3875,33.50694444444444,0.0,19.32326388888889,1.1645138888888888
2021-05-21,36.9,37.75,41.28472222222222,0.0,18.337569444444444,1.444375
2021-05-22,36.229166666666664,36.9,67.52083333333333,0.2,16.86888888888889,1.3942361111111112
2021-05-23,22.804166666666664,36.229166666666664,51.70833333333333,0.0,20.04125,1.1161111111111113
2021-05-24,39.079166666666666,22.804166666666664,87.2013888888889,2.0,14.591180555555557,1.6405555555555555
2021-05-25,32.483333333333334,39.079166666666666,58.076388888888886,0.0,18.073055555555555,1.4077083333333331
2021-05-26,32.89583333333333,32.483333333333334,54.36805555555556,0.0,18.26361111111111,1.5115972222222223
2021-05-27,26.383333333333333,32.89583333333333,49.38194444444445,0.0,20.474444444444444,1.1165972222222222
2021-05-28,29.466666666666665,26.383333333333333,52.111111111111114,0.0,21.134027777777774,1.7822222222222222
2021-05-29,22.316666666666663,29.466666666666665,46.75694444444445,0.0,21.6625,2.364375
2021-05-30,9.79583333333333,22.316666666666663,48.104166666666664,0.0,20.670902777777776,2.3441666666666667
2021-05-31,11.195833333333333,9.79583333333333,44.6875,0.0,20.314722222222223,2.36375
2021-06-01,14.654166666666667,11.195833333333333,45.64583333333333,0.0,21.88951388888889,1.808680555555556
2021-06-02,7.516666666666666,14.654166666666667,45.03472222222222,0.0,21.507638888888888,1.7077083333333332
2021-06-03,10.0125,7.516666666666666,44.97222222222222,0.0,23.844722222222224,1.0443055555555556
2021-06-04,11.475,10.0125,37.666666666666664,0.0,24.982152777777777,1.0372222222222223
2021-06-05,10.079166666666666,11.475,52.25694444444445,2.2,22.995277777777776,1.0169444444444444
2021-06-07,6.0,7.066666666666666,81.63194444444444,0.8,20.162291666666665,0.9163194444444444
2021-06-10,39.36666666666667,31.2,51.4375,0.0,24.796597222222225,1.6168055555555556
2021-06-12,22.9875,35.704166666666666,55.104166666666664,0.0,25.654861111111114,1.1108333333333331
2021-06-13,15.325,22.9875,43.104166666666664,0.0,28.884305555555557,1.5297916666666669
2021-06-14,31.508333333333333,15.325,51.71527777777778,0.0,27.261319444444442,2.7486111111111113
2021-06-16,42.37916666666666,25.054166666666664,52.70833333333333,0.0,26.027777777777775,2.02375
2021-06-17,32.02083333333333,42.37916666666666,53.65972222222222,0.0,27.535347222222224,1.2003472222222222
2021-06-18,27.0125,32.02083333333333,45.27083333333333,0.0,28.042847222222225,1.1260416666666668
2021-06-19,18.054166666666664,27.0125,41.666666666666664,0.0,26.966527777777777,1.3046527777777779
2021-06-20,18.65833333333333,18.054166666666664,52.58333333333333,0.0,25.84875,1.1645138888888888
2021-06-21,17.675,18.65833333333333,54.75,0.0,26.730694444444445,1.3043055555555556
2021-06-22,18.8875,17.675,52.479166666666664,0.0,25.72048611111111,1.1542361111111112
2021-06-23,24.179166666666664,18.8875,55.25694444444445,0.0,24.984791666666663,1.1206944444444444
2021-06-24,25.808333333333334,24.179166666666664,48.72222222222222,0.0,24.841458333333332,1.3127777777777778
2021-06-25,21.5,25.808333333333334,46.90277777777778,0.0,24.394305555555555,1.6497916666666668
2021-06-27,35.608333333333334,24.9125,45.604166666666664,0.0,27.640833333333333,1.0878472222222222
2021-06-28,48.0,35.608333333333334,43.14583333333333,0.0,29.050277777777776,1.883541666666667
2021-06-29,31.25,48.0,45.56944444444445,0.0,27.1825,1.7277777777777779
2021-06-30,31.675,31.25,52.28472222222222,0.0,25.230416666666663,1.4859027777777778
2021-07-02,33.95,25.066666666666663,43.47222222222222,0.0,26.558055555555555,1.7647916666666668
2021-07-03,34.579166666666666,33.95,52.45833333333333,0.0,26.359930555555557,1.5352777777777777
2021-07-04,24.645833333333332,34.579166666666666,80.33333333333333,2.0,21.54958333333333,1.1239583333333332
2021-07-05,34.7,24.645833333333332,60.08333333333333,0.0,23.85020833333333,0.9121527777777776
2021-07-07,39.4625,42.008333333333326,57.736111111111114,0.0,26.690347222222226,1.4829166666666669
2021-07-08,37.725,39.4625,72.78472222222223,2.4,22.85395833333333,1.5540972222222222
2021-07-09,26.97083333333333,37.725,51.798611111111114,0.0,23.682222222222222,1.555972222222222
2021-07-10,40.141666666666666,26.97083333333333,44.61805555555556,0.0,26.16708333333333,1.1724305555555556
2021-07-11,22.79583333333333,40.141666666666666,48.479166666666664,0.0,26.129583333333333,1.234375
2021-07-12,37.19166666666666,22.79583333333333,53.59722222222222,0.0,26.953819444444445,1.3327777777777778
2021-07-13,33.81666666666666,37.19166666666666,63.43055555555556,0.4,24.512708333333332,3.226180555555556
2021-07-14,36.67083333333333,33.81666666666666,62.513888888888886,0.6,20.892430555555556,1.0122222222222221
2021-07-15,28.03333333333333,36.67083333333333,60.86805555555556,0.0,22.32263888888889,0.9430555555555556
2021-07-16,29.004166666666663,28.03333333333333,59.33333333333333,0.0,23.35673611111111,1.2151388888888888
2021-07-17,21.379166666666663,29.004166666666663,56.701388888888886,0.0,25.939444444444444,1.6334722222222222
2021-07-18,32.24166666666667,21.379166666666663,54.479166666666664,0.0,27.504444444444445,1.0574305555555557
2021-07-19,27.041666666666664,32.24166666666667,44.90972222222222,0.0,28.761180555555555,1.3681944444444445
2021-07-20,26.708333333333332,27.041666666666664,42.59027777777778,0.0,29.148263888888888,1.509097222222222
2021-07-21,27.5625,26.708333333333332,46.28472222222222,0.0,28.862361111111113,1.5498611111111111
2021-07-23,22.5375,29.9,54.89583333333333,0.0,27.504097222222224,1.4910416666666668
2021-07-24,25.729166666666664,22.5375,59.048611111111114,0.0,27.809791666666666,2.110625
2021-07-25,15.991666666666665,25.729166666666664,65.98611111111111,0.0,25.501666666666665,2.1990972222222225
2021-07-26,25.729166666666664,15.991666666666665,72.29166666666666,1.4,23.019791666666663,1.4070138888888888
2021-07-27,24.5375,25.729166666666664,71.6875,0.0,24.013055555555557,1.912430555555556
2021-07-28,26.125,24.5375,66.3125,0.0,24.687708333333333,1.621527777777778
2021-07-30,28.495833333333334,18.85833333333333,60.11805555555556,0.0,26.869166666666665,1.070625
2021-07-31,16.079166666666666,28.495833333333334,65.10416666666666,0.0,25.969930555555557,1.3482638888888887
2021-08-01,12.170833333333333,16.079166666666666,72.3611111111111,1.6,22.318541666666665,1.1795138888888888
2021-08-03,24.53333333333333,25.6,60.576388888888886,0.0,23.18263888888889,1.2927083333333331
2021-08-04,29.2,24.53333333333333,78.52083333333333,0.8,21.497569444444444,1.5380555555555555
2021-08-05,13.920833333333333,29.2,66.48611111111111,0.0,23.118194444444445,1.7804166666666668
2021-08-06,13.704166666666666,13.920833333333333,56.86805555555556,0.0,24.87375,1.0649305555555555
2021-08-07,17.554166666666667,13.704166666666666,62.541666666666664,0.0,24.958055555555557,1.2295138888888888
2021-08-08,14.65,17.554166666666667,56.375,0.0,26.289444444444445,1.0263194444444443
2021-08-09,16.316666666666666,14.65,51.00694444444445,0.0,26.22375,0.88
2021-08-10,23.8375,16.316666666666666,53.486111111111114,0.0,27.125277777777775,0.9255555555555556
2021-08-11,24.129166666666663,23.8375,54.125,0.0,28.307777777777776,0.7952083333333333
2021-08-12,21.604166666666664,24.129166666666663,51.104166666666664,0.0,29.529305555555556,1.0234027777777779
2021-08-13,21.204166666666666,21.604166666666664,52.59722222222222,0.0,30.371597222222224,1.0856944444444443
2021-08-14,18.9,21.204166666666666,50.27083333333333,0.0,30.52638888888889,0.8359027777777777
2021-08-15,13.233333333333333,18.9,46.96527777777778,0.0,30.55173611111111,1.2159027777777778
2021-08-16,13.15,13.233333333333333,49.27083333333333,0.4,27.759027777777774,1.3770138888888888
2021-08-17,16.6875,13.15,35.625,0.0,26.710347222222225,1.7164583333333332
2021-08-18,16.529166666666665,16.6875,46.361111111111114,0.0,25.18145833333333,2.221180555555556
2021-08-19,20.15,16.529166666666665,44.75,0.0,25.301527777777775,1.6260416666666668
2021-08-20,21.125,20.15,46.0625,0.0,26.312222222222225,1.0854166666666667
2021-08-21,20.554166666666664,21.125,47.541666666666664,0.0,27.275069444444444,1.0078472222222221
2021-08-22,11.6625,20.554166666666664,53.041666666666664,0.0,26.77125,1.2253472222222221
2021-08-23,15.108333333333333,11.6625,67.375,0.0,24.615,2.4595833333333332
2021-08-24,18.5375,15.108333333333333,54.513888888888886,0.0,24.4475,1.3309722222222222
2021-08-25,22.59583333333333,18.5375,51.99305555555556,0.0,23.854375,1.3803472222222222
2021-08-27,20.683333333333334,17.416666666666664,63.27777777777778,0.0,21.46673611111111,2.9586111111111113
2021-08-28,16.954166666666666,20.683333333333334,52.44444444444445,0.0,21.593333333333334,1.475
2021-08-29,18.179166666666664,16.954166666666666,47.90277777777778,0.0,21.932916666666664,1.3038888888888889
2021-08-30,19.97083333333333,18.179166666666664,50.84027777777778,0.0,22.597847222222224,1.5316666666666667
2021-08-31,23.92083333333333,19.97083333333333,61.90972222222222,0.2,21.8325,1.4659722222222222
2021-09-01,31.525,23.92083333333333,54.791666666666664,0.0,23.1025,0.981875
2021-09-02,33.729166666666664,31.525,51.27777777777778,0.0,23.918541666666663,2.103333333333333
2021-09-03,29.4125,33.729166666666664,45.06944444444445,0.0,23.663680555555555,1.3873611111111113
2021-09-04,27.816666666666663,29.4125,50.18055555555556,0.0,23.703402777777775,1.2388888888888887
2021-09-05,24.266666666666666,27.816666666666663,51.548611111111114,0.0,24.11923611111111,1.2959027777777778
2021-09-06,30.833333333333332,24.266666666666666,46.45833333333333,0.0,24.3875,1.2809722222222222
2021-09-07,38.36666666666667,30.833333333333332,44.77777777777778,0.0,24.14701388888889,1.2559722222222223
2021-09-08,40.73333333333333,38.36666666666667,40.875,0.0,24.259166666666665,1.8779861111111111
2021-09-09,34.5,40.73333333333333,40.729166666666664,0.0,23.973402777777775,1.3144444444444443
2021-09-11,36.75,38.69166666666666,51.5,0.0,24.160555555555558,0.7992361111111111
2021-09-12,34.854166666666664,36.75,49.125,0.0,24.423333333333332,0.861111111111111
2021-09-13,37.59166666666666,34.854166666666664,47.6056338028169,0.0,24.783402777777777,0.7802083333333333
2021-09-14,40.131818181818176,37.59166666666666,59.861111111111114,0.0,24.040277777777774,0.89125
2021-09-15,36.9125,40.131818181818176,67.33333333333333,0.0,23.589861111111112,0.9458333333333332
2021-09-16,48.39583333333333,36.9125,82.4236111111111,3.0,21.99888888888889,1.225625
2021-09-17,50.14583333333333,48.39583333333333,75.27083333333333,0.0,22.190902777777776,0.9511805555555556
2021-09-18,50.6375,50.14583333333333,72.84027777777777,0.2,22.534236111111113,1.5694444444444444
2021-09-19,33.670833333333334,50.6375,77.13194444444444,1.0,19.132777777777775,2.597430555555556
2021-09-20,52.67083333333333,33.670833333333334,63.354166666666664,0.8,18.286458333333332,1.3424305555555556
2021-09-21,48.675,52.67083333333333,68.59027777777777,0.0,18.763194444444444,1.0988888888888888
2021-09-22,57.4875,48.675,64.34722222222223,0.0,19.555138888888887,1.3219444444444444
2021-09-23,53.1375,57.4875,60.14583333333333,0.0,19.832430555555558,1.0292361111111112
2021-09-24,61.008333333333326,53.1375,65.13888888888889,0.0,20.183611111111112,0.5809722222222222
2021-09-26,40.454166666666666,57.52916666666666,90.6388888888889,1.4,19.088472222222222,1.3676388888888888
2021-09-28,52.47083333333333,33.858333333333334,76.1111111111111,0.0,20.766458333333333,0.7934722222222222
2021-09-29,48.5625,52.47083333333333,62.4375,0.0,21.920416666666664,0.8851388888888888
2021-09-30,52.320833333333326,48.5625,66.14583333333333,0.0,19.84638888888889,1.7284027777777777
2021-10-01,52.34583333333333,52.320833333333326,58.40277777777778,0.0,19.102916666666665,1.441736111111111
2021-10-02,50.15416666666666,52.34583333333333,60.736111111111114,0.0,19.480208333333334,1.5829166666666667
2021-10-03,41.125,50.15416666666666,86.16666666666666,0.2,17.803125,2.120694444444444
2021-10-04,50.09166666666666,41.125,93.25694444444444,4.6,17.928819444444443,2.411805555555556
2021-10-05,46.35833333333333,50.09166666666666,91.05555555555556,0.6,17.216875,1.7736111111111112
2021-10-07,48.916666666666664,47.9125,63.729166666666664,0.0,15.593611111111112,0.8861111111111111
2021-10-08,59.12083333333333,48.916666666666664,61.236111111111114,0.0,16.86375,1.0315277777777778
2021-10-10,50.11666666666667,58.425,54.08333333333333,0.0,14.530555555555557,1.2774305555555556
2021-10-11,67.4625,50.11666666666667,64.50694444444444,0.0,13.795277777777777,0.6931944444444444
2021-10-12,76.6625,67.4625,66.91666666666666,0.0,14.334583333333333,1.1726388888888888
2021-10-13,69.14166666666667,76.6625,67.96527777777777,0.0,13.947638888888887,1.2163888888888887
2021-10-14,68.39583333333333,69.14166666666667,63.09027777777778,0.0,13.246944444444445,1.1168055555555556
2021-10-15,72.36666666666666,68.39583333333333,67.77777777777777,0.0,12.588194444444444,0.6504861111111111
2021-10-16,79.95833333333333,72.36666666666666,69.97222222222223,0.0,13.309652777777776,0.6738888888888888
2021-10-17,72.90833333333333,79.95833333333333,67.36111111111111,0.0,13.572569444444444,0.56875
2021-10-18,77.27916666666665,72.90833333333333,69.92361111111111,0.0,13.940625,0.5591666666666666
2021-10-19,87.99166666666666,77.27916666666665,74.09027777777777,0.0,14.474236111111113,0.5129166666666666
2021-10-20,81.125,87.99166666666666,78.50694444444444,0.0,15.012708333333332,0.5829861111111111
2021-10-21,76.77083333333333,81.125,90.94444444444444,0.4,14.812916666666666,0.9570138888888888
2021-10-22,62.675,76.77083333333333,82.99305555555556,0.0,15.025972222222222,0.57
2021-10-23,65.35,62.675,80.6388888888889,0.0,14.443055555555556,0.6932638888888888
2021-10-24,53.7875,65.35,66.8125,0.0,13.604861111111113,1.2900694444444445
2021-10-26,70.07916666666667,69.15833333333333,70.57638888888889,0.0,11.491111111111111,0.6245833333333333
2021-10-27,79.71666666666665,70.07916666666667,68.35416666666666,0.0,12.602083333333333,0.6359027777777777
2021-10-28,82.24166666666666,79.71666666666665,71.11805555555556,0.0,12.359791666666666,0.6781944444444444
2021-10-30,65.04166666666666,80.97083333333333,78.40972222222223,0.0,12.215833333333332,0.7686805555555555
2021-10-31,45.04583333333333,65.04166666666666,87.90277777777777,0.0,11.837222222222222,0.7384027777777777
2021-11-02,59.59583333333333,52.354166666666664,88.9236111111111,0.0,9.977013888888889,1.1957638888888888
2021-11-03,64.06666666666666,59.59583333333333,93.80985915492957,3.8,10.960211267605631,1.8083802816901409
2021-11-04,49.25,64.06666666666666,80.4513888888889,0.6,10.995208333333332,1.3209722222222222
2021-11-06,66.96666666666667,57.1090909090909,62.27083333333333,0.0,9.476111111111113,0.6508333333333333
2021-11-07,54.758333333333326,66.96666666666667,64.77777777777777,0.0,9.086458333333331,0.6428472222222222
2021-11-08,77.47083333333333,54.758333333333326,84.27083333333333,0.0,8.809305555555556,1.052638888888889
2021-11-09,52.579166666666666,77.47083333333333,76.1111111111111,0.0,10.139444444444443,0.7985416666666666
2021-11-10,44.275,52.579166666666666,75.6388888888889,0.0,11.922916666666666,0.71875
2021-11-11,45.68333333333333,44.275,82.44444444444444,0.0,12.792013888888889,0.8105555555555555
2021-11-13,54.508333333333326,51.37083333333333,92.00694444444444,1.6,11.129097222222223,1.0419444444444443
2021-11-14,57.1375,54.508333333333326,99.0,4.4,10.563333333333333,1.3768055555555556
2021-11-15,48.52083333333333,57.1375,95.64583333333331,0.4,11.036875,0.6511805555555555
2021-11-16,57.99583333333333,48.52083333333333,84.4375,0.0,11.206388888888888,0.9034027777777776
2021-11-17,48.67916666666667,57.99583333333333,91.24305555555556,0.2,10.703263888888888,0.8825
2021-11-18,38.484210526315785,48.67916666666667,88.3125,0.0,11.356388888888889,0.8611805555555555
2021-11-23,67.31666666666666,47.917647058823526,74.90972222222223,0.4,10.736666666666666,0.9461805555555556
2021-11-24,68.575,67.31666666666666,76.18055555555556,0.0,8.860555555555555,0.9440972222222223
2021-11-25,62.475,68.575,85.0625,0.4,6.828055555555556,1.1340277777777779
2021-11-26,51.67916666666667,62.475,86.54166666666666,0.0,7.631944444444445,1.2194444444444443
2021-11-28,38.8,64.77916666666667,79.16666666666666,0.4,5.8121527777777775,1.2461805555555556
2021-11-29,61.28333333333333,38.8,46.44444444444445,0.0,5.959513888888889,1.4239583333333332
2021-11-30,52.49583333333333,61.28333333333333,33.99305555555556,0.0,6.671180555555556,1.4720138888888887
2021-12-02,57.079166666666666,63.666666666666664,77.9236111111111,0.0,6.831527777777778,0.709861111111111
2021-12-03,68.92916666666666,57.079166666666666,65.47916666666666,0.0,6.647916666666666,0.6693055555555555
2021-12-04,68.4125,68.92916666666666,66.02083333333333,0.0,4.375972222222223,0.666875
2021-12-05,61.34583333333333,68.4125,76.84027777777777,0.0,4.290694444444445,0.7592361111111111
2021-12-06,63.141666666666666,61.34583333333333,81.125,0.0,3.7097222222222226,0.703125
2021-12-07,70.775,63.141666666666666,66.12587412587413,0.0,4.373006993006992,0.8709090909090909
2021-12-08,56.329166666666666,70.775,90.88194444444444,2.4,1.9401388888888889,1.1736805555555556
2021-12-09,50.075,56.329166666666666,96.48611111111111,0.0,1.9732638888888887,0.8802083333333333
2021-12-10,68.97916666666666,50.075,93.56944444444444,0.6,2.2532638888888887,1.0953472222222222
2021-12-11,71.67916666666666,68.97916666666666,82.39583333333333,0.0,3.369343065693431,0.7161805555555555
2021-12-12,79.40416666666665,71.67916666666666,77.31944444444444,0.0,4.2647916666666665,0.5525
2021-12-13,89.57083333333333,79.40416666666665,71.1830985915493,0.0,5.78169014084507,0.5003521126760563
2021-12-14,77.8,89.57083333333333,79.47222222222223,0.0,5.848194444444445,0.6836111111111111
2021-12-15,82.145,77.8,82.208,0.0,5.82048,0.7704
2021-12-16,79.91666666666666,82.145,85.7638888888889,0.0,4.232291666666667,0.7967361111111111
2021-12-17,63.34166666666666,79.91666666666666,90.15972222222223,0.0,3.1991044776119404,1.0007638888888888
2021-12-18,69.77916666666667,63.34166666666666,95.64583333333331,0.0,1.9810714285714288,0.6113888888888888
2021-12-19,62.925,69.77916666666667,88.09722222222223,0.0,4.0001,0.793611111111111
2021-12-20,56.30833333333333,62.925,81.3125,0.0,4.5470138888888885,1.7190277777777778
2021-12-21,60.44166666666666,56.30833333333333,83.60416666666666,0.0,5.355138888888889,0.6432638888888887
2021-12-22,67.20416666666667,60.44166666666666,86.9861111111111,0.0,4.328541666666666,0.739375
2021-12-23,48.3375,67.20416666666667,91.89583333333331,0.0,2.4631944444444445,1.0055555555555555
2021-12-24,49.70833333333333,48.3375,77.65277777777777,0.0,4.696180555555556,0.6874305555555555
2021-12-25,50.55833333333333,49.70833333333333,83.0138888888889,0.0,5.299375,0.6229166666666666
2021-12-26,52.04583333333333,50.55833333333333,86.9236111111111,0.0,5.045694444444445,0.686875
2021-12-27,60.80416666666667,52.04583333333333,94.38194444444444,0.0,5.9823611111111115,0.635
2021-12-28,53.1875,60.80416666666667,95.25,0.0,6.6317361111111115,0.7559027777777777
2021-12-29,43.945833333333326,53.1875,93.48611111111111,0.0,5.227430555555556,1.0853472222222222
2021-12-30,47.98333333333333,43.945833333333326,96.34722222222223,0.0,4.953611111111111,0.6436111111111111
2022-01-01,61.44166666666666,49.27083333333333,87.78472222222223,0.0,5.180416666666666,0.6272916666666666
2022-01-02,59.666666666666664,61.44166666666666,87.78472222222223,0.0,5.919444444444445,0.679375
2022-01-03,45.40416666666666,59.666666666666664,94.23611111111111,0.0,5.021319444444445,1.1415972222222222
2022-01-04,48.45,45.40416666666666,96.34027777777776,0.6,6.7815972222222225,0.6152083333333332
2022-01-05,43.18333333333333,48.45,87.6111111111111,1.6,7.119722222222222,0.9311805555555556
2022-01-06,55.65416666666666,43.18333333333333,77.29166666666666,0.0,5.685833333333333,1.0828472222222223
2022-01-07,57.18333333333333,55.65416666666666,69.29861111111111,0.0,3.6628472222222226,0.7615277777777777
2022-01-08,58.516666666666666,57.18333333333333,81.61805555555556,0.0,1.7433093525179857,0.8686805555555555
2022-01-09,52.9625,58.516666666666666,84.06944444444444,0.0,2.41875,0.970625
2022-01-10,63.9,52.9625,82.38194444444444,0.0,2.09664,0.6834027777777777
2022-01-11,91.325,63.9,63.15972222222222,0.0,4.416793893129771,0.6092361111111111
2022-01-12,87.97916666666666,91.325,64.90972222222223,0.0,3.7300694444444447,0.5088194444444444
2022-01-13,96.19583333333331,87.97916666666666,64.04861111111111,0.0,3.8004861111111112,0.530625
2022-01-14,78.33333333333333,96.19583333333331,61.83333333333333,0.0,4.617847222222222,0.7529861111111111
2022-01-15,106.67083333333332,78.33333333333333,62.013888888888886,0.0,6.019722222222223,0.7509722222222222
2022-01-16,79.60833333333333,106.67083333333332,65.89583333333333,0.0,6.068819444444445,0.7709027777777777
2022-01-17,66.82916666666667,79.60833333333333,52.35251798561151,0.0,7.881223021582732,1.29568345323741
2022-01-18,84.11666666666666,66.82916666666667,69.36879432624113,0.0,7.035602836879433,1.1301418439716313
2022-01-19,83.20416666666665,84.11666666666666,73.5625,0.0,5.680833333333333,0.7089583333333332
2022-01-20,73.29583333333333,83.20416666666665,84.55555555555556,0.2,5.667847222222222,0.8577083333333333
2022-01-21,70.90833333333333,73.29583333333333,92.43055555555556,0.0,2.741111111111111,1.1379861111111111
2022-01-22,58.80833333333333,70.90833333333333,85.43055555555556,0.0,3.1550694444444445,1.2526388888888889
2022-01-23,65.325,58.80833333333333,81.09722222222223,0.0,3.664861111111111,1.1004861111111113
2022-01-24,79.14166666666665,65.325,92.0625,0.0,2.0902777777777777,0.9120138888888888
2022-01-25,56.65,79.14166666666665,88.59027777777777,0.0,3.2163194444444443,1.1705555555555556
2022-01-26,64.15833333333333,56.65,93.2638888888889,0.0,2.2602777777777776,0.6619444444444444
2022-01-27,73.5125,64.15833333333333,94.08333333333331,0.0,1.962740740740741,0.6908333333333333
2022-01-28,69.75,73.5125,63.65277777777778,0.0,8.044210526315789,1.6027777777777779
2022-01-29,76.52083333333333,69.75,57.0,0.0,6.736041666666666,0.8857638888888888
2022-01-30,50.9625,76.52083333333333,53.604166666666664,0.0,9.197152777777776,1.8900694444444444
2022-01-31,53.5375,50.9625,60.68055555555556,0.0,7.667083333333332,1.8513888888888888
2022-02-01,29.433333333333334,53.5375,26.340277777777775,0.0,10.807638888888889,2.140347222222222
2022-02-02,38.62916666666666,29.433333333333334,36.638888888888886,0.0,13.383402777777777,1.85375
2022-02-04,52.704166666666666,65.9875,78.90277777777777,0.0,9.148611111111112,0.9099305555555556
2022-02-05,65.44166666666666,52.704166666666666,89.91666666666666,0.0,6.89125,0.8663194444444444
2022-02-07,32.55416666666667,50.070833333333326,43.701388888888886,0.0,9.078541666666666,2.2606944444444443
2022-02-08,76.2125,32.55416666666667,29.159722222222225,0.0,8.55486111111111,0.7590277777777777
2022-02-09,75.975,76.2125,58.19444444444445,0.0,9.480694444444445,0.7583333333333333
2022-02-10,84.03333333333333,75.975,75.77777777777777,0.0,9.476875,0.4524305555555555
2022-02-11,65.56666666666666,84.03333333333333,58.041666666666664,0.0,10.94125,1.086875
2022-02-12,52.05416666666667,65.56666666666666,51.923611111111114,0.0,8.186180555555556,1.6245833333333333
2022-02-13,60.45,52.05416666666667,49.61805555555556,0.0,6.432708333333332,1.0596527777777778
2022-02-15,49.62083333333333,72.66666666666666,94.79166666666666,0.4,3.4000694444444446,0.9351388888888889
2022-02-16,65.075,49.62083333333333,88.66433566433567,0.0,5.412027972027972,0.713076923076923
2022-02-17,56.4625,65.075,77.59027777777777,0.0,8.456944444444444,1.0684722222222223
2022-02-18,60.565217391304344,56.4625,81.50714285714285,0.0,8.144820143884893,1.7104285714285714
2022-02-19,43.245,60.565217391304344,88.2,0.2,10.549677419354838,0.86576
2022-02-20,41.79583333333333,43.245,75.16666666666666,0.0,11.229930555555557,0.8676388888888888
2022-02-21,42.454166666666666,41.79583333333333,52.354166666666664,0.0,11.900763888888887,1.7015972222222222
2022-02-22,33.4625,42.454166666666666,32.423611111111114,0.0,13.002777777777776,1.6204166666666668
2022-02-23,69.41666666666666,33.4625,40.701388888888886,0.0,11.405972222222221,1.4504861111111111
2022-02-24,67.62916666666666,69.41666666666666,52.23076923076923,0.0,10.55972027972028,0.7281818181818182
2022-02-25,53.80833333333333,67.62916666666666,43.21527777777778,0.0,10.463541666666666,1.189652777777778
2022-02-26,37.44166666666666,53.80833333333333,42.34027777777778,0.0,9.366597222222222,1.7015972222222222
2022-02-27,44.46666666666666,37.44166666666666,43.361111111111114,0.0,7.8024305555555555,0.6691666666666666
2022-02-28,63.4,44.46666666666666,42.40277777777778,0.0,7.583472222222222,1.3768055555555556
2022-03-02,60.30833333333333,37.35,45.65972222222222,0.0,7.396944444444445,0.798611111111111
2022-03-03,55.825,60.30833333333333,54.34722222222222,0.0,10.030208333333333,0.6965972222222222
2022-03-06,38.27083333333333,46.883333333333326,42.77777777777778,0.0,6.430902777777778,1.1259027777777777
2022-03-07,67.06666666666666,38.27083333333333,46.53472222222222,0.0,6.487152777777777,0.9693055555555556
2022-03-08,59.525,67.06666666666666,46.84722222222222,0.0,5.912708333333333,1.9026388888888888
2022-03-10,94.8875,79.25833333333333,51.361111111111114,0.0,8.933541666666665,0.5468055555555555
2022-03-11,54.516666666666666,94.8875,54.09722222222222,0.0,8.682916666666666,3.003055555555556
2022-03-12,45.06666666666666,54.516666666666666,49.4375,0.0,7.595833333333333,2.100555555555556
2022-03-14,45.28333333333333,46.891666666666666,49.72222222222222,0.0,10.134166666666665,0.8288194444444444
2022-03-17,57.7625,44.46666666666666,65.80555555555556,0.0,12.206458333333332,1.66125
2022-03-18,70.25833333333333,57.7625,52.291666666666664,0.0,12.119513888888887,1.7923611111111113
2022-03-19,49.3875,70.25833333333333,41.916666666666664,0.0,10.609166666666667,2.053055555555556
2022-03-20,46.52083333333333,49.3875,37.638888888888886,0.0,9.922569444444445,1.5877777777777777
2022-03-21,55.6375,46.52083333333333,34.36805555555556,0.0,10.630972222222223,1.2361805555555556
2022-03-22,82.55833333333332,55.6375,36.15972222222222,0.0,10.527847222222222,1.006875
2022-03-23,87.70416666666665,82.55833333333332,30.86111111111111,0.0,12.643055555555556,0.4411111111111111
2022-03-24,100.3125,87.70416666666665,28.291666666666664,0.0,14.474097222222222,0.5820138888888888
2022-03-25,67.71666666666667,100.3125,25.4375,0.0,15.12875,0.7338194444444444
2022-03-26,88.0,67.71666666666667,27.333333333333332,0.0,15.387847222222222,0.8360416666666666
2022-03-27,87.74166666666666,88.0,32.55555555555556,0.0,15.537291666666667,0.777986111111111
2022-03-28,93.40416666666665,87.74166666666666,29.180555555555557,0.0,15.665347222222222,0.5734722222222222
2022-03-29,57.416666666666664,93.40416666666665,49.451388888888886,0.0,13.922638888888889,1.4519444444444445
2022-03-30,52.89583333333333,57.416666666666664,79.25694444444444,0.0,11.801041666666666,1.7808333333333333
2022-03-31,39.90833333333333,52.89583333333333,78.03472222222223,0.6,12.167569444444444,0.9240972222222222
2022-04-01,43.725,39.90833333333333,74.59027777777777,0.2,11.057569444444445,1.5489583333333332
2022-04-02,39.04583333333333,43.725,55.77777777777778,0.0,8.781875,1.8475694444444444
2022-04-03,44.4375,39.04583333333333,62.111111111111114,0.0,8.575486111111111,1.612291666666667
2022-04-04,45.28333333333333,44.4375,56.263888888888886,0.0,9.81076388888889,1.156388888888889
2022-04-05,61.1125,45.28333333333333,50.40277777777778,0.0,12.130486111111113,0.7640277777777778
2022-04-06,60.1375,61.1125,54.5,0.0,13.230902777777777,1.41875
2022-04-07,27.04583333333333,60.1375,54.55555555555556,0.0,14.439513888888888,1.2527777777777778
2022-04-09,26.7125,46.56666666666666,42.0,0.0,14.716944444444444,2.5640972222222222
2022-04-11,46.8125,22.8875,33.49305555555556,0.0,13.638611111111112,0.8970138888888888
2022-04-12,54.22272727272727,46.8125,34.423611111111114,0.0,15.011805555555556,0.8372222222222222
2022-04-14,67.99583333333332,57.76363636363636,44.20833333333333,0.0,17.958333333333332,0.9261111111111112
2022-04-15,60.11666666666667,67.99583333333332,42.0625,0.0,19.2175,1.3077083333333333
2022-04-16,33.675,60.11666666666667,44.09027777777778,0.0,18.73111111111111,2.1773611111111113
2022-04-17,14.495833333333332,33.675,42.201388888888886,0.0,14.020625,2.525138888888889
2022-04-18,20.03333333333333,14.495833333333332,34.03472222222222,0.0,14.726666666666667,1.643125
2022-04-19,25.304166666666664,20.03333333333333,42.666666666666664,0.0,15.37625,1.2220833333333332
2022-04-20,32.65833333333333,25.304166666666664,57.0625,0.0,14.173333333333332,2.7260416666666667
2022-04-21,39.56666666666666,32.65833333333333,47.39583333333333,0.0,13.445694444444444,2.265833333333333
2022-04-22,24.133333333333333,39.56666666666666,71.70138888888889,0.0,12.906527777777775,1.3861805555555555
2022-04-23,30.754166666666663,24.133333333333333,78.18055555555556,1.0,14.190625,3.0229861111111114
2022-04-24,20.479166666666664,30.754166666666663,71.16666666666666,0.0,12.963541666666666,2.124930555555556
2022-04-25,20.466666666666665,20.479166666666664,68.875,1.2,14.765138888888888,1.1486111111111112
2022-04-26,38.125,20.466666666666665,84.04166666666666,1.2,14.349930555555556,1.1411111111111112
2022-04-27,39.60833333333333,38.125,60.08333333333333,0.0,16.497083333333332,1.212222222222222
2022-04-28,34.225,39.60833333333333,48.25,0.0,17.87236111111111,2.2306944444444445
2022-04-29,36.18333333333333,34.225,41.861111111111114,0.0,18.715972222222224,1.6509722222222223
2022-04-30,31.141666666666666,36.18333333333333,38.11805555555556,0.0,18.66583333333333,1.0242361111111111
2022-05-01,23.933333333333334,31.141666666666666,48.0625,0.0,18.162222222222223,2.0297222222222224
2022-05-03,26.5375,31.54583333333333,56.423611111111114,0.0,17.834305555555556,1.2351388888888888
2022-05-04,38.49583333333333,26.5375,68.83333333333333,0.2,17.323541666666667,0.8869444444444444
2022-05-05,40.945833333333326,38.49583333333333,79.25694444444444,1.8,15.123611111111112,1.3286111111111112
2022-05-06,36.73333333333333,40.945833333333326,96.74305555555556,1.6,13.453541666666666,0.7275694444444444
2022-05-07,28.9625,36.73333333333333,81.04166666666666,0.4,16.055625,1.0521527777777777
2022-05-08,19.3625,28.9625,70.80555555555556,0.0,17.985208333333333,0.9986805555555556
2022-05-10,39.08333333333333,40.1,56.22222222222222,0.0,21.535347222222224,0.8074305555555555
2022-05-11,29.03333333333333,39.08333333333333,47.361111111111114,0.0,22.648402777777775,1.1140972222222223
2022-05-12,12.358333333333333,29.03333333333333,56.13194444444445,0.0,22.10826388888889,1.5614583333333332
2022-05-14,14.7875,12.891666666666666,50.52083333333333,0.2,23.27513888888889,1.2077083333333332
2022-05-15,22.3625,14.7875,49.861111111111114,0.0,24.763263888888886,0.991875
2022-05-16,16.941666666666666,22.3625,43.013888888888886,0.0,24.587013888888887,1.3332638888888888
2022-05-17,30.54583333333333,16.941666666666666,45.58333333333333,0.0,25.35125,0.9438194444444444
2022-05-18,38.891666666666666,30.54583333333333,48.70833333333333,0.0,25.500555555555557,3.0120138888888888
2022-05-19,29.92083333333333,38.891666666666666,35.8125,0.0,24.86923611111111,2.244861111111111
2022-05-20,26.570833333333333,29.92083333333333,41.70833333333333,0.0,25.088472222222222,1.455833333333333
2022-05-22,11.858333333333333,11.866666666666665,57.27083333333333,0.0,24.445416666666663,1.206041666666667
2022-05-23,13.004166666666666,11.858333333333333,49.4375,0.0,24.416180555555556,1.491875
2022-05-24,31.2875,13.004166666666666,57.236111111111114,0.6,22.418888888888887,1.1527083333333332
2022-05-25,25.079166666666666,31.2875,65.01388888888889,0.0,22.136597222222225,1.2003472222222222
2022-05-26,35.65,25.079166666666666,58.76923076923077,0.0,24.53251748251748,1.436013986013986
2022-05-27,26.7375,35.65,53.0625,0.0,26.170486111111114,0.9066666666666666
2022-05-28,29.175,26.7375,56.75,0.0,24.493055555555557,2.903125
2022-05-29,13.358333333333333,29.175,62.0,0.2,17.047361111111112,2.5595138888888886
2022-05-31,26.929166666666664,21.241666666666664,58.99305555555556,0.0,21.065,1.2313888888888889
2022-06-01,23.59583333333333,26.929166666666664,55.00694444444445,0.0,23.354652777777776,0.8183333333333332
2022-06-02,19.48333333333333,23.59583333333333,51.78472222222222,0.0,25.363680555555558,0.759375
2022-06-03,29.42083333333333,19.48333333333333,67.90277777777777,0.2,23.403333333333332,1.855625
2022-06-04,19.5625,29.42083333333333,58.673611111111114,0.0,25.198958333333334,0.7720833333333333
2022-06-06,32.55,25.3,48.77777777777778,0.0,25.895208333333333,1.3567361111111111
2022-06-07,27.320833333333333,32.55,59.40972222222222,1.2,24.117083333333333,1.6921527777777778
2022-06-08,35.15,27.320833333333333,57.03472222222222,0.4,22.724097222222223,1.3568055555555556
2022-06-09,21.629166666666663,35.15,44.64583333333333,0.0,23.427222222222223,1.7236805555555557
2022-06-10,23.204166666666666,21.629166666666663,25.215277777777775,0.0,25.614583333333332,1.203125
2022-06-11,39.20833333333333,23.204166666666666,35.90277777777778,0.0,26.506736111111113,1.3295138888888889
2022-06-12,25.508333333333333,39.20833333333333,37.99305555555556,0.0,28.075833333333332,1.0715277777777779
2022-06-13,37.425,25.508333333333333,39.104166666666664,0.0,29.044583333333332,1.1905555555555556
2022-06-15,28.45,35.38333333333333,43.423611111111114,0.0,28.09708333333333,1.690416666666667
2022-06-16,28.070833333333333,28.45,43.20833333333333,0.0,29.716666666666665,1.318263888888889
2022-06-17,31.016666666666666,28.070833333333333,44.548611111111114,0.0,30.153125,1.52
2022-06-18,31.620833333333334,31.016666666666666,38.5,0.0,29.50923611111111,2.657430555555556
2022-06-19,21.225,31.620833333333334,36.763888888888886,0.0,29.988333333333333,1.8882638888888887
2022-06-20,15.8375,21.225,39.86805555555556,0.0,29.249930555555554,1.428402777777778
2022-06-21,11.133333333333333,15.8375,50.28472222222222,0.0,28.02951388888889,1.5195138888888888
2022-06-22,25.75,11.133333333333333,59.93055555555556,0.0,26.007430555555555,1.1336805555555556
2022-06-23,18.9875,25.75,63.0,0.0,26.011041666666664,1.2804861111111112
2022-06-24,18.520833333333332,18.9875,56.95833333333333,0.0,25.218819444444446,1.4950694444444443
2022-06-25,11.916666666666666,18.520833333333332,50.298611111111114,0.0,25.422847222222224,1.1961805555555556
2022-06-27,30.5,21.34583333333333,42.979166666666664,0.0,29.920972222222225,1.5507638888888888
2022-06-28,36.67083333333333,30.5,52.56944444444445,0.4,27.215902777777774,1.7648611111111112
2022-06-29,12.445833333333333,36.67083333333333,53.236111111111114,0.0,26.64548611111111,1.7065277777777779
2022-06-30,13.9875,12.445833333333333,49.95833333333333,0.0,27.782152777777775,1.2650694444444444
2022-07-01,18.929166666666664,13.9875,44.375,0.0,27.870530303030304,1.401484375
2022-07-03,23.404166666666665,25.241666666666664,38.416666666666664,0.0,31.20645833333333,0.9026388888888888
2022-07-04,28.009090909090908,23.404166666666665,44.64285714285714,0.0,28.303857142857144,1.464
2022-07-09,34.541666666666664,25.115384615384613,37.27083333333333,0.0,27.27638888888889,2.274375
2022-07-10,19.48333333333333,34.541666666666664,33.298611111111114,0.0,28.015416666666663,1.6969444444444444
2022-07-11,40.05416666666667,19.48333333333333,41.166666666666664,0.0,28.096527777777776,2.4513194444444446
2022-07-12,32.09583333333333,40.05416666666667,44.229166666666664,0.0,27.734861111111112,2.4375
2022-07-13,31.254166666666663,32.09583333333333,45.729166666666664,0.0,28.074305555555554,1.8959722222222224
2022-07-14,41.15,31.254166666666663,41.27083333333333,0.0,29.90298611111111,1.1124305555555556
2022-07-15,18.9875,41.15,40.11888111888112,0.0,30.708181818181817,1.4456643356643355
2022-07-16,26.745833333333334,18.9875,43.048611111111114,0.0,30.28388888888889,1.5663194444444444
2022-07-17,31.4625,26.745833333333334,43.77083333333333,0.0,30.50958333333333,2.615
2022-07-18,45.15,31.4625,39.77083333333333,0.0,30.44763888888889,2.4597222222222226
2022-07-19,47.1125,45.15,34.90972222222222,0.0,31.065972222222225,1.8815277777777777
2022-07-20,45.84583333333333,47.1125,29.895833333333332,0.0,31.823611111111113,1.6213888888888888
2022-07-22,40.34736842105263,44.525,29.83760683760684,0.0,33.682905982905986,1.3832478632478633
2022-07-23,19.820833333333333,40.34736842105263,45.5944055944056,0.0,30.899510489510487,1.413006993006993
2022-07-24,21.10833333333333,19.820833333333333,51.236111111111114,0.0,30.762083333333333,1.122083333333333
2022-07-25,43.575,21.10833333333333,44.354166666666664,0.2,31.442013888888887,1.5645138888888888
2022-07-26,26.7,43.575,56.354166666666664,1.0,28.553819444444443,1.8056944444444445
2022-07-28,46.49166666666667,39.71666666666666,52.58333333333333,0.4,27.769375,2.380625
2022-07-30,25.933333333333334,34.9125,54.38194444444445,0.0,26.302083333333332,1.2107638888888888
2022-07-31,33.225,25.933333333333334,34.0625,0.0,28.499513888888888,0.9906944444444444
2022-08-01,45.72083333333333,33.225,35.263888888888886,0.0,30.131875,1.1161111111111113
2022-08-02,42.0125,45.72083333333333,39.34265734265735,0.0,28.861608391608392,2.0964335664335665
2022-08-03,44.93333333333333,42.0125,45.0722891566265,0.0,28.353614457831323,1.2525301204819277
2022-08-04,36.25,44.93333333333333,32.20454545454545,0.0,33.3725,0.9551136363636364
2022-08-05,39.2,36.25,38.15972222222222,0.0,31.793680555555557,1.1911111111111112
2022-08-06,28.141666666666666,39.2,45.4375,0.0,30.315069444444443,1.6638888888888888
2022-08-07,14.179166666666665,28.141666666666666,50.14583333333333,0.0,27.123541666666664,2.111111111111111
2022-08-08,17.99090909090909,14.179166666666665,48.13432835820896,0.0,27.649552238805967,1.1952238805970148
2022-08-09,27.991666666666664,17.99090909090909,45.80555555555556,0.0,28.613541666666663,1.8590277777777775
2022-08-11,28.008695652173916,31.554166666666664,38.611510791366904,0.0,27.96345323741007,2.116187050359712
2022-08-12,29.879166666666663,28.008695652173916,42.36805555555556,0.0,26.20798611111111,3.359652777777778
2022-08-13,15.225,29.879166666666663,47.19444444444445,0.0,24.704305555555557,1.1374305555555555
2022-08-15,7.375,12.820833333333333,46.39583333333333,0.0,26.26826388888889,1.1140972222222223
2022-08-16,12.766666666666666,7.375,54.03472222222222,0.0,26.675763888888888,1.3679861111111111
2022-08-17,13.675,12.766666666666666,65.40277777777777,0.2,25.44875,1.6261805555555555
2022-08-18,14.666666666666666,13.675,82.39583333333333,2.0,21.959444444444443,1.4620833333333332
2022-08-19,20.108695652173918,14.666666666666666,66.91666666666666,0.2,23.409722222222225,0.9515277777777776
2022-08-20,27.3375,20.108695652173918,49.104166666666664,0.0,26.966041666666666,1.0679861111111113
2022-08-21,33.14583333333333,27.3375,40.611111111111114,0.0,27.401875,0.762361111111111
2022-08-22,34.94166666666666,33.14583333333333,42.34027777777778,0.0,27.589097222222225,1.1595833333333332
2022-08-23,41.62916666666666,34.94166666666666,41.6875,0.0,27.23173611111111,1.5927083333333332
2022-08-25,34.25,33.420833333333334,45.048611111111114,0.0,27.680694444444445,0.8634722222222222
2022-08-26,34.009523809523806,34.25,47.95833333333333,0.0,27.624097222222225,1.1029166666666668
2022-08-27,30.90833333333333,34.009523809523806,53.0625,0.0,26.203958333333333,2.059930555555556
2022-08-28,14.85,30.90833333333333,55.298611111111114,0.0,26.526944444444442,1.0598611111111111
2022-08-29,26.72083333333333,14.85,52.83333333333333,0.0,27.553472222222226,1.018333333333333
2022-08-30,35.00416666666666,26.72083333333333,62.854166666666664,0.0,25.880069444444445,1.468125
2022-08-31,33.1125,35.00416666666666,66.75694444444444,0.2,24.190486111111113,1.5885416666666667
2022-09-01,36.49583333333333,33.1125,60.138888888888886,0.0,24.523958333333333,2.0565972222222224
2022-09-02,28.28333333333333,36.49583333333333,54.39583333333333,0.0,23.727013888888887,1.8072916666666667
2022-09-03,34.204166666666666,28.28333333333333,54.90972222222222,0.0,23.692013888888887,1.9101388888888888
2022-09-04,34.0875,34.204166666666666,58.736111111111114,0.0,24.574791666666663,0.9038888888888889
2022-09-05,49.09166666666666,34.0875,55.58333333333333,0.0,25.986666666666665,1.1523611111111112
2022-09-06,41.18333333333333,49.09166666666666,55.361111111111114,0.0,26.34548611111111,1.03125
2022-09-08,28.5375,48.87916666666666,63.5,0.4,25.169444444444444,1.6015972222222221
2022-09-09,40.825,28.5375,60.02083333333333,0.0,24.240069444444444,1.7395833333333333
2022-09-10,27.7,40.825,50.46527777777778,0.0,23.498819444444443,1.1116666666666668
2022-09-11,36.079166666666666,27.7,48.90972222222222,0.0,23.917569444444442,1.0757638888888887
2022-09-12,44.74583333333333,36.079166666666666,49.03472222222222,0.0,23.949930555555557,0.9802777777777776
2022-09-14,30.520833333333332,38.0625,59.736111111111114,0.0,24.833402777777778,1.0253472222222222
2022-09-15,22.8,30.520833333333332,56.0625,0.0,25.644305555555555,1.0472916666666667
2022-09-17,24.025,37.9375,43.763888888888886,0.0,20.241666666666664,2.435138888888889
2022-09-18,17.704166666666666,24.025,27.26388888888889,0.0,20.141944444444444,1.6071527777777779
2022-09-19,38.25416666666666,17.704166666666666,28.743055555555557,0.0,21.150069444444444,1.243125
2022-09-20,54.4,38.25416666666666,37.59027777777778,0.0,19.423263888888886,1.494236111111111
2022-09-21,51.195833333333326,54.4,49.951388888888886,0.0,18.186527777777776,2.4451388888888888
2022-09-23,40.641666666666666,40.12083333333333,45.90277777777778,0.0,18.477569444444445,1.3150694444444444
2022-09-24,46.25,40.641666666666666,74.02777777777777,1.2,15.821944444444444,1.3568055555555556
2022-09-25,29.85833333333333,46.25,81.22222222222223,0.0,16.09173611111111,0.8342361111111111
2022-09-26,33.28947368421053,29.85833333333333,69.88461538461537,0.2,17.328384615384618,0.8595384615384615
2022-09-27,40.570833333333326,33.28947368421053,65.25,0.0,18.197569444444444,0.9849305555555556
2022-09-28,57.10833333333333,40.570833333333326,69.34027777777777,1.2,16.203819444444445,1.714513888888889
2022-09-29,44.625,57.10833333333333,84.7638888888889,3.2,16.021875,1.0595138888888889
2022-09-30,41.35833333333333,44.625,89.65972222222223,0.0,14.746875,1.4397222222222221
2022-10-01,27.625,41.35833333333333,75.375,0.0,16.458472222222223,1.1663888888888887
2022-10-02,23.841666666666665,27.625,69.88888888888889,0.0,18.597708333333333,1.0191666666666668
2022-10-03,44.475,23.841666666666665,72.3125,0.0,18.802222222222223,1.1094444444444445
2022-10-04,48.204166666666666,44.475,73.66666666666666,0.0,18.92298611111111,0.8099305555555555
2022-10-05,57.820833333333326,48.204166666666666,71.0625,0.0,19.408472222222223,0.8490972222222222
2022-10-06,64.05833333333332,57.820833333333326,73.72916666666666,0.0,18.849027777777778,0.764375
2022-10-07,65.16666666666666,64.05833333333332,67.07638888888889,0.0,19.454027777777775,0.5216666666666666
2022-10-08,57.1875,65.16666666666666,65.33333333333333,0.0,19.364791666666665,0.6193055555555556
2022-10-09,34.108333333333334,57.1875,88.13194444444444,1.0,17.313541666666666,1.190416666666667
2022-10-10,43.05,34.108333333333334,78.93055555555556,0.0,16.957152777777775,0.8567361111111111
2022-10-11,46.766666666666666,43.05,77.72222222222223,0.0,17.106041666666666,0.5609027777777778
2022-10-12,56.77083333333333,46.766666666666666,71.63888888888889,0.0,17.727152777777775,0.5777777777777777
2022-10-13,60.74583333333333,56.77083333333333,73.22916666666666,0.0,17.50583333333333,0.5603472222222222
2022-10-15,57.80416666666667,56.95,71.71527777777777,0.0,18.419097222222224,0.537986111111111
2022-10-17,56.570833333333326,51.4,76.1388888888889,0.0,18.518541666666664,0.555
2022-10-18,50.9875,56.570833333333326,73.9861111111111,0.0,18.752847222222226,0.6734722222222222
2022-10-19,66.75416666666666,50.9875,72.8263888888889,0.0,18.852916666666665,0.57375
2022-10-20,66.85416666666666,66.75416666666666,71.39583333333333,0.0,18.43111111111111,0.7466666666666666
2022-10-21,49.8875,66.85416666666666,83.0763888888889,0.0,17.750208333333333,2.679027777777778
2022-10-22,39.666666666666664,49.8875,77.5486111111111,0.0,19.17826388888889,1.3397222222222223
2022-10-23,33.89583333333333,39.666666666666664,78.72222222222223,0.0,18.76236111111111,1.4134722222222222
2022-10-24,36.916666666666664,33.89583333333333,76.34027777777777,0.0,19.74451388888889,1.8631944444444444
2022-10-25,45.925,36.916666666666664,76.02777777777777,0.0,19.486527777777777,0.8827777777777777
2022-10-26,44.041666666666664,45.925,73.74305555555556,0.0,19.50625,0.6379166666666666
2022-10-27,54.10833333333333,44.041666666666664,76.33333333333333,0.0,18.464930555555554,0.5834722222222222
2022-10-28,60.28333333333333,54.10833333333333,73.2013888888889,0.0,17.730694444444445,0.5115972222222221
2022-10-29,54.87916666666666,60.28333333333333,73.13194444444444,0.0,17.64263888888889,0.5630555555555555
2022-10-30,45.766666666666666,54.87916666666666,75.43055555555556,0.0,17.112777777777776,0.5092361111111111
2022-11-01,43.65416666666666,62.416666666666664,83.9513888888889,0.4,15.312013888888888,0.6228472222222222
2022-11-03,31.675,34.44166666666666,93.15,1.8,14.677142857142856,1.3002142857142855
2022-11-04,31.633333333333333,31.675,74.6736111111111,1.0,13.518333333333333,1.8881944444444445
2022-11-05,56.079166666666666,31.633333333333333,61.77777777777778,0.0,12.947430555555556,0.7696527777777777
2022-11-06,57.73333333333333,56.079166666666666,62.36805555555556,0.0,11.349930555555556,0.4897222222222222
2022-11-07,60.4375,57.73333333333333,68.28472222222223,0.0,11.210069444444445,0.4979861111111111
2022-11-08,55.85,60.4375,65.6875,0.0,12.968194444444444,0.5424305555555555
2022-11-09,57.1875,55.85,88.125,0.4,12.506527777777777,0.5963888888888887
2022-11-10,49.0875,57.1875,94.15277777777776,0.4,12.776388888888889,0.6804861111111111
2022-11-11,41.67083333333333,49.0875,87.99305555555556,0.0,12.8825,0.6161805555555555
2022-11-12,37.80833333333333,41.67083333333333,89.4375,0.0,11.431180555555557,0.67875
2022-11-14,36.78333333333333,40.891666666666666,88.35416666666666,0.6,10.680347222222222,1.3186111111111112
2022-11-15,45.0875,36.78333333333333,95.49305555555556,0.2,8.704097222222222,0.65875
2022-11-16,37.77916666666666,45.0875,91.52083333333331,0.4,10.322916666666666,0.7836111111111111
2022-11-17,44.55,37.77916666666666,87.95833333333333,0.0,10.754861111111111,0.6397222222222222
2022-11-19,49.6125,38.09166666666666,73.3263888888889,0.0,10.331041666666666,0.7664583333333334
2022-11-20,46.75416666666666,49.6125,68.36805555555556,0.0,8.72236111111111,0.6336111111111111
2022-11-22,33.979166666666664,56.9375,91.15277777777776,3.4,8.019166666666665,1.3395833333333331
2022-11-23,62.39583333333333,33.979166666666664,76.3888888888889,0.0,8.033680555555556,0.7891666666666666
2022-11-24,65.27916666666667,62.39583333333333,67.58333333333333,0.0,8.549930555555555,0.8017361111111111
2022-11-25,59.079166666666666,65.27916666666667,75.4861111111111,0.0,9.159722222222223,1.1396527777777778
2022-11-27,61.883333333333326,66.63333333333333,70.46527777777777,0.0,7.73298611111111,0.6580555555555555
2022-11-28,56.016666666666666,61.883333333333326,73.02083333333333,0.0,7.89486111111111,0.8234027777777777
2022-11-29,52.77083333333333,56.016666666666666,77.5138888888889,0.0,6.927361111111111,0.7258333333333333
2022-11-30,54.5375,52.77083333333333,88.0763888888889,0.0,5.5025,0.7046527777777777
2022-12-01,58.891666666666666,54.5375,82.77777777777777,0.0,5.4284027777777775,0.5140277777777778
2022-12-02,51.77916666666666,58.891666666666666,77.59027777777777,0.0,7.315416666666666,1.2163194444444445
2022-12-03,42.09166666666666,51.77916666666666,93.5,3.2,6.996944444444445,0.6398611111111111
2022-12-05,34.916666666666664,32.96666666666666,98.02083333333331,0.6,8.282083333333333,1.5484722222222222
2022-12-06,60.016666666666666,34.916666666666664,86.79166666666666,0.0,5.551597222222222,0.5922222222222222
2022-12-07,58.008333333333326,60.016666666666666,89.63194444444444,0.0,3.6661111111111113,0.6174305555555555
2022-12-08,42.21666666666666,58.008333333333326,87.75694444444444,0.0,4.803055555555556,0.5983333333333333
2022-12-09,44.479166666666664,42.21666666666666,96.83333333333331,1.2,4.677638888888889,1.0060416666666665
2022-12-10,28.35,44.479166666666664,94.0138888888889,0.0,4.215486111111111,1.1850694444444445
2022-12-11,44.2,28.35,80.36805555555556,0.0,4.039513888888889,1.140486111111111
2022-12-12,46.1875,44.2,84.03472222222223,0.0,2.461597222222222,0.9088194444444444
2022-12-13,49.11363636363636,46.1875,83.97916666666666,0.0,2.2840277777777778,0.7602083333333333
2022-12-14,57.65833333333333,49.11363636363636,78.0486111111111,0.0,3.2504166666666667,0.735
2022-12-15,69.19166666666666,57.65833333333333,87.35416666666666,1.8,2.7394444444444446,0.8982638888888888
2022-12-16,51.84166666666666,69.19166666666666,95.09027777777776,0.2,3.5054166666666666,0.9929861111111112
2022-12-17,46.3625,51.84166666666666,96.53472222222223,0.0,4.963472222222222,1.2724305555555555
2022-12-18,42.2,46.3625,93.67361111111111,0.0,5.726527777777777,0.7234027777777777
2022-12-19,45.4625,42.2,90.47916666666666,0.0,5.195625,0.787986111111111
2022-12-20,49.579166666666666,45.4625,81.7638888888889,0.0,5.747430555555556,0.860625
2022-12-21,53.570833333333326,49.579166666666666,81.74305555555556,0.2,6.489583333333333,0.7585416666666666
2022-12-22,58.516666666666666,53.570833333333326,81.6388888888889,0.0,7.609375,0.8103472222222222
2022-12-23,62.329166666666666,58.516666666666666,86.85416666666666,0.0,8.219583333333333,0.7890277777777777
2022-12-24,59.275,62.329166666666666,90.52083333333331,0.0,8.86298611111111,0.9902777777777776
2022-12-25,44.7875,59.275,86.97916666666666,0.0,9.595972222222223,0.7938194444444444
2022-12-26,38.12083333333333,44.7875,90.5625,0.0,9.725694444444445,0.767361111111111
2022-12-27,47.68333333333333,38.12083333333333,89.09027777777777,0.0,8.806180555555555,0.9188888888888888
2022-12-28,49.8625,47.68333333333333,89.40277777777777,0.0,8.52763888888889,0.5072916666666666
2022-12-29,51.7,49.8625,89.16666666666666,0.2,9.008472222222222,0.7488194444444444
2022-12-30,45.666666666666664,51.7,96.48611111111111,0.2,8.484305555555554,0.7585416666666666
2023-01-02,41.03478260869565,42.1,99.0,0.2,9.567291666666666,0.4684027777777777
2023-01-03,42.74583333333333,41.03478260869565,99.0,1.4,10.068333333333332,0.6820138888888888
2023-01-04,39.475,42.74583333333333,96.30555555555556,0.0,9.938125,0.6611111111111111
2023-01-05,41.416666666666664,39.475,86.3611111111111,0.0,9.43,1.3038888888888889
2023-01-06,40.104166666666664,41.416666666666664,94.61111111111111,0.0,8.677430555555555,1.0429166666666667
2023-01-07,38.9125,40.104166666666664,91.18055555555556,0.0,8.062083333333332,0.5386111111111112
2023-01-08,43.6875,38.9125,96.69444444444444,2.6,7.564375,1.1270833333333332
2023-01-09,35.65416666666666,43.6875,83.5138888888889,0.2,8.15777777777778,1.6481944444444443
2023-01-10,47.05416666666667,35.65416666666666,32.44055944055944,0.0,10.156013986013987,1.7121678321678322
2023-01-11,90.53333333333332,47.05416666666667,52.84722222222222,0.0,7.2264583333333325,0.5043055555555555
2023-01-12,86.67083333333333,90.53333333333332,65.04166666666666,0.0,6.801666666666667,0.596875
2023-01-13,80.62916666666666,86.67083333333333,71.20422535211269,0.0,6.8592957746478875,0.6688732394366197
2023-01-14,69.20416666666667,80.62916666666666,74.54166666666666,0.0,6.502569444444445,1.2490277777777778
2023-01-15,62.37916666666666,69.20416666666667,88.34722222222223,0.0,6.897986111111111,0.7129166666666666
2023-01-17,52.15833333333333,54.916666666666664,95.04166666666666,0.4,3.8272222222222223,1.025625
2023-01-18,52.525,52.15833333333333,92.91666666666666,0.0,2.978263888888889,0.9465277777777776
2023-01-19,54.820833333333326,52.525,88.50694444444444,0.2,3.0821527777777775,1.1044444444444443
2023-01-20,66.50416666666666,54.820833333333326,80.03472222222223,0.0,3.325625,0.7394444444444443
2023-01-23,72.79166666666666,58.070833333333326,62.02083333333333,0.0,4.361180555555556,0.7145833333333333
2023-01-25,64.35,61.825,77.76923076923077,0.0,7.227202797202797,0.829160839160839
2023-01-27,56.4875,69.1625,61.21527777777778,0.0,4.765,1.2879861111111113
2023-01-28,66.34583333333333,56.4875,58.541666666666664,0.0,4.636388888888889,0.6280555555555555
2023-01-29,59.03333333333333,66.34583333333333,60.58333333333333,0.0,4.525555555555556,0.7000694444444444
2023-01-30,70.26666666666667,59.03333333333333,64.19444444444444,0.0,5.017708333333333,1.1286111111111112
2023-01-31,72.525,70.26666666666667,69.09722222222223,0.0,5.574375,1.1047222222222222
2023-02-01,68.2875,72.525,60.38194444444445,0.0,8.378125,1.2147916666666667
2023-02-02,56.7875,68.2875,51.951388888888886,0.0,10.313541666666666,1.4126388888888888
2023-02-03,62.15416666666666,56.7875,55.5,0.0,9.784861111111113,1.236527777777778
2023-02-10,86.62916666666666,51.77777777777778,47.791666666666664,0.0,4.747474747474748,0.4873611111111111
2023-02-11,87.45416666666665,86.62916666666666,48.541666666666664,0.0,5.338595041322313,0.7306944444444444
2023-02-13,85.475,80.0625,53.791666666666664,0.0,8.128333333333332,0.5569444444444444
2023-02-14,99.45,85.475,58.81944444444445,0.0,8.5975,0.75125
2023-02-16,76.45833333333333,133.15,64.00694444444444,0.0,9.855416666666665,0.9530555555555555
2023-02-17,62.641666666666666,76.45833333333333,69.13194444444444,0.0,10.3125,1.0068055555555555
2023-02-18,50.166666666666664,62.641666666666666,68.0625,0.0,10.778819444444444,1.2434027777777779
2023-02-19,55.1375,50.166666666666664,73.4513888888889,0.0,10.943958333333333,1.1332638888888888
2023-02-20,59.0125,55.1375,79.5486111111111,0.0,9.909722222222223,1.0643055555555556
2023-02-21,70.33333333333333,59.0125,76.0486111111111,0.0,10.628819444444444,0.7179861111111111
2023-02-22,66.40833333333333,70.33333333333333,75.65972222222223,0.0,11.507152777777776,0.8346527777777777
2023-02-23,68.9625,66.40833333333333,74.33333333333333,0.0,12.155208333333333,1.0988888888888888
2023-02-24,60.195833333333326,68.9625,78.34722222222223,0.2,11.823333333333332,0.7213194444444444
2023-02-25,48.77083333333333,60.195833333333326,77.88194444444444,0.0,11.793611111111112,1.1654861111111112
2023-02-26,43.4125,48.77083333333333,82.21527777777777,1.4,5.514652777777777,2.2260416666666667
2023-02-27,48.53333333333333,43.4125,78.44444444444444,0.8,4.286111111111111,1.093125
2023-02-28,50.266666666666666,48.53333333333333,59.291666666666664,0.0,6.126875,0.9040972222222222
2023-03-01,64.0625,50.266666666666666,69.42361111111111,0.4,5.991736111111111,0.7819444444444444
2023-03-02,52.77916666666666,64.0625,76.2986111111111,0.0,7.817430555555555,0.7472916666666666
2023-03-04,80.75416666666666,71.0875,61.576388888888886,0.0,11.243055555555555,0.6615277777777777
2023-03-05,60.48333333333333,80.75416666666666,63.736111111111114,0.0,10.799097222222223,0.85875
2023-03-06,44.2875,60.48333333333333,61.354166666666664,0.0,11.041388888888887,0.8886805555555555
2023-03-07,64.65416666666667,44.2875,62.30069930069929,0.0,10.965104895104895,0.6816083916083916
2023-03-08,68.14166666666667,64.65416666666667,63.77777777777778,0.0,11.223333333333333,0.6227083333333333
2023-03-09,52.65,68.14166666666667,64.70833333333333,0.0,13.904652777777777,0.8215972222222222
2023-03-10,51.7,52.65,62.611111111111114,0.0,13.989166666666666,1.7961111111111112
2023-03-11,36.820833333333326,51.7,36.576388888888886,0.0,16.36423611111111,1.744375
2023-03-12,38.00416666666666,36.820833333333326,60.75694444444445,0.0,12.985902777777776,2.1870138888888886
2023-03-13,49.8,38.00416666666666,64.15972222222223,0.0,12.227222222222222,1.2972222222222223
2023-03-14,41.37083333333333,49.8,76.0625,1.2,11.978263888888888,1.8750694444444445
2023-03-15,31.8875,41.37083333333333,20.36111111111111,0.0,12.701527777777777,2.182430555555556
2023-03-16,66.775,31.8875,37.013888888888886,0.0,11.0925,1.725625
2023-03-17,64.89583333333333,66.775,41.8125,0.0,10.900347222222223,1.3068055555555556
2023-03-19,57.016666666666666,74.25,58.951388888888886,0.0,12.494722222222222,1.0300694444444445
2023-03-20,71.16666666666666,57.016666666666666,68.58333333333333,0.0,12.483888888888888,1.0119444444444443
2023-03-21,77.99583333333332,71.16666666666666,59.95833333333333,0.0,14.189513888888888,0.5302777777777777
2023-03-22,80.69166666666666,77.99583333333332,51.34722222222222,0.0,16.145277777777775,0.6780555555555555
2023-03-23,35.7375,80.69166666666666,56.24305555555556,0.0,15.554861111111112,1.2720138888888888
2023-03-24,37.575,35.7375,67.0,0.0,14.749722222222221,1.1656944444444444
2023-03-26,52.23333333333333,44.820833333333326,67.875,0.2,12.062013888888888,1.4677083333333332
2023-03-27,34.36,52.23333333333333,35.53472222222222,0.0,12.863541666666666,2.4540972222222224
2023-03-29,40.46666666666666,32.25416666666666,50.423611111111114,0.0,13.063055555555556,1.1955555555555557
2023-03-30,39.15416666666666,40.46666666666666,67.27083333333333,0.0,14.12125,0.8147222222222222
2023-03-31,46.14583333333333,39.15416666666666,65.32638888888889,0.0,13.527083333333332,1.0461111111111112
2023-04-01,44.50416666666666,46.14583333333333,46.61805555555556,0.0,14.940555555555555,1.0721527777777777
2023-04-02,40.87083333333333,44.50416666666666,47.59722222222222,0.0,15.202847222222221,1.399375
2023-04-03,51.05,40.87083333333333,51.89583333333333,0.0,13.785069444444444,2.5940972222222225
2023-04-04,33.2,51.05,40.14583333333333,0.0,10.299930555555555,2.334791666666667
2023-04-05,42.3625,33.2,38.076388888888886,0.0,9.583958333333332,2.1352083333333334
2023-04-06,46.979166666666664,42.3625,34.201388888888886,0.0,10.590069444444444,1.1173611111111112
2023-04-07,50.375,46.979166666666664,57.298611111111114,0.0,11.361805555555556,0.7751388888888888
2023-04-08,42.78333333333333,50.375,54.923611111111114,0.0,13.007638888888888,1.2711111111111113
2023-04-09,28.304166666666664,42.78333333333333,54.798611111111114,0.0,13.355555555555556,1.890763888888889
2023-04-10,23.579166666666666,28.304166666666664,44.604166666666664,0.0,13.811458333333333,1.6501388888888888
2023-04-11,36.070833333333326,23.579166666666666,51.201388888888886,0.0,15.655416666666666,1.0909722222222222
2023-04-12,44.80833333333333,36.070833333333326,61.541666666666664,0.2,14.032986111111112,1.8613888888888888
2023-04-13,40.916666666666664,44.80833333333333,77.33333333333333,0.4,10.462152777777776,1.7484722222222222
2023-04-14,33.266666666666666,40.916666666666664,39.18055555555556,0.0,14.129305555555556,1.36125
2023-04-15,46.90833333333333,33.266666666666666,47.38194444444445,0.0,13.987777777777776,1.2886805555555556
2023-04-16,39.67083333333333,46.90833333333333,50.83333333333333,0.0,15.211319444444444,1.6688194444444444
2023-04-18,51.4,39.354166666666664,41.513888888888886,0.0,17.42770833333333,1.1188888888888888
2023-04-19,44.18333333333333,51.4,46.13194444444445,0.0,17.805555555555557,1.419722222222222
2023-04-20,44.37083333333333,44.18333333333333,90.29166666666666,3.6,11.789097222222223,3.045625
2023-04-21,43.14583333333333,44.37083333333333,80.9375,0.0,13.463194444444444,1.210625
2023-04-22,42.21666666666666,43.14583333333333,61.75,0.0,16.117083333333333,0.7029861111111111
2023-04-23,39.12083333333333,42.21666666666666,51.104166666666664,0.0,18.202222222222225,1.0095833333333333
2023-04-24,33.34583333333333,39.12083333333333,57.33333333333333,0.4,17.457152777777775,1.2275694444444445
2023-04-25,28.866666666666664,33.34583333333333,60.0625,0.0,15.185763888888888,2.1390277777777778
2023-04-27,54.6,40.05416666666667,45.44444444444445,0.0,17.178194444444443,1.6097916666666667
2023-04-28,38.925,54.6,48.68055555555556,0.0,18.00958333333333,1.4906944444444443
2023-04-29,26.683333333333334,38.925,69.83333333333333,0.0,18.015694444444446,1.2270833333333333
2023-04-30,23.3,26.683333333333334,63.251748251748246,0.0,18.75251748251748,2.5651748251748248
2023-05-02,23.3,21.2375,74.94444444444444,0.4,15.856736111111111,1.5095833333333333
2023-05-04,37.14583333333333,30.520833333333332,50.513888888888886,0.0,20.04513888888889,1.2588888888888887
2023-05-05,39.2625,37.14583333333333,50.47222222222222,0.0,21.226388888888888,1.1017361111111112
2023-05-06,40.541666666666664,39.2625,45.58333333333333,0.0,22.345555555555556,1.0258333333333332
2023-05-07,18.466666666666665,40.541666666666664,55.875,0.0,21.640347222222225,1.3753472222222223
2023-05-08,36.0625,18.466666666666665,68.14583333333333,0.2,19.636944444444445,2.16125
2023-05-09,33.07083333333333,36.0625,67.60839160839161,1.4,18.867272727272727,2.95958041958042
2023-05-10,29.520833333333332,33.07083333333333,89.40277777777777,1.6,14.095208333333332,2.1053472222222225
2023-05-11,32.02083333333333,29.520833333333332,73.04166666666666,0.8,15.652569444444444,1.3734027777777778
2023-05-12,40.475,32.02083333333333,83.6736111111111,0.2,13.965625,1.5390972222222221
2023-05-13,31.245833333333334,40.475,70.40277777777777,0.0,15.589513888888888,1.6163194444444444
2023-05-14,24.15833333333333,31.245833333333334,74.0763888888889,0.6,15.300277777777776,1.6454861111111112
2023-05-15,35.40833333333333,24.15833333333333,66.20138888888889,0.0,17.58423611111111,1.2127777777777777
2023-05-16,35.53333333333333,35.40833333333333,68.9375,0.0,16.644861111111112,1.1034722222222222
2023-05-17,33.80833333333333,35.53333333333333,71.04166666666666,0.0,16.3625,1.1045138888888888
2023-05-18,35.1625,33.80833333333333,63.31944444444445,0.0,17.169027777777774,1.3173611111111112
2023-05-19,39.04583333333333,35.1625,78.06944444444444,1.0,15.3025,1.90375
2023-05-20,29.1125,39.04583333333333,92.625,0.2,14.874791666666667,0.9565277777777776
2023-05-21,18.229166666666664,29.1125,71.71527777777777,0.0,18.90958333333333,1.066736111111111
2023-05-22,30.120833333333334,18.229166666666664,56.90209790209791,0.0,22.07566433566433,0.9757342657342656
2023-05-23,31.683333333333334,30.120833333333334,52.22222222222222,0.0,23.43173611111111,0.8859722222222222
2023-05-24,33.30833333333333,31.683333333333334,63.111111111111114,1.8,20.843680555555554,1.370763888888889
2023-05-25,29.525,33.30833333333333,67.97222222222223,0.0,20.446041666666662,1.867430555555556
2023-05-26,29.729166666666664,29.525,59.44444444444445,0.0,22.751319444444444,0.9048611111111112
2023-05-27,87.7,29.729166666666664,57.607142857142854,0.2,23.34892857142857,2.5385
2023-05-30,38.52,33.2,52.08391608391608,0.0,23.53223776223776,1.9951748251748247
2023-05-31,35.44166666666666,38.52,55.27083333333333,0.0,21.978125,1.504236111111111
2023-06-01,35.15,35.44166666666666,49.08333333333333,0.0,23.94361111111111,0.9398611111111111
2023-06-03,30.45,26.691666666666663,57.43055555555556,0.0,22.648263888888888,1.6253472222222223
2023-06-04,24.041666666666664,30.45,67.95138888888889,0.4,20.65513888888889,1.7986111111111112
2023-06-05,36.87083333333333,24.041666666666664,72.00694444444444,0.0,19.735555555555557,1.7021527777777778
2023-06-06,30.991666666666664,36.87083333333333,61.875,0.0,22.343333333333334,1.2989583333333332
2023-06-08,32.990909090909085,30.125,53.52083333333333,0.0,23.66236111111111,1.1663194444444445
2023-06-09,23.716666666666665,32.990909090909085,59.013888888888886,0.0,23.244652777777777,1.1345138888888888
2023-06-10,17.3625,23.716666666666665,62.388888888888886,0.0,23.420625,1.2515277777777778
2023-06-11,23.083333333333332,17.3625,60.77777777777778,0.2,24.427083333333332,1.5188194444444445
2023-06-12,21.3375,23.083333333333332,58.867132867132874,0.0,24.31055944055944,1.3123776223776225
2023-06-13,29.48333333333333,21.3375,64.03472222222223,0.0,22.248125,2.3446527777777777
2023-06-14,27.541666666666664,29.48333333333333,66.47916666666666,0.4,22.09375,1.580625
2023-06-15,29.804166666666664,27.541666666666664,58.298611111111114,0.0,23.700416666666666,1.1395833333333332
2023-06-16,31.654166666666665,29.804166666666664,47.111111111111114,0.0,25.31861111111111,1.4555555555555555
2023-06-17,19.754166666666663,31.654166666666665,41.854166666666664,0.0,25.879027777777775,1.4967361111111113
2023-06-18,22.375,19.754166666666663,46.18055555555556,0.0,25.723680555555557,1.1346527777777777
2023-06-20,39.14782608695652,20.026086956521738,39.57142857142857,0.0,27.347928571428568,1.3435714285714286
2023-06-21,39.070833333333326,39.14782608695652,41.38461538461537,0.0,27.751748251748246,1.393986013986014
2023-06-22,50.62083333333333,39.070833333333326,47.486111111111114,0.0,29.438819444444444,1.1994444444444443
2023-06-23,31.704166666666666,50.62083333333333,35.791666666666664,0.0,29.054027777777776,1.864375
2023-06-24,34.15416666666666,31.704166666666666,28.069444444444443,0.0,28.523125,1.2055555555555555
2023-06-25,31.478260869565215,34.15416666666666,40.79020979020979,0.0,27.714755244755246,2.2228671328671328
2023-06-26,37.604166666666664,31.478260869565215,42.692307692307686,0.0,29.21804195804196,1.1875524475524477
2023-06-27,36.4125,37.604166666666664,43.89510489510489,0.0,29.744615384615383,1.166153846153846
2023-06-28,40.758333333333326,36.4125,53.52777777777778,0.0,25.913819444444442,3.044236111111111
2023-06-29,35.233333333333334,40.758333333333326,45.38194444444445,0.0,25.74048611111111,2.116041666666667
2023-06-30,45.72083333333333,35.233333333333334,81.3263888888889,2.4,20.406736111111112,1.4986111111111111
2023-07-01,28.633333333333333,45.72083333333333,72.69444444444444,0.0,22.797083333333333,0.8978472222222222
2023-07-02,29.129166666666663,28.633333333333333,57.013888888888886,0.0,26.372708333333332,1.1170833333333332
2023-07-03,22.554166666666664,29.129166666666663,54.3125,0.0,26.66201388888889,1.2729166666666667
2023-07-04,30.29583333333333,22.554166666666664,58.9375,0.2,25.69,1.9821527777777777
2023-07-05,32.9125,30.29583333333333,64.81944444444444,2.2,24.109583333333333,1.1844444444444444
2023-07-06,43.21666666666666,32.9125,66.70833333333333,2.8,22.991180555555555,2.1020138888888886
2023-07-08,33.025,37.320833333333326,48.479166666666664,0.0,27.813541666666666,1.2604861111111112
2023-07-09,29.116666666666664,33.025,49.52083333333333,0.0,29.215416666666663,0.9008333333333332
2023-07-10,35.71666666666666,29.116666666666664,48.96527777777778,0.0,30.997916666666665,0.8470833333333333
2023-07-11,35.3,35.71666666666666,45.47552447552448,0.0,31.649300699300696,1.2517482517482517
2023-07-12,33.69583333333333,35.3,55.25,0.4,27.774027777777775,1.7092361111111112
2023-07-13,33.625,33.69583333333333,65.86805555555556,0.0,25.590138888888887,1.2494444444444444
2023-07-16,33.18333333333333,33.766666666666666,51.75,0.0,29.987361111111113,0.9340277777777776
2023-07-17,21.7625,33.18333333333333,51.44055944055944,0.0,30.34125874125874,1.4434965034965035
2023-07-18,34.4625,21.7625,59.52777777777778,0.0,30.204583333333332,1.2809722222222222
2023-07-19,41.925,34.4625,60.0,0.0,30.537777777777777,1.2040277777777777
2023-07-20,22.875,41.925,59.791666666666664,0.0,28.282847222222223,1.6197916666666667
2023-07-21,30.54583333333333,22.875,67.58865248226951,0.8,25.251357142857145,1.9948936170212768
2023-07-24,27.675,19.7875,70.22916666666666,2.0,24.21013888888889,1.8000694444444445
2023-07-25,17.117391304347827,27.675,71.42657342657343,3.2,23.832377622377624,1.1125874125874127
2023-07-26,26.616666666666664,17.117391304347827,26.251748251748246,0.0,25.476013986013985,1.8742657342657345
2023-07-29,18.84782608695652,19.085714285714285,60.56643356643357,0.0,26.430069930069926,1.3016083916083916
2023-07-30,19.59583333333333,18.84782608695652,68.14583333333333,1.0,25.516597222222224,0.9704861111111112
2023-07-31,34.25833333333333,19.59583333333333,60.513888888888886,0.0,27.378819444444446,1.9108333333333332
2023-08-01,30.179166666666664,34.25833333333333,62.638888888888886,0.0,26.100347222222226,1.3458333333333332
2023-08-02,30.8375,30.179166666666664,59.86805555555556,0.0,26.164513888888887,2.0283333333333333
2023-08-03,36.275,30.8375,54.69444444444445,0.0,27.21770833333333,1.252152777777778
2023-08-04,34.86363636363637,36.275,57.51048951048951,0.0,23.806713286713286,1.877692307692308
2023-08-08,32.1125,18.58235294117647,30.368055555555557,0.0,24.071527777777774,1.0450694444444444
2023-08-09,34.27083333333333,32.1125,37.173611111111114,0.0,25.07486111111111,0.86625
2023-08-10,27.325,34.27083333333333,51.31468531468531,0.0,25.85013986013986,1.755034965034965
2023-08-11,21.070833333333333,27.325,53.37323943661972,0.0,26.817394366197185,1.6953521126760565
2023-08-12,18.8125,21.070833333333333,49.986111111111114,0.0,28.00625,1.2620833333333332
2023-08-13,13.895833333333332,18.8125,50.236111111111114,0.0,29.07,1.5231944444444443
2023-08-14,16.7375,13.895833333333332,50.34027777777778,0.0,29.585972222222225,1.1475
2023-08-15,10.066666666666666,16.7375,46.826388888888886,0.0,29.652291666666663,1.1198611111111112
2023-08-16,13.0875,10.066666666666666,48.95104895104895,0.0,29.70153846153846,1.3865734265734266
2023-08-17,9.25,13.0875,53.21678321678321,0.0,28.362657342657343,1.1634965034965037
2023-08-18,13.5,9.25,49.28671328671329,0.0,28.915804195804196,1.0202797202797205
2023-08-19,18.1625,13.5,52.201388888888886,0.0,30.104236111111113,1.2077777777777778
2023-08-20,14.670833333333333,18.1625,49.5625,0.0,31.086805555555557,1.5715277777777779
2023-08-21,19.541666666666664,14.670833333333333,46.166666666666664,0.0,31.694375,0.8326388888888888
2023-08-22,28.9625,19.541666666666664,45.24475524475525,0.0,32.14090909090909,0.8585314685314684
2023-08-23,16.404166666666665,28.9625,43.25874125874125,0.0,32.63076923076923,1.0008391608391607
2023-08-24,18.245833333333334,16.404166666666665,43.69444444444445,0.0,32.683819444444445,1.2241666666666668
2023-08-25,11.5375,18.245833333333334,41.307692307692314,0.0,31.80104895104895,1.3355944055944056
2023-08-26,8.930434782608694,11.5375,62.39160839160839,1.4,27.248181818181816,1.01993006993007
2023-08-27,11.125,8.930434782608694,77.79166666666666,1.8,22.860555555555557,2.453958333333333
2023-08-28,3.8,11.125,81.72222222222223,2.8,19.234513888888888,2.4027777777777777
2023-09-05,33.3,18.726086956521737,49.71328671328671,0.0,23.56097902097902,2.083636363636364
2023-09-06,37.59166666666666,33.3,45.84027777777778,0.0,23.084444444444443,0.6785416666666666
2023-09-07,48.85,37.59166666666666,53.666666666666664,0.0,24.502430555555556,1.1213888888888888
2023-09-08,46.666666666666664,48.85,52.02083333333333,0.0,25.121180555555554,0.7817361111111111
2023-09-09,54.7875,46.666666666666664,53.95070422535211,0.0,25.219718309859157,0.8097887323943661
2023-09-10,42.4125,54.7875,58.49650349650349,0.0,25.655524475524476,0.6519580419580419
2023-09-11,50.025,42.4125,57.923611111111114,0.0,26.036666666666665,0.7222916666666666
2023-09-12,40.141666666666666,50.025,54.75,0.0,25.641041666666663,1.015625
2023-09-14,31.3625,35.041666666666664,72.34722222222223,0.0,22.851388888888888,0.9295138888888888
2023-09-15,38.791666666666664,31.3625,78.31944444444444,4.2,21.270625,0.954375
2023-09-16,35.34166666666666,38.791666666666664,74.8611111111111,0.8,22.15125,1.1802083333333333
2023-09-17,16.583333333333332,35.34166666666666,77.55555555555556,0.0,22.57486111111111,0.7678472222222222
2023-09-19,34.9,39.03333333333333,76.05555555555556,0.0,22.412847222222226,0.6122916666666666
2023-09-20,44.5375,34.9,73.2638888888889,0.0,22.010555555555555,1.1805555555555556
2023-09-22,43.070833333333326,50.0375,79.03472222222223,0.0,20.196458333333332,3.044236111111111
2023-09-23,27.05,43.070833333333326,72.5,1.4,17.75326388888889,1.4961805555555556
2023-09-24,40.22608695652173,27.05,56.04195804195804,0.0,18.114615384615384,0.6575524475524475
2023-09-25,42.7875,40.22608695652173,59.138888888888886,0.0,19.096111111111114,0.9605555555555556
2023-09-26,47.42916666666667,42.7875,62.24305555555556,0.0,20.198888888888888,0.7572916666666666
2023-09-27,50.21666666666666,47.42916666666667,61.81944444444445,0.0,21.72875,0.7334027777777777
2023-09-29,66.74166666666666,59.883333333333326,62.22222222222222,0.0,21.675625,0.5529861111111111
2023-09-30,63.27083333333333,66.74166666666666,63.826388888888886,0.0,22.070277777777775,0.5295138888888888
2023-10-02,62.354166666666664,59.104166666666664,68.04861111111111,0.0,22.215694444444445,0.5254166666666666
2023-10-03,44.9125,62.354166666666664,68.95138888888889,0.0,22.141111111111112,0.8084722222222221
2023-10-04,41.6875,44.9125,70.41666666666666,0.0,21.679861111111112,1.3028472222222223
2023-10-05,43.829166666666666,41.6875,60.875,0.0,21.679583333333333,0.9608333333333332
2023-10-06,57.854166666666664,43.829166666666666,68.05555555555556,0.0,21.108541666666664,0.8592361111111111
2023-10-08,43.61666666666667,45.625,64.69444444444444,0.0,22.09625,0.9181944444444444
2023-10-09,39.525,43.61666666666667,55.6875,0.0,22.805,1.0640277777777778
2023-10-10,43.258333333333326,39.525,64.375,0.0,22.22208333333333,0.7928472222222221
2023-10-11,53.21666666666666,43.258333333333326,70.77083333333333,0.0,21.466944444444444,0.5346527777777778
2023-10-12,49.87083333333333,53.21666666666666,69.95138888888889,0.0,21.437152777777776,0.7248611111111111
2023-10-13,27.575,49.87083333333333,65.59722222222223,0.0,21.800972222222224,0.8711805555555555
2023-10-14,30.416666666666664,27.575,69.52083333333333,0.0,20.951805555555556,0.9657638888888888
2023-10-15,25.53333333333333,30.416666666666664,55.03472222222222,0.0,19.313888888888886,1.5940277777777778
2023-10-18,46.75,42.633333333333326,72.22916666666666,0.0,13.377569444444443,1.2224305555555557
2023-10-19,35.37083333333333,46.75,96.05555555555556,0.4,12.763819444444444,0.75
2023-10-20,39.15,35.37083333333333,93.61805555555556,2.0,15.862083333333333,2.1909722222222223
2023-10-21,40.97083333333333,39.15,79.4513888888889,0.0,17.524166666666666,1.3455555555555556
2023-10-22,23.15,40.97083333333333,78.36805555555556,0.4,16.427291666666665,0.7209722222222222
2023-10-27,33.12916666666666,29.3375,83.8263888888889,1.6,16.174305555555556,1.3336111111111113
2023-10-28,40.8875,33.12916666666666,78.77777777777777,0.0,14.936041666666666,0.860625
2023-10-29,36.55833333333333,40.8875,83.88194444444444,0.2,14.792152777777776,2.089166666666667
2023-10-30,33.20833333333333,36.55833333333333,98.27777777777776,1.8,14.904166666666667,1.4885416666666669
2023-10-31,30.2,33.20833333333333,80.5625,4.8,14.232708333333331,1.8145833333333332
2023-11-01,39.56666666666666,30.2,81.47222222222223,0.0,12.356180555555556,1.2626388888888889
2023-11-02,36.85,39.56666666666666,98.42361111111111,2.4,11.878125,2.289930555555556
2023-11-03,38.54583333333333,36.85,81.69444444444444,4.2,11.850694444444445,1.3978472222222222
2023-11-05,30.691666666666663,45.3,82.66666666666666,1.0,10.752569444444443,1.0265972222222222
2023-11-06,45.28333333333333,30.691666666666663,81.95833333333333,0.0,11.471319444444443,1.0022222222222221
2023-11-07,50.12916666666666,45.28333333333333,80.30555555555556,0.0,12.158125,0.9884722222222222
2023-11-08,53.93333333333333,50.12916666666666,74.80555555555556,0.0,10.282916666666665,0.5350694444444444
2023-11-09,51.229166666666664,53.93333333333333,86.04166666666666,0.6,8.884097222222222,0.7590972222222222
2023-11-10,40.75416666666666,51.229166666666664,85.6875,0.0,9.386041666666666,0.9990972222222222
2023-11-11,43.0875,40.75416666666666,71.0625,0.0,9.491180555555555,1.129375
2023-11-12,47.175,43.0875,72.36805555555556,0.0,9.298958333333331,1.0048611111111112
2023-11-13,56.52083333333333,47.175,75.75694444444444,0.0,9.775,0.7295833333333333
2023-11-14,53.3625,56.52083333333333,83.30555555555556,0.0,11.502083333333331,0.7228472222222222
2023-11-15,44.416666666666664,53.3625,81.81944444444444,0.0,12.311388888888889,1.3822222222222222
2023-11-16,66.07083333333333,44.416666666666664,64.63194444444444,0.0,11.401666666666666,0.726875
2023-11-17,44.875,66.07083333333333,47.59027777777778,0.0,12.159930555555556,1.9438888888888888
2023-11-19,61.27916666666666,61.916666666666664,62.99305555555556,0.0,10.23625,0.5840277777777777
2023-11-20,61.55833333333333,61.27916666666666,76.96527777777777,0.0,9.281736111111112,0.974375
2023-11-21,60.92083333333333,61.55833333333333,75.19444444444444,0.0,11.039444444444444,0.9706944444444444
2023-11-22,64.89583333333333,60.92083333333333,71.53472222222223,0.0,9.965902777777776,0.7000694444444444
2023-11-23,69.13333333333333,64.89583333333333,70.40559440559441,0.0,9.107552447552449,0.6466433566433566
2023-11-24,65.63333333333333,69.13333333333333,60.97222222222222,0.0,9.648819444444445,1.075
2023-11-25,39.775,65.63333333333333,26.777777777777775,0.0,8.92861111111111,1.9575694444444445
2023-11-26,51.258333333333326,39.775,35.19444444444444,0.0,8.072847222222222,1.4683333333333333
2023-11-27,67.6875,51.258333333333326,59.84027777777778,0.0,5.880347222222222,1.0201388888888887
2023-11-28,53.90833333333333,67.6875,69.41666666666666,0.2,6.558402777777777,1.7275694444444445
2023-11-29,70.76666666666667,53.90833333333333,47.361111111111114,0.0,7.44173611111111,1.1393055555555556
2023-11-30,54.19166666666666,70.76666666666667,87.86805555555556,0.4,4.860277777777777,0.7740277777777776
2023-12-01,45.14583333333333,54.19166666666666,98.97916666666666,0.6,5.467847222222223,0.8882638888888889
2023-12-02,39.4,45.14583333333333,64.86111111111111,0.2,8.07402777777778,1.762708333333333
2023-12-03,57.2875,39.4,62.78472222222222,0.0,5.573055555555556,0.7442361111111111
2023-12-05,49.729166666666664,59.02083333333333,84.7013888888889,0.0,3.5802777777777774,0.8284722222222222
2023-12-06,59.87083333333333,49.729166666666664,79.7361111111111,0.0,4.054652777777777,0.6327777777777777
2023-12-07,83.2375,59.87083333333333,75.99305555555556,0.0,4.458680555555556,0.5108333333333333
2023-12-08,60.97083333333333,83.2375,82.4375,0.2,4.515138888888889,0.7522222222222222
2023-12-09,43.195833333333326,60.97083333333333,94.29861111111111,0.2,3.886944444444445,0.8834722222222222
2023-12-10,38.883333333333326,43.195833333333326,92.5,0.0,5.497361111111111,1.3283333333333331
2023-12-11,45.64583333333333,38.883333333333326,94.7638888888889,0.0,6.180902777777778,0.9193055555555556
2023-12-13,50.31363636363636,53.604166666666664,95.75,0.2,7.844791666666666,0.6005555555555555
2023-12-14,41.19166666666666,50.31363636363636,91.5138888888889,0.0,7.728194444444445,0.7402777777777777
2023-12-15,64.72083333333333,41.19166666666666,83.55555555555556,0.0,7.378263888888889,0.5709722222222222
2023-12-16,58.09166666666666,64.72083333333333,73.46527777777777,0.0,6.397638888888888,0.7918055555555555
2023-12-17,42.94166666666666,58.09166666666666,84.63194444444444,0.0,4.185,0.8376388888888888
2023-12-18,53.6,42.94166666666666,80.40972222222223,0.0,6.099375,0.6754861111111111
2023-12-19,69.9,53.6,76.00694444444444,0.0,6.866944444444445,0.4861111111111111
2023-12-20,63.93043478260869,69.9,80.79020979020979,0.0,6.393475177304965,0.548111888111888
2023-12-21,61.166666666666664,63.93043478260869,81.09722222222223,0.0,5.780763888888889,0.7602083333333333
2023-12-22,46.65833333333333,61.166666666666664,42.09722222222222,0.0,12.78,1.7630555555555556
2023-12-23,58.48333333333333,46.65833333333333,44.52777777777778,0.0,13.371666666666666,1.6047222222222222
2023-12-26,69.2625,74.04583333333333,80.6388888888889,0.0,10.437847222222222,0.7405555555555555
2023-12-27,66.02916666666667,69.2625,78.95833333333333,0.0,9.804236111111113,0.5431944444444444
2023-12-28,59.329166666666666,66.02916666666667,76.99305555555556,0.0,9.622777777777776,0.5460416666666666
2023-12-29,50.945833333333326,59.329166666666666,74.15277777777777,0.0,9.200902777777776,0.7578472222222222
2023-12-30,53.0125,50.945833333333326,73.75,0.0,9.42513888888889,0.7131944444444444
2023-12-31,47.80833333333333,53.0125,95.02777777777776,0.8,7.916597222222222,1.390486111111111
2024-01-01,43.8,47.80833333333333,93.98611111111111,0.0,6.169652777777777,0.9823611111111112
