date,value,Rain,Wind,Temp,Humidity,value_dayb
2018-01-02,37.4,0.0,1.3675,6.5101,88.9653,42.5
2018-01-03,47.9,0.4,0.9038,5.8387,81.2292,37.4
2018-01-04,37.8,0.0,0.9815,8.1765,78.4167,47.9
2018-01-05,71.6,1.4,0.8531,6.4087,82.1667,37.8
2018-01-06,49.8,7.4,0.5831,7.3478,86.8056,71.6
2018-01-07,52.2,0.2,1.553,8.7825,89.6111,49.8
2018-01-08,40.5,0.8,3.1367,10.9212,84.875,52.2
2018-01-09,30.1,9.0,2.4949,11.1001,91.0833,40.5
2018-01-10,38.0,0.0,0.9149,9.0354,91.3403,30.1
2018-01-11,54.5,0.4,0.7629,8.379,90.75,38.0
2018-01-12,59.1,0.0,0.9048,8.4535,88.7222,54.5
2018-01-13,55.4,0.0,0.6651,7.0036,89.1319,59.1
2018-01-14,63.8,0.0,0.9636,4.5267,86.8194,55.4
2018-01-15,71.9,0.4,0.6444,4.0692,88.8056,63.8
2018-01-16,57.9,0.0,0.9723,4.8782,88.0694,71.9
2018-01-17,57.1,0.4,1.4385,5.2405,79.2986,57.9
2018-01-18,56.1,0.0,0.9282,6.4751,60.6528,57.1
2018-01-19,56.1,0.0,0.7847,6.6967,54.4792,56.1
2018-01-20,72.5,0.0,1.1005,5.0846,63.8194,56.1
2018-01-21,24.7,0.0,1.7427,7.3769,50.2639,72.5
2018-01-22,46.1,0.0,1.0186,6.7304,45.3472,24.7
2018-01-24,77.2,0.0,0.7853,6.1865,63.3819,46.1
2018-01-27,54.7,2.6,1.0356,7.3468,80.5764,77.2
2018-01-28,47.4,0.2,0.5772,5.3108,85.5486,54.7
2018-01-29,61.5,0.0,0.5337,4.9668,82.5625,47.4
2018-01-30,63.5,0.0,1.2248,3.8124,81.0139,61.5
2018-01-31,60.9,1.6,0.6269,5.9856,82.3403,63.5
2018-02-01,38.3,6.0,1.7228,6.1692,84.8264,60.9
2018-02-02,39.1,0.0,1.1517,6.2872,77.6181,38.3
2018-02-03,35.2,0.0,1.1242,5.2822,68.0694,39.1
2018-02-04,35.1,0.0,1.3089,4.3797,64.8958,35.2
2018-02-05,30.6,2.4,1.3401,4.5927,72.9236,35.1
2018-02-06,31.3,10.2,0.8967,3.8778,79.3681,30.6
2018-02-07,28.0,1.8,0.8688,4.9299,74.6875,31.3
2018-02-08,51.7,0.0,0.7165,6.4396,71.0972,28.0
2018-02-09,38.6,0.4,0.9638,7.6448,66.2639,51.7
2018-02-10,38.1,2.6,0.8892,6.5772,68.4861,38.6
2018-02-11,62.3,0.0,1.2658,5.5354,67.0972,38.1
2018-02-12,65.1,0.0,1.3943,5.4512,64.4861,62.3
2018-02-13,26.2,0.0,1.0469,4.1972,54.2153,65.1
2018-02-14,46.7,0.0,0.7717,4.1625,46.4444,26.2
2018-02-15,65.6,0.0,0.8196,4.0321,52.0417,46.7
2018-02-18,70.9,0.0,1.4292,5.4539,71.0486,65.6
2018-02-19,34.5,0.0,1.1769,4.8225,58.3056,70.9
2018-02-20,54.0,0.0,1.06,5.1693,56.2431,34.5
2018-02-21,54.7,0.0,1.0208,5.3217,53.875,54.0
2018-02-22,42.7,1.0,0.8502,4.0729,69.4653,54.7
2018-02-23,32.8,5.4,0.9756,2.8596,78.6458,42.7
2018-02-24,38.5,0.4,0.9145,6.1801,69.4167,32.8
2018-02-25,33.8,0.2,3.5533,0.4206,57.9583,38.5
2018-02-26,34.2,0.0,1.9045,-1.5701,40.5486,33.8
2018-02-27,36.6,0.0,1.0655,-2.1288,41.9028,34.2
2018-02-28,58.4,0.0,1.5385,-1.3797,43.7083,36.6
2018-03-01,66.7,2.6,1.035,-1.7947,75.4097,58.4
2018-03-02,77.5,4.8,0.9033,-0.1715,79.125,66.7
2018-03-03,53.7,6.0,1.0888,1.0135,83.1875,77.5
2018-03-04,44.4,1.0,1.1353,1.8967,81.1181,53.7
2018-03-05,58.3,1.2,0.65,5.2535,77.3472,44.4
2018-03-06,57.4,1.0,0.7919,6.2411,77.4653,58.3
2018-03-07,49.9,6.8,1.1848,6.4738,79.3542,57.4
2018-03-08,43.7,0.0,0.8247,8.6831,59.3194,49.9
2018-03-09,46.9,0.0,0.989,11.0074,55.5,43.7
2018-03-10,26.5,5.2,0.778,9.1701,80.1458,46.9
2018-03-11,21.4,42.4,1.0019,8.1804,87.5417,26.5
2018-03-12,28.7,5.0,0.774,9.0788,77.6364,21.4
2018-03-13,40.3,0.0,0.7816,11.4386,63.4236,28.7
2018-03-14,33.4,0.0,1.004,11.631,52.0625,40.3
2018-03-15,35.7,21.0,1.9708,8.3761,76.3681,33.4
2018-03-16,18.5,1.6,1.1072,10.054,67.0208,35.7
2018-03-17,24.7,19.4,1.9081,8.3585,81.5,18.5
2018-03-18,9.8,11.0,1.6511,6.5939,82.3125,24.7
2018-03-19,17.6,1.2,1.6378,4.1244,78.5972,9.8
2018-03-20,30.7,5.2,1.6186,5.8845,66.2708,17.6
2018-03-21,28.0,1.2,1.5822,5.6585,54.6736,30.7
2018-03-22,34.9,0.0,1.3305,6.1194,44.6111,28.0
2018-03-23,55.6,0.0,1.5545,7.3179,49.2639,34.9
2018-03-24,37.9,0.0,2.1536,8.4184,49.4167,55.6
2018-03-25,30.0,0.0,1.2928,9.219,43.8264,37.9
2018-03-26,57.5,0.0,0.6681,10.168,48.7917,30.0
2018-03-27,61.4,0.0,0.8597,11.9776,43.7153,57.5
2018-03-28,50.6,0.0,1.3487,11.2878,59.4514,61.4
2018-03-29,59.9,1.0,1.6431,11.4728,71.3264,50.6
2018-03-30,45.1,1.4,2.456,13.1512,66.1736,59.9
2018-03-31,21.0,5.8,1.8269,10.439,65.9028,45.1
2018-04-01,6.8,0.0,1.677,13.4191,29.1458,21.0
2018-04-02,24.2,0.0,1.1999,11.9326,46.9028,6.8
2018-04-03,27.3,6.8,0.9438,11.3909,61.4792,24.2
2018-04-07,49.3,0.0,1.4151,15.4778,56.0694,27.3
2018-04-08,37.5,0.0,2.1628,15.4547,50.1597,49.3
2018-04-09,22.3,14.6,1.3937,12.3443,71.6111,37.5
2018-04-10,21.4,5.0,1.2988,11.2126,77.7361,22.3
2018-04-11,21.7,41.8,1.5081,10.4797,77.5486,21.4
2018-04-12,12.9,39.6,1.8917,10.7557,78.8472,21.7
2018-04-13,13.4,0.4,0.9068,11.8647,68.1528,12.9
2018-04-14,24.9,0.0,0.7207,14.7071,55.2431,13.4
2018-04-15,25.7,0.0,0.7368,14.607,60.3403,24.9
2018-04-16,36.6,0.0,0.7076,17.6447,54.3472,25.7
2018-04-17,54.5,0.0,1.3516,19.0703,55.3958,36.6
2018-04-18,50.8,0.0,1.0221,19.9744,50.7431,54.5
2018-04-19,47.0,0.0,1.2827,19.9735,46.3264,50.8
2018-04-20,48.4,0.0,0.8275,21.3583,43.3125,47.0
2018-04-21,52.3,0.0,0.9401,21.9925,44.1806,48.4
2018-04-22,36.0,0.0,1.3606,21.7142,40.7292,52.3
2018-04-23,38.7,0.0,1.4119,21.2178,45.6458,36.0
2018-04-24,35.0,0.0,1.1124,20.7928,48.2639,38.7
2018-04-25,34.0,0.0,1.4006,20.8812,46.7153,35.0
2018-04-26,32.4,0.0,1.3697,20.575,53.5417,34.0
2018-04-27,40.8,0.0,2.4698,18.8097,55.5903,32.4
2018-04-28,41.9,0.0,1.1248,19.9103,55.4444,40.8
2018-04-29,39.2,0.0,2.8745,20.7048,54.4444,41.9
2018-04-30,19.7,0.8,1.8367,17.2073,42.25,39.2
2018-05-01,18.4,3.6,1.6809,15.0197,51.1736,19.7
2018-05-02,16.2,10.0,1.1522,12.309,80.7708,18.4
2018-05-03,24.2,3.6,1.0231,14.8057,80.5764,16.2
2018-05-04,28.8,3.8,1.0723,17.5069,73.7986,24.2
2018-05-05,29.7,0.0,1.0074,19.2661,64.5972,28.8
2018-05-06,29.7,0.0,1.0823,21.5061,60.5694,29.7
2018-05-07,22.6,0.0,1.1149,20.3412,58.125,29.7
2018-05-08,24.5,16.8,1.3663,20.0192,59.1111,22.6
2018-05-09,19.4,5.2,1.3065,16.8806,73.3125,24.5
2018-05-10,18.7,0.0,0.8192,18.8791,61.6181,19.4
2018-05-11,28.8,4.6,1.2536,19.5139,63.2917,18.7
2018-05-12,19.5,0.4,0.894,18.7146,67.2708,28.8
2018-05-13,17.9,5.6,1.2573,17.4488,65.9931,19.5
2018-05-14,6.9,21.2,1.6843,13.8899,63.7917,17.9
2018-05-15,11.6,0.0,1.704,13.7517,62.3056,6.9
2018-05-16,20.0,7.4,1.0423,15.7849,65.0625,11.6
2018-05-17,20.4,0.0,1.0888,17.1199,65.2847,20.0
2018-05-18,22.8,0.0,1.0779,19.2003,55.6875,20.4
2018-05-19,22.0,0.4,1.1861,18.8122,59.2083,22.8
2018-05-20,13.8,8.6,1.5497,17.8947,66.9236,22.0
2018-05-21,14.8,0.8,1.1172,18.1364,64.4236,13.8
2018-05-22,26.6,1.2,1.1387,17.0626,74.3403,14.8
2018-05-23,21.8,0.0,0.8466,19.4716,65.1389,26.6
2018-05-24,25.2,0.0,0.8733,21.7815,57.5208,21.8
2018-05-25,22.4,0.0,0.9693,23.6372,50.6944,25.2
2018-05-26,38.6,0.0,1.3674,24.5769,53.5,22.4
2018-05-27,34.5,0.0,1.4926,24.4146,53.7917,38.6
2018-05-28,18.3,18.6,1.4524,21.1975,64.6667,34.5
2018-05-29,22.0,8.4,1.0442,21.2177,70.4306,18.3
2018-05-30,40.9,5.0,1.1998,22.3191,66.5764,22.0
2018-05-31,26.5,0.0,1.3221,21.6707,64.6181,40.9
2018-06-01,19.6,0.0,1.8794,22.2065,56.3681,26.5
2018-06-02,19.4,0.0,1.3605,22.9521,56.2222,19.6
2018-06-03,18.8,0.0,1.0626,24.2819,51.1181,19.4
2018-06-04,28.0,2.2,1.323,21.1277,70.5833,18.8
2018-06-05,24.7,0.0,1.3787,22.3053,62.7986,28.0
2018-06-06,17.5,0.0,1.4367,22.6194,57.8403,24.7
2018-06-07,16.7,1.2,1.374,22.7196,55.7986,17.5
2018-06-08,15.1,5.0,1.0953,20.2476,69.1597,16.7
2018-06-09,15.3,0.0,1.5665,23.0249,58.8542,15.1
2018-06-10,18.6,0.0,1.4997,24.2381,59.8542,15.3
2018-06-11,30.0,0.0,1.0878,24.9422,57.7986,18.6
2018-06-12,31.9,1.0,1.214,22.9683,64.3542,30.0
2018-06-13,18.0,8.2,1.1685,20.4021,71.125,31.9
2018-06-14,15.2,1.0,1.0054,23.0607,53.1042,18.0
2018-06-15,19.1,0.0,1.694,23.6721,49.9931,15.2
2018-06-16,22.5,0.0,1.6384,24.8062,43.8056,19.1
2018-06-17,23.6,0.0,1.0072,25.8162,45.4931,22.5
2018-06-18,19.4,4.8,1.509,25.4308,50.5139,23.6
2018-06-19,27.3,0.0,1.3706,26.5419,47.4931,19.4
2018-06-20,26.7,0.0,1.5652,27.5762,43.0347,27.3
2018-06-21,27.4,0.0,1.3276,27.5239,46.7431,26.7
2018-06-22,24.1,0.0,3.0031,25.441,53.7292,27.4
2018-06-23,18.6,0.0,2.0779,22.3813,45.5625,24.1
2018-06-24,17.9,0.0,1.7306,22.6916,39.0694,18.6
2018-06-25,22.2,0.0,2.6556,22.5702,48.8056,17.9
2018-06-26,14.8,0.0,1.5743,23.3901,40.5764,22.2
2018-06-27,23.4,0.0,1.7118,24.2812,39.7222,14.8
2018-06-28,16.5,0.0,1.2259,24.0637,38.3681,23.4
2018-06-29,21.8,0.0,1.3044,26.5117,35.7014,16.5
2018-06-30,21.9,0.0,1.3544,27.8349,41.1319,21.8
2018-07-01,25.0,0.0,1.8049,27.404,49.625,21.9
2018-07-02,26.3,0.0,2.0348,26.0922,53.7014,25.0
2018-07-03,27.6,1.6,1.5415,26.7575,51.3194,26.3
2018-07-04,15.8,4.6,1.7167,25.1024,60.2014,27.6
2018-07-05,16.7,31.4,1.5365,23.1607,65.4931,15.8
2018-07-06,19.2,7.8,1.0394,24.255,57.4236,16.7
2018-07-07,18.7,0.0,1.1576,26.0764,50.6806,19.2
2018-07-08,20.3,0.0,1.8432,26.4542,48.5069,18.7
2018-07-09,21.3,0.0,2.0185,26.5794,43.6944,20.3
2018-07-10,27.1,0.0,2.0627,26.262,48.5,21.3
2018-07-11,23.4,0.4,2.8958,22.7568,66.3333,27.1
2018-07-12,32.1,0.0,1.821,23.9722,63.3333,23.4
2018-07-13,35.0,0.0,1.0085,25.924,57.3472,32.1
2018-07-14,30.5,0.0,1.3454,26.3068,57.4306,35.0
2018-07-15,22.1,0.2,1.2259,26.0949,55.9514,30.5
2018-07-16,20.3,0.2,1.9396,23.1631,64.8681,22.1
2018-07-17,18.5,0.0,1.3459,25.3891,54.8681,20.3
2018-07-18,23.1,0.0,1.0121,27.6642,39.0,18.5
2018-07-19,20.6,0.0,1.141,27.7451,43.6736,23.1
2018-07-20,26.7,6.2,1.4169,26.5026,56.8611,20.6
2018-07-21,14.2,20.2,1.141,20.8312,74.0972,26.7
2018-07-22,10.5,4.2,1.1049,23.995,60.4236,14.2
2018-07-23,13.5,1.8,1.39,25.1117,59.2083,10.5
2018-07-24,16.8,0.0,1.3792,27.3905,48.7222,13.5
2018-07-25,19.2,0.0,0.9839,27.9408,47.5972,16.8
2018-07-26,34.7,5.0,1.9612,27.626,56.3542,19.2
2018-07-27,20.9,0.2,1.1631,26.4222,58.0278,34.7
2018-07-28,22.7,0.0,1.2672,26.7551,54.75,20.9
2018-07-29,16.6,0.0,0.8644,26.6799,54.5208,22.7
2018-07-30,24.6,0.0,0.9372,29.0568,50.1944,16.6
2018-07-31,29.0,0.0,1.021,30.2435,48.9792,24.6
2018-08-01,28.7,0.0,1.5035,29.7651,50.8819,29.0
2018-08-02,21.7,0.0,1.8333,28.6899,48.6458,28.7
2018-08-03,23.7,0.0,1.2549,29.6117,49.0417,21.7
2018-08-04,22.6,0.8,1.4036,29.0558,54.1667,23.7
2018-08-05,19.1,0.0,1.0288,29.5301,50.0903,22.6
2018-08-06,25.8,0.0,1.42,30.0253,50.5764,19.1
2018-08-07,15.6,0.0,1.4194,28.64,46.5347,25.8
2018-08-08,20.6,0.0,1.1804,28.5787,50.5347,15.6
2018-08-09,22.5,0.4,1.4033,26.5095,56.9931,20.6
2018-08-10,19.5,0.2,1.1659,26.0146,58.6458,22.5
2018-08-11,18.0,1.4,1.2249,26.2348,57.1042,19.5
2018-08-12,21.7,1.0,1.9336,25.1986,61.8889,18.0
2018-08-13,16.0,0.4,1.0384,23.3642,65.7361,21.7
2018-08-14,15.2,0.0,1.0174,23.4963,61.9097,16.0
2018-08-15,11.6,0.0,1.1457,24.9103,53.9444,15.2
2018-08-16,13.9,0.0,1.4588,25.7183,49.3889,11.6
2018-08-17,16.8,0.0,0.8917,26.6275,47.2917,13.9
2018-08-18,18.2,0.0,1.0825,26.7987,49.3194,16.8
2018-08-19,19.0,0.0,0.7094,27.2158,50.5208,18.2
2018-08-20,19.9,0.0,0.8353,28.3322,47.6806,19.0
2018-08-21,22.7,0.0,0.8748,28.2499,45.6736,19.9
2018-08-22,26.5,0.0,0.8548,28.0455,46.6389,22.7
2018-08-23,27.3,0.0,1.1617,27.8241,48.8056,26.5
2018-08-24,18.0,0.6,1.2087,26.2166,53.3264,27.3
2018-08-25,17.8,36.2,1.9869,19.5287,81.1736,18.0
2018-08-26,9.9,0.0,1.7125,19.9726,61.6319,17.8
2018-08-27,7.7,0.0,1.1961,20.9037,47.8611,9.9
2018-08-28,22.7,0.0,0.8082,23.0894,50.7569,7.7
2018-08-29,22.5,0.0,0.7597,24.2398,48.3889,22.7
2018-08-30,26.6,0.0,1.4894,25.2378,52.1597,22.5
2018-08-31,19.0,25.6,2.0897,20.4777,70.6806,26.6
2018-09-01,8.7,4.0,0.9003,18.0491,75.8056,19.0
2018-09-02,11.2,0.2,1.3445,19.2115,68.1042,8.7
2018-09-03,12.1,0.0,0.9964,20.4662,61.8819,11.2
2018-09-04,15.6,0.0,0.7819,21.7365,58.3264,12.1
2018-09-05,20.0,0.0,0.8417,23.1473,57.5903,15.6
2018-09-06,28.9,6.2,1.0892,22.2124,64.0486,20.0
2018-09-07,20.4,0.8,0.9185,21.0735,70.0278,28.9
2018-09-08,26.6,0.0,0.8483,22.9238,61.9931,20.4
2018-09-09,25.0,0.0,0.7405,23.5728,60.1806,26.6
2018-09-10,29.8,0.0,0.7507,24.3374,60.1389,25.0
2018-09-11,38.4,0.0,0.7188,25.1101,60.375,29.8
2018-09-12,38.7,0.0,0.8432,25.4269,58.375,38.4
2018-09-13,38.3,0.6,1.3237,24.5134,58.2847,38.7
2018-09-14,23.0,0.0,0.9389,23.8617,62.0833,38.3
2018-09-15,36.9,0.0,1.3769,23.6529,65.0764,23.0
2018-09-16,35.3,0.0,1.6188,23.8355,61.9653,36.9
2018-09-17,32.8,0.0,0.8566,23.1474,64.2083,35.3
2018-09-18,36.6,0.0,0.9051,23.3917,63.4931,32.8
2018-09-19,41.3,0.0,0.7624,23.4901,63.6042,36.6
2018-09-20,44.5,0.0,0.6514,24.0738,61.4792,41.3
2018-09-21,39.0,0.0,0.6788,24.4236,57.4653,44.5
2018-09-22,28.8,0.0,1.0743,24.7386,58.2778,39.0
2018-09-23,19.9,0.0,1.4814,23.3627,60.4653,28.8
2018-09-24,15.3,0.0,3.0256,22.7153,43.0486,19.9
2018-09-25,14.8,0.0,2.4258,17.7541,38.2222,15.3
2018-09-26,17.0,0.0,1.686,15.5521,41.5208,14.8
2018-09-27,36.7,0.0,0.607,16.8214,49.9861,17.0
2018-09-28,36.2,0.0,0.579,18.3235,50.5764,36.7
2018-09-29,27.9,0.0,1.4331,19.8401,46.7292,36.2
2018-09-30,21.6,1.6,1.92,17.8588,49.0625,27.9
2018-10-01,20.4,8.4,0.9923,13.4255,75.8681,21.6
2018-10-02,17.1,0.0,0.7844,14.5051,60.7222,20.4
2018-10-03,32.5,0.0,0.6995,15.5797,57.9097,17.1
2018-10-04,44.9,0.0,0.8299,17.0924,57.7639,32.5
2018-10-05,36.6,0.0,0.8447,16.9622,58.2014,44.9
2018-10-06,45.6,0.8,0.8381,16.6355,68.2222,36.6
2018-10-07,32.2,0.0,0.743,16.7332,69.5903,45.6
2018-10-08,43.7,0.0,0.8038,18.7688,64.8333,32.2
2018-10-09,58.1,0.0,0.7082,18.6979,67.6944,43.7
2018-10-10,53.2,0.0,1.7908,19.2931,63.1181,58.1
2018-10-11,53.3,9.0,1.5167,15.8975,77.1389,53.2
2018-10-12,33.9,0.0,0.891,18.0608,73.8125,53.3
2018-10-13,58.1,0.0,0.8707,17.6287,72.875,33.9
2018-10-14,51.8,0.0,0.8557,17.0212,65.0764,58.1
2018-10-15,50.3,0.4,1.1806,17.0056,64.6783,51.8
2018-10-16,46.2,0.0,0.8557,17.6737,63.6597,50.3
2018-10-17,54.7,0.0,0.6501,17.7125,65.0069,46.2
2018-10-18,57.2,0.0,0.5565,17.9431,66.0625,54.7
2018-10-19,51.9,0.0,0.7344,18.0938,66.7292,57.2
2018-10-20,61.0,0.0,0.5985,17.9688,64.9236,51.9
2018-10-21,60.5,0.0,2.0967,15.4615,67.2292,61.0
2018-10-22,15.1,0.0,0.7976,13.9563,51.0069,60.5
2018-10-23,29.5,0.0,1.0016,13.9469,57.1042,15.1
2018-10-24,14.6,0.0,2.3511,19.9928,41.0208,29.5
2018-10-25,59.0,0.0,1.9177,17.2193,62.8819,14.6
2018-10-26,33.7,0.2,1.3594,15.4994,76.1667,59.0
2018-10-27,34.5,23.2,3.0412,14.2449,87.1389,33.7
2018-10-28,14.2,37.8,2.6891,14.694,89.6389,34.5
2018-10-29,13.1,36.2,4.5997,14.0394,87.0972,14.2
2018-10-30,7.3,0.0,2.7004,12.9905,61.6944,13.1
2018-10-31,20.3,5.2,1.654,11.9059,72.8881,7.3
2018-11-01,16.9,21.4,1.7447,11.2919,85.4028,20.3
2018-11-02,28.7,6.2,0.5873,12.7549,84.9792,16.9
2018-11-03,15.2,7.4,0.7267,13.5126,85.2292,28.7
2018-11-04,22.7,0.0,1.0764,14.6685,78.0764,15.2
2018-11-05,22.2,16.8,1.7607,14.3159,86.0764,22.7
2018-11-06,22.0,8.0,3.2901,14.8902,83.1736,22.2
2018-11-07,21.3,4.6,1.1908,14.561,81.4514,22.0
2018-11-08,23.5,2.2,0.6581,14.0186,81.9722,21.3
2018-11-09,27.8,1.2,0.7015,13.7212,84.3264,23.5
2018-11-10,46.1,4.0,2.0705,12.184,85.8194,27.8
2018-11-11,39.1,1.4,1.6981,12.1959,86.7014,46.1
2018-11-12,30.1,0.2,0.7696,13.3969,85.4167,39.1
2018-11-13,30.4,0.2,0.9198,13.8708,83.6944,30.1
2018-11-14,53.5,0.0,0.8176,13.09,83.3403,30.4
2018-11-15,63.2,0.0,0.7185,12.3551,82.6181,53.5
2018-11-16,30.0,0.0,2.1688,11.0546,65.4306,63.2
2018-11-17,21.6,0.0,1.2087,9.0565,55.0069,30.0
2018-11-18,21.2,0.0,1.107,7.0429,49.2014,21.6
2018-11-19,30.5,0.0,1.666,5.2345,63.0139,21.2
2018-11-23,56.4,11.4,0.9415,8.5455,84.0972,30.5
2018-11-24,17.0,9.2,0.8891,8.2017,86.3125,56.4
2018-11-25,33.8,0.0,0.8036,9.1658,79.2847,17.0
2018-11-26,35.6,4.0,0.7906,9.1646,79.0625,33.8
2018-11-27,51.9,0.0,0.685,10.0859,67.2292,35.6
2018-11-28,52.3,0.0,0.8055,7.8508,60.5694,51.9
2018-11-29,53.8,0.0,1.3352,5.7738,69.8125,52.3
2018-11-30,57.9,0.0,0.868,4.5469,71.6111,53.8
2018-12-01,71.9,0.0,0.7397,4.339,77.1597,57.9
2018-12-02,71.0,0.0,0.9569,4.3753,77.1458,71.9
2018-12-06,66.1,0.0,0.782,8.9602,72.3819,71.0
2018-12-08,27.6,1.6,1.7692,10.1162,49.2847,66.1
2018-12-09,34.7,0.0,1.3759,7.9489,61.4861,27.6
2018-12-10,9.7,0.0,2.4515,10.0297,40.2778,34.7
2018-12-11,22.2,0.0,1.0561,7.7269,39.2917,9.7
2018-12-12,44.8,0.0,0.5867,4.7869,44.0069,22.2
2018-12-13,39.7,0.0,0.8907,4.238,50.2778,44.8
2018-12-14,54.6,0.0,0.6785,3.2742,59.7431,39.7
2018-12-15,63.7,0.0,0.7323,1.7324,65.4514,54.6
2018-12-16,78.2,0.0,0.822,2.22,69.7847,63.7
2018-12-17,73.8,0.0,1.0385,2.8075,73.2361,78.2
2018-12-19,73.8,10.4,0.8158,1.4324,83.1389,73.8
2018-12-20,32.8,0.4,1.0343,2.6928,81.9097,73.8
2018-12-21,40.5,0.0,1.0824,1.6775,82.7708,32.8
2018-12-22,42.7,0.0,0.9952,4.5631,77.0,40.5
2018-12-23,50.2,0.0,0.8384,2.5139,87.8056,42.7
2018-12-24,37.7,0.0,1.6063,5.2613,74.5903,50.2
2018-12-25,49.2,0.0,1.0159,3.6953,74.6458,37.7
2018-12-26,42.9,0.0,0.9391,0.4284,85.6181,49.2
2018-12-27,63.1,0.0,0.7171,1.6326,81.8194,42.9
2018-12-30,61.9,0.0,1.3233,7.6971,53.9167,63.1
2018-12-31,71.4,0.0,1.1731,6.0878,63.0347,61.9
2019-01-02,28.8,0.0,2.276,6.5629,39.1806,71.4
2019-01-03,24.9,0.0,1.2157,4.3742,29.4375,28.8
2019-01-04,54.2,0.0,0.5592,1.8917,45.1806,24.9
2019-01-05,71.5,0.0,0.9786,2.6254,51.4306,54.2
2019-01-06,77.1,0.0,0.9317,6.0585,53.7639,71.5
2019-01-09,36.4,0.0,2.1156,4.8459,47.9167,77.1
2019-01-10,14.0,0.0,1.1667,6.7851,21.3542,36.4
2019-01-11,37.2,0.0,0.7248,3.9029,33.7014,14.0
2019-01-12,69.8,0.0,0.5068,3.5583,45.3611,37.2
2019-01-13,76.0,0.0,0.9403,4.2312,60.2222,69.8
2019-01-14,23.0,0.0,2.5029,10.0951,38.7639,76.0
2019-01-15,34.2,0.0,0.8974,8.0292,37.0139,23.0
2019-01-16,56.0,2.4,0.4803,7.6004,54.2292,34.2
2019-01-17,51.8,7.6,0.911,6.3878,84.8889,56.0
2019-01-18,56.7,0.0,1.5612,4.5096,79.0833,51.8
2019-01-19,23.8,0.0,1.3569,4.2832,62.4444,56.7
2019-01-20,52.1,0.0,0.6335,2.8433,66.5903,23.8
2019-01-21,77.7,0.0,0.6769,2.7915,68.5972,52.1
2019-01-23,64.5,0.2,1.5935,0.929,75.5347,77.7
2019-01-24,64.1,0.0,0.7492,2.5908,72.6181,64.5
2019-01-25,80.0,0.0,0.8184,2.3659,63.3403,64.1
2019-01-27,80.0,0.8,1.1292,1.3445,75.8819,80.0
2019-01-28,52.0,0.0,1.5111,4.2013,65.3125,80.0
2019-01-29,63.5,0.0,1.147,3.63,68.4167,52.0
2019-01-30,33.9,2.6,1.4619,2.6193,77.1667,63.5
2019-01-31,51.0,2.6,0.7417,1.2873,82.75,33.9
2019-02-01,39.3,17.6,0.6097,0.9088,87.3264,51.0
2019-02-02,37.0,14.2,0.8449,2.5455,85.5556,39.3
2019-02-03,35.6,2.6,0.6785,4.2652,83.8542,37.0
2019-02-04,50.4,0.0,0.6771,6.3619,66.3889,35.6
2019-02-05,67.3,0.0,0.571,5.2715,59.8056,50.4
2019-02-10,73.5,3.2,0.993,6.1445,80.7847,67.3
2019-02-11,24.7,0.0,2.5911,7.8194,42.3403,73.5
2019-02-12,19.0,0.0,2.0717,9.803,26.2917,24.7
2019-02-13,48.2,0.0,1.2146,7.8106,45.0903,19.0
2019-02-14,75.5,0.0,0.805,7.6498,54.4514,48.2
2019-02-19,39.1,0.0,1.1998,9.1612,63.1736,75.5
2019-02-20,76.5,0.0,0.9417,7.9556,69.9236,39.1
2019-02-23,67.7,0.0,2.6881,7.1844,52.9861,76.5
2019-02-24,38.9,0.0,0.889,5.9599,40.1181,67.7
2019-02-25,69.8,0.0,0.7481,8.6258,44.0486,38.9
2019-02-26,73.9,0.0,0.5943,11.1433,45.3681,69.8
2019-02-28,76.4,0.0,1.3776,12.1019,53.3611,73.9
2019-03-01,55.8,0.0,1.0213,11.6515,60.0625,76.4
2019-03-02,68.0,0.0,0.6433,11.594,46.7083,55.8
2019-03-03,49.9,0.0,1.0572,11.5071,47.1111,68.0
2019-03-04,50.0,5.4,0.9407,9.0472,76.0764,49.9
2019-03-05,35.9,0.0,0.7269,10.2678,54.9375,50.0
2019-03-06,57.8,0.0,1.3038,10.3903,55.5764,35.9
2019-03-07,56.3,0.6,2.1574,11.7635,68.5694,57.8
2019-03-08,39.8,0.0,1.0096,12.4373,63.1042,56.3
2019-03-09,25.6,0.0,1.2519,12.3356,59.625,39.8
2019-03-10,22.7,0.0,1.1292,12.7047,64.2014,25.6
2019-03-11,16.1,0.0,2.7545,10.8641,37.6597,22.7
2019-03-12,9.3,0.0,1.4081,9.7298,21.7083,16.1
2019-03-13,23.5,0.0,1.3881,9.5776,45.4583,9.3
2019-03-14,26.3,0.0,1.0782,10.2249,45.7639,23.5
2019-03-15,17.5,0.0,1.5606,13.8087,44.1736,26.3
2019-03-16,20.3,0.0,1.6083,15.3378,48.8611,17.5
2019-03-17,26.0,0.0,0.8886,12.2258,64.0486,20.3
2019-03-18,7.6,8.4,2.2797,11.0722,42.9375,26.0
2019-03-19,15.9,0.0,1.4728,9.1212,52.2153,7.6
2019-03-20,21.5,0.0,1.1659,9.4147,42.25,15.9
2019-03-21,33.0,0.0,0.8465,10.2649,38.5625,21.5
2019-03-22,48.1,0.0,0.6042,12.559,38.7014,33.0
2019-03-23,55.6,0.0,0.7079,14.67,37.1944,48.1
2019-03-24,46.1,0.0,0.7899,16.1238,34.9028,55.6
2019-03-25,27.3,0.0,2.4847,15.8724,27.0694,46.1
2019-03-26,15.4,0.0,2.3278,11.0288,36.5903,27.3
2019-03-27,24.6,0.0,1.7312,10.9706,35.1528,15.4
2019-03-28,25.8,0.0,1.5792,11.2712,40.1319,24.6
2019-03-29,31.7,0.0,0.9209,12.8251,39.9167,25.8
2019-03-30,46.2,0.0,0.7282,13.9067,39.6181,31.7
2019-03-31,45.7,0.0,0.631,14.954,34.0625,46.2
2019-04-01,53.5,0.0,0.9531,15.7938,35.0556,45.7
2019-04-02,51.9,0.0,1.5432,16.1835,41.4375,53.5
2019-04-03,28.5,2.8,2.3337,11.8881,64.1111,51.9
2019-04-04,16.9,14.8,3.7316,9.6677,82.9653,28.5
2019-04-05,14.1,0.0,1.1609,11.0949,60.7083,16.9
2019-04-06,23.8,0.0,1.7476,12.3049,60.7431,14.1
2019-04-07,24.2,4.8,1.4617,10.6412,71.2569,23.8
2019-04-08,17.4,0.0,1.4522,12.4542,63.4444,24.2
2019-04-09,16.2,0.0,1.5422,14.473,53.4097,17.4
2019-04-10,24.1,0.0,0.9187,13.6888,62.0069,16.2
2019-04-11,21.6,8.2,0.8772,11.4109,80.9306,24.1
2019-04-12,20.5,1.8,1.2946,12.449,73.0625,21.6
2019-04-13,24.0,6.4,2.8035,11.3833,66.1528,20.5
2019-04-14,10.5,12.6,1.9112,7.545,80.3542,24.0
2019-04-15,12.9,0.2,0.8282,12.6216,58.7305,10.5
2019-04-16,31.5,0.0,0.8712,14.7305,52.9097,12.9
2019-04-17,35.3,0.0,0.7632,16.0224,48.1875,31.5
2019-04-18,39.0,0.0,2.2737,16.4458,47.0694,35.3
2019-04-19,29.6,0.0,1.5051,16.8679,44.0694,39.0
2019-04-20,29.3,0.0,1.2017,17.6412,44.3889,29.6
2019-04-21,21.7,0.0,1.2978,18.0356,39.2153,29.3
2019-04-22,27.5,0.0,2.6427,16.0507,46.7014,21.7
2019-04-23,17.4,27.2,2.4759,12.1572,87.125,27.5
2019-04-24,23.8,3.6,2.3476,14.5849,82.3681,17.4
2019-04-25,33.5,0.2,1.5835,14.0469,79.8542,23.8
2019-04-26,23.1,0.4,2.659,14.3618,70.7917,33.5
2019-04-27,7.5,0.0,1.5895,15.3862,43.7639,23.1
2019-04-28,5.4,0.0,1.9578,15.4417,28.7778,7.5
2019-04-29,12.7,0.0,1.5128,12.1271,55.9792,5.4
2019-04-30,18.1,0.0,1.2635,15.8449,46.125,12.7
2019-05-01,16.1,0.0,1.0824,17.246,43.7778,18.1
2019-05-02,19.3,0.2,1.8479,15.6988,58.9931,16.1
2019-05-03,18.3,10.4,1.0773,13.7659,75.0764,19.3
2019-05-04,14.2,12.2,1.2641,14.1385,68.2361,18.3
2019-05-05,4.2,7.8,2.0603,9.3801,64.9722,14.2
2019-05-06,10.0,0.0,1.1969,12.2781,48.7639,4.2
2019-05-07,17.5,0.0,1.3081,13.7083,44.9931,10.0
2019-05-08,27.5,12.4,1.9406,11.4201,76.2847,17.5
2019-05-09,13.2,4.0,1.018,13.6505,66.9028,27.5
2019-05-10,27.6,0.0,1.3506,17.0979,60.2917,13.2
2019-05-11,22.4,10.8,1.2313,15.0737,68.5972,27.6
2019-05-12,9.2,0.0,1.351,13.9829,63.7014,22.4
2019-05-13,12.0,0.0,1.3903,16.7827,42.3125,9.2
2019-05-14,20.5,0.0,2.7528,14.7985,53.2986,12.0
2019-05-15,16.6,0.0,1.7203,11.7378,53.8819,20.5
2019-05-16,21.4,0.0,1.2997,15.074,51.5069,16.6
2019-05-17,25.7,3.8,2.2576,14.935,63.1389,21.4
2019-05-18,15.1,10.6,1.0519,12.8951,82.0694,25.7
2019-05-19,12.2,11.8,0.5367,12.9474,85.0764,15.1
2019-05-20,14.4,2.2,1.0262,14.1085,80.1736,12.2
2019-05-21,12.6,0.0,1.9352,17.4083,64.1875,14.4
2019-05-22,16.9,3.0,1.3388,18.8538,59.3681,12.6
2019-05-23,25.4,0.0,1.1126,20.0983,57.3056,16.9
2019-05-24,20.0,0.0,1.1565,20.5176,53.3333,25.4
2019-05-25,19.3,0.6,1.351,18.7832,61.1181,20.0
2019-05-26,14.7,0.4,1.0947,19.3505,60.4583,19.3
2019-05-27,19.5,11.6,1.5819,15.7572,81.3264,14.7
2019-05-28,15.8,1.2,1.123,16.1297,74.8889,19.5
2019-05-30,10.1,0.0,1.7306,19.2345,53.2222,15.8
2019-05-31,15.6,0.0,1.6056,20.2652,45.8681,10.1
2019-06-01,22.6,0.0,0.9699,22.6752,42.8125,15.6
2019-06-02,22.3,0.0,0.9429,24.6017,42.4861,22.6
2019-06-03,22.8,0.0,1.1417,25.5932,39.9722,22.3
2019-06-04,24.7,0.0,1.101,25.6305,45.5625,22.8
2019-06-05,20.9,0.0,1.3808,24.6548,43.3681,24.7
2019-06-06,32.7,0.0,2.0233,21.8766,56.4653,20.9
2019-06-07,24.9,0.0,1.1617,22.3809,45.8472,32.7
2019-06-08,28.4,0.0,1.1832,24.0795,46.6528,24.9
2019-06-09,38.4,0.0,1.2673,23.011,54.0486,28.4
2019-06-10,47.9,1.0,1.8151,23.8826,60.5694,38.4
2019-06-11,51.5,0.0,1.1495,23.5643,59.2361,47.9
2019-06-12,32.6,1.8,1.4744,23.4036,51.7153,51.5
2019-06-13,16.8,0.0,1.2333,22.824,39.8125,32.6
2019-06-14,33.4,0.0,1.4475,25.5122,40.4861,16.8
2019-06-15,46.4,1.8,1.5306,24.6542,57.6944,33.4
2019-06-16,17.1,0.0,1.6323,24.7915,51.125,46.4
2019-06-17,31.9,0.0,1.7751,26.9092,43.7847,17.1
2019-06-18,34.7,0.0,1.2403,27.9321,45.1875,31.9
2019-06-19,30.8,0.0,1.4494,27.4981,44.0694,34.7
2019-06-20,22.3,0.0,1.3877,25.9465,39.1319,30.8
2019-06-21,28.6,0.0,1.3073,25.7737,46.875,22.3
2019-06-22,18.6,49.8,1.5765,21.6339,65.4861,28.6
2019-06-23,18.5,0.0,0.879,24.7208,55.5069,18.6
2019-06-24,32.3,0.0,1.1166,27.8444,50.6181,18.5
2019-06-25,36.3,0.0,1.2417,29.6123,48.3611,32.3
2019-06-26,54.7,0.0,0.9101,31.0162,51.3958,36.3
2019-06-27,61.5,0.0,1.4806,32.3652,55.2222,54.7
2019-06-28,62.7,0.0,2.2831,32.1447,52.6736,61.5
2019-06-29,31.5,0.0,3.0384,30.1645,42.6667,62.7
2019-06-30,34.8,0.0,1.2565,30.3881,42.5625,31.5
2019-07-01,37.1,0.0,1.6047,29.1387,47.7847,34.8
2019-07-02,19.7,0.0,1.5395,29.1189,41.6806,37.1
2019-07-03,29.3,38.8,2.2048,27.3592,55.3819,19.7
2019-07-04,21.6,0.0,1.3704,26.3544,54.4167,29.3
2019-07-05,30.0,0.0,1.5408,28.8884,49.9514,21.6
2019-07-06,28.4,0.4,1.3797,28.4303,56.9236,30.0
2019-07-07,29.6,0.0,1.6934,28.0985,59.2639,28.4
2019-07-08,26.6,0.0,1.6101,28.1072,48.9931,29.6
2019-07-09,26.5,0.0,2.5503,25.3535,60.1389,26.6
2019-07-10,23.3,0.0,2.3339,25.3646,55.4167,26.5
2019-07-11,27.6,0.0,1.9351,24.5505,50.4792,23.3
2019-07-12,29.6,0.0,1.584,25.9882,49.0278,27.6
2019-07-13,19.5,0.2,1.7012,26.1799,46.6458,29.6
2019-07-14,15.6,0.0,2.066,24.8671,42.5417,19.5
2019-07-15,11.6,28.6,1.9836,19.6725,71.3333,15.6
2019-07-16,16.9,0.0,0.8578,23.8575,55.0,11.6
2019-07-17,20.1,0.0,1.2009,25.8924,46.0972,16.9
2019-07-18,25.7,0.0,1.8265,25.1822,50.7083,20.1
2019-07-19,31.4,0.0,1.1047,26.1812,53.6528,25.7
2019-07-20,31.2,0.0,1.3733,27.5859,51.0486,31.4
2019-07-21,23.7,0.0,1.2626,27.9206,47.7153,31.2
2019-07-22,32.0,0.0,0.8768,28.9699,50.75,23.7
2019-07-23,45.5,0.0,1.0015,30.404,54.3125,32.0
2019-07-24,41.6,0.0,1.1322,31.2843,50.5486,45.5
2019-07-25,44.2,0.0,1.3727,31.9118,48.8403,41.6
2019-07-26,32.7,0.0,1.441,31.0642,46.2847,44.2
2019-07-27,24.3,2.2,1.9873,25.391,58.8194,32.7
2019-07-28,16.1,0.0,1.5806,24.2551,62.5417,24.3
2019-07-29,14.9,0.0,1.3053,27.3962,49.0972,16.1
2019-07-30,19.6,0.0,1.4311,27.6456,49.6042,14.9
2019-07-31,23.0,0.0,1.2576,26.8043,56.4514,19.6
2019-08-01,25.4,0.0,1.0943,27.5219,54.6458,23.0
2019-08-02,20.3,14.0,1.3941,24.7061,58.8958,25.4
2019-08-03,14.7,0.0,1.0626,25.306,47.7153,20.3
2019-08-04,21.2,0.0,1.8494,26.551,51.3333,14.7
2019-08-05,20.8,0.0,1.5692,27.8172,48.8403,21.2
2019-08-06,24.3,0.0,1.3648,27.1882,56.2361,20.8
2019-08-07,18.5,20.8,2.1446,23.8976,69.0347,24.3
2019-08-08,19.3,0.0,0.74,25.3424,66.0903,18.5
2019-08-09,31.9,0.0,1.1946,27.7002,60.9236,19.3
2019-08-10,28.2,0.0,1.0999,28.8354,56.4306,31.9
2019-08-11,25.1,0.0,1.9662,28.521,58.3542,28.2
2019-08-12,28.3,2.2,1.988,25.9461,69.6806,25.1
2019-08-13,9.4,0.0,1.0542,24.9935,53.8194,28.3
2019-08-14,11.9,0.0,1.4659,24.7382,43.7083,9.4
2019-08-15,12.9,0.0,1.542,24.4626,49.5625,11.9
2019-08-16,15.6,0.0,1.5847,24.0261,52.2431,12.9
2019-08-17,18.5,0.0,1.0822,25.2656,50.6806,15.6
2019-08-18,22.4,0.0,1.0471,26.1299,54.3681,18.5
2019-08-19,19.4,1.8,0.9763,26.5216,55.3403,22.4
2019-08-20,25.7,1.8,1.5633,26.029,62.7639,19.4
2019-08-21,22.3,0.0,1.1067,26.6849,58.0,25.7
2019-08-22,15.4,3.0,1.4756,24.4956,62.9097,22.3
2019-08-23,23.1,0.0,1.2613,24.3976,64.8403,15.4
2019-08-24,21.8,0.0,0.8678,25.0644,61.4583,23.1
2019-08-25,23.5,0.0,1.0631,26.2708,57.6597,21.8
2019-08-26,30.0,0.0,1.2765,26.7008,55.0069,23.5
2019-08-27,32.0,0.0,0.9365,27.1431,56.3264,30.0
2019-08-28,27.0,24.2,1.6056,22.6141,76.7222,32.0
2019-08-29,19.6,0.0,0.963,24.5924,66.6875,27.0
2019-08-30,29.1,0.0,0.8542,26.9306,57.3403,19.6
2019-08-31,23.0,0.0,1.3676,26.3364,56.5972,29.1
2019-09-01,27.1,0.0,0.6992,26.4933,56.9583,23.0
2019-09-02,18.7,49.0,1.2383,24.1881,65.0625,27.1
2019-09-03,17.6,0.0,1.7942,24.0342,57.0,18.7
2019-09-04,24.9,0.0,1.4888,23.2078,53.9236,17.6
2019-09-05,31.9,18.0,1.4728,21.4661,62.6319,24.9
2019-09-06,12.0,0.0,1.0503,17.6497,71.0069,31.9
2019-09-07,13.7,0.0,0.8386,19.4311,66.0694,12.0
2019-09-08,8.0,39.0,1.478,17.0458,71.2153,13.7
2019-09-09,11.8,0.0,1.0103,18.1094,54.5556,8.0
2019-09-10,24.0,0.0,1.1183,19.342,57.0,11.8
2019-09-11,21.4,0.0,0.7817,21.0406,61.7847,24.0
2019-09-12,35.6,0.0,0.7636,22.4201,59.5069,21.4
2019-09-13,39.1,0.0,0.6958,23.3851,56.8542,35.6
2019-09-14,46.2,0.0,0.9758,23.5794,59.5278,39.1
2019-09-15,42.5,0.0,0.6408,23.7979,60.1111,46.2
2019-09-16,45.9,0.0,0.8206,24.3473,61.4167,42.5
2019-09-17,29.2,0.0,1.279,24.4983,59.1111,45.9
2019-09-18,28.1,0.0,1.6353,22.6028,64.0694,29.2
2019-09-19,19.9,0.0,2.4554,19.2084,58.7361,28.1
2019-09-20,28.5,0.0,2.1902,18.6905,48.3542,19.9
2019-09-21,27.6,0.0,1.0198,18.0292,48.5625,28.5
2019-09-22,32.0,1.0,0.9682,17.052,65.8125,27.6
2019-09-23,37.6,0.0,0.9542,17.1675,71.7708,32.0
2019-09-24,46.9,0.0,0.7249,18.2897,68.2569,37.6
2019-09-25,32.7,0.0,0.828,19.3049,64.1667,46.9
2019-09-26,57.8,0.0,1.0759,19.8124,69.8472,32.7
2019-09-27,72.5,0.0,0.9397,20.5824,68.5556,57.8
2019-09-28,48.9,0.0,0.8565,21.5959,66.3056,72.5
2019-09-29,21.7,0.0,1.0889,21.1246,63.1806,48.9
2019-09-30,26.9,0.0,1.1243,21.6766,62.0347,21.7
2019-10-01,33.3,0.0,0.7982,21.3075,65.5347,26.9
2019-10-02,16.3,4.4,1.1928,20.4833,70.7083,33.3
2019-10-03,13.3,0.0,1.9573,18.194,35.9167,16.3
2019-10-04,25.3,0.0,1.4589,15.2056,58.5278,13.3
2019-10-05,39.2,0.0,0.936,16.074,60.3819,25.3
2019-10-06,47.9,0.0,1.9427,16.4648,65.2639,39.2
2019-10-07,16.8,24.6,1.2719,15.616,79.25,47.9
2019-10-08,30.9,0.0,0.9636,15.9272,67.0972,16.8
2019-10-09,43.3,3.0,1.2467,14.5695,79.8611,30.9
2019-10-10,33.4,0.0,0.8999,15.0223,80.7639,43.3
2019-10-11,50.5,0.0,0.6458,15.2687,73.5694,33.4
2019-10-12,60.8,0.0,0.5635,15.269,73.0833,50.5
2019-10-13,65.5,0.0,0.5117,15.5115,75.3403,60.8
2019-10-14,69.0,1.2,0.5442,17.7643,71.3333,65.5
2019-10-15,55.5,24.2,3.4593,16.2876,90.7083,69.0
2019-10-16,19.6,0.0,1.0882,14.68,73.5903,55.5
2019-10-17,28.0,0.0,0.7831,15.5791,70.8681,19.6
2019-10-18,23.7,3.2,0.9619,15.7096,79.8194,28.0
2019-10-19,32.7,6.8,2.2906,15.3724,88.0625,23.7
2019-10-20,28.6,4.4,2.9174,16.5497,85.8333,32.7
2019-10-21,17.1,77.8,2.5625,16.2347,93.5278,28.6
2019-10-22,31.7,0.0,0.936,18.0231,90.3819,17.1
2019-10-23,56.3,0.0,0.6462,17.6358,82.2014,31.7
2019-10-24,44.6,24.2,2.133,15.8692,91.8056,56.3
2019-10-25,30.8,0.0,0.6712,16.8306,85.7014,44.6
2019-10-26,35.0,0.0,0.666,16.6691,76.6042,30.8
2019-10-27,36.7,0.0,0.5456,16.2491,75.1944,35.0
2019-10-28,62.2,0.0,0.9442,16.3556,78.4167,36.7
2019-10-29,65.0,4.8,1.0126,15.5845,85.5764,62.2
2019-10-30,42.2,0.0,2.2565,13.774,78.8889,65.0
2019-10-31,27.5,0.0,1.889,11.9819,69.6181,42.2
2019-11-01,27.3,0.0,0.9787,12.3288,65.4167,27.5
2019-11-02,39.6,1.8,0.9647,10.9958,77.6111,27.3
2019-11-03,12.7,21.6,1.4792,10.2381,92.5694,39.6
2019-11-04,26.5,0.0,1.1819,11.9836,89.9444,12.7
2019-11-05,30.2,2.6,1.0672,13.1913,83.5694,26.5
2019-11-06,24.6,11.6,0.7837,10.2945,90.5417,30.2
2019-11-07,30.0,8.8,1.3888,9.0652,94.0417,24.6
2019-11-08,11.8,11.6,2.3654,9.5868,94.5764,30.0
2019-11-09,22.0,0.0,0.9146,9.5017,84.125,11.8
2019-11-10,38.0,0.0,0.6156,8.5615,78.9792,22.0
2019-11-11,28.2,8.6,0.5999,7.6922,82.2361,38.0
2019-11-12,17.8,9.0,1.0506,7.8897,93.6667,28.2
2019-11-13,27.3,0.0,1.2406,9.2128,70.2569,17.8
2019-11-14,33.7,0.8,1.4833,7.04,69.9861,27.3
2019-11-15,22.8,32.0,1.7878,7.7875,92.9375,33.7
2019-11-16,28.2,2.6,1.0271,7.957,90.1667,22.8
2019-11-17,15.1,15.4,0.9892,6.86,92.4097,28.2
2019-11-18,32.1,3.4,0.7803,7.1601,94.0,15.1
2019-11-19,15.3,32.2,0.9138,7.5506,94.1111,32.1
2019-11-20,21.1,3.6,0.9344,9.6236,94.8194,15.3
2019-11-21,39.8,0.4,1.2749,10.0436,87.125,21.1
2019-11-22,42.0,7.4,2.529,9.6722,90.6667,39.8
2019-11-23,12.2,19.2,4.1495,10.6871,88.7292,42.0
2019-11-24,11.4,14.0,2.1172,11.0788,89.6319,12.2
2019-11-25,20.0,0.2,0.934,13.18,88.3681,11.4
2019-11-26,44.0,0.0,0.6594,10.875,85.2847,20.0
2019-11-27,31.0,37.2,1.521,9.9961,90.8611,44.0
2019-11-28,30.9,0.0,0.84,9.7565,93.8611,31.0
2019-11-29,48.5,0.0,0.7593,7.5855,87.2639,30.9
2019-11-30,36.7,0.0,1.5385,6.016,86.5139,48.5
2019-12-01,37.5,22.8,1.041,7.1473,87.7222,36.7
2019-12-02,18.7,1.0,1.0072,7.3235,89.0069,37.5
2019-12-03,27.5,0.0,1.7354,8.5854,71.5556,18.7
2019-12-04,27.6,0.0,1.0522,6.5732,58.45,27.5
2019-12-05,63.1,0.0,0.6971,4.9915,73.0833,27.6
2019-12-06,67.2,0.0,0.5863,4.5822,74.6944,63.1
2019-12-07,55.0,0.0,0.8834,6.4088,72.4167,67.2
2019-12-08,71.5,0.0,0.6619,6.6667,77.4167,55.0
2019-12-09,75.9,0.8,0.661,7.3004,81.5208,71.5
2019-12-10,23.5,0.0,2.2756,9.9592,39.1319,75.9
2019-12-11,45.4,0.0,0.8315,5.0601,57.0909,23.5
2019-12-12,34.0,3.4,0.9776,3.1799,78.8611,45.4
2019-12-13,26.9,8.8,1.3582,1.877,84.6597,34.0
2019-12-14,36.2,0.0,1.0156,5.129,71.6736,26.9
2019-12-15,43.7,0.8,0.9343,5.6422,78.9167,36.2
2019-12-16,44.3,2.0,0.486,7.0276,89.1042,43.7
2019-12-17,53.3,9.8,0.8462,8.3824,87.0,44.3
2019-12-18,46.3,1.8,0.515,9.241,93.5694,53.3
2019-12-19,40.7,5.8,1.1394,10.4519,94.8056,46.3
2019-12-20,29.5,19.2,3.6003,9.5948,95.0,40.7
2019-12-21,18.1,16.6,1.1944,9.2462,94.9792,29.5
2019-12-22,12.0,17.4,1.5604,8.8992,88.8125,18.1
2019-12-23,9.5,0.0,1.6202,10.129,54.3472,12.0
2019-12-24,19.2,0.0,1.1667,9.6169,50.8611,9.5
2019-12-25,28.5,0.0,0.895,9.1917,53.7014,19.2
2019-12-26,41.2,0.0,0.564,6.66,62.7847,28.5
2019-12-27,60.4,0.0,0.6716,5.6531,69.0903,41.2
2019-12-28,60.0,0.0,0.6778,5.2505,72.5556,60.4
2019-12-29,70.8,0.0,0.9765,3.9646,84.0694,60.0
2019-12-30,57.5,0.0,1.3818,3.7652,77.6667,70.8
2019-12-31,66.0,0.0,0.903,3.668,76.2847,57.5
2020-01-02,66.3,0.0,0.6274,4.0644,70.8472,66.0
2020-01-03,79.0,0.0,0.6228,4.8683,72.0208,66.3
2020-01-04,57.5,0.0,0.7728,5.4058,69.1528,79.0
2020-01-05,52.1,0.0,0.9344,6.663,64.9306,57.5
2020-01-06,60.7,0.0,0.7519,3.8117,77.375,52.1
2020-01-07,61.3,0.0,0.8654,0.421,84.7222,60.7
2020-01-08,59.8,0.0,0.8724,0.8709,85.6458,61.3
2020-01-09,80.7,0.0,0.5221,2.9932,80.0625,59.8
2020-01-12,70.8,0.0,0.6038,5.148,71.2014,80.7
2020-01-17,77.1,1.2,0.7142,5.8776,70.7639,70.8
2020-01-18,54.9,23.8,0.7901,6.0103,90.0278,77.1
2020-01-19,48.0,0.0,0.6769,4.4703,79.1389,54.9
2020-01-20,41.0,0.0,0.6858,5.4459,52.0903,48.0
2020-01-21,51.3,0.0,0.5464,3.7104,59.4097,41.0
2020-01-22,59.7,0.0,0.9076,4.0795,61.5278,51.3
2020-01-23,72.9,0.0,1.2393,4.8726,61.8056,59.7
2020-01-28,68.7,0.2,1.1706,6.914,81.1736,72.9
2020-01-29,36.9,0.0,1.0645,8.0875,63.25,68.7
2020-01-30,53.5,0.0,1.1349,7.4062,60.1944,36.9
2020-01-31,76.6,0.0,0.6869,8.7075,66.6944,53.5
2020-02-02,49.8,0.0,0.8363,6.6332,78.6319,76.6
2020-02-03,56.4,0.0,1.4897,8.0551,81.2639,49.8
2020-02-04,44.6,0.0,2.5429,8.793,56.8264,56.4
2020-02-05,13.4,0.0,2.5758,8.7574,26.8333,44.6
2020-02-06,34.5,0.0,0.8477,7.2386,31.4792,13.4
2020-02-07,54.0,0.0,0.7709,6.9125,47.7292,34.5
2020-02-08,59.5,0.0,0.6141,7.6538,54.7083,54.0
2020-02-11,32.1,0.0,1.2803,11.812,47.1042,59.5
2020-02-12,12.2,0.0,1.0867,11.1853,22.7292,32.1
2020-02-13,44.3,0.2,1.2178,7.9421,47.4167,12.2
2020-02-14,38.8,0.0,1.2515,9.2855,59.7986,44.3
2020-02-15,69.7,0.0,1.1268,8.9573,63.9583,38.8
2020-02-16,78.7,0.0,0.5086,9.4166,67.25,69.7
2020-02-17,77.7,4.6,0.5608,9.6169,81.5903,78.7
2020-02-18,68.8,0.0,1.023,10.3534,78.6111,77.7
2020-02-19,57.8,0.0,1.0081,9.8005,64.1597,68.8
2020-02-20,33.7,0.0,0.7343,9.2066,38.9514,57.8
2020-02-21,49.3,0.0,1.1854,8.9428,50.2986,33.7
2020-02-22,56.2,0.0,0.7217,9.6369,56.0278,49.3
2020-02-23,53.5,0.0,1.3353,10.5576,63.5903,56.2
2020-02-24,47.4,0.0,2.124,12.572,67.1875,53.5
2020-02-25,73.9,0.0,0.7712,11.6572,71.3542,47.4
2020-02-26,42.8,0.0,2.6328,9.759,50.4444,73.9
2020-02-27,11.9,0.0,1.1674,7.1413,36.5208,42.8
2020-02-28,11.6,0.0,1.5585,10.2762,25.3968,11.9
2020-02-29,34.7,0.0,1.1458,8.006,43.3611,11.6
2020-03-01,33.9,3.2,0.6488,6.2952,82.9653,34.7
2020-03-02,33.6,47.4,2.0435,5.5653,89.0,33.9
2020-03-03,22.7,2.0,1.5829,8.3266,80.3125,33.6
2020-03-04,28.0,0.0,1.1845,8.7812,59.9931,22.7
2020-03-05,28.3,14.6,1.9343,7.1057,72.7902,28.0
2020-03-06,25.3,1.0,1.2319,6.5891,80.375,28.3
2020-03-07,35.3,0.0,1.1254,10.4199,56.7917,25.3
2020-03-08,20.1,0.0,0.6926,10.1363,46.5972,35.3
2020-03-09,35.2,0.0,1.0817,9.0002,61.2639,20.1
2020-03-10,29.0,0.0,1.0244,10.5085,54.1597,35.2
2020-03-11,23.5,0.0,0.8269,13.3542,55.5903,29.0
2020-03-12,32.2,0.0,0.7571,12.6107,74.8889,23.5
2020-03-13,17.9,0.0,1.1502,15.008,69.8472,32.2
2020-03-14,24.4,5.6,2.2565,10.8793,74.8403,17.9
2020-03-15,25.1,0.0,0.9651,9.8177,68.2986,24.4
2020-03-16,26.3,0.0,0.8817,10.6644,56.6597,25.1
2020-03-17,43.4,0.0,0.6884,11.9806,56.9444,26.3
2020-03-18,53.5,0.0,0.8006,13.6387,55.1944,43.4
2020-03-19,43.4,0.0,0.5678,15.0065,50.5556,53.5
2020-03-20,53.4,0.0,0.8093,14.1767,58.25,43.4
2020-03-21,34.2,0.0,1.144,14.2248,55.7778,53.4
2020-03-22,28.9,0.0,3.1679,12.0015,65.8403,34.2
2020-03-23,18.4,0.0,3.2881,6.2717,44.5625,28.9
2020-03-24,24.8,0.0,1.0356,7.0892,41.4792,18.4
2020-03-25,20.4,0.0,1.6909,5.9208,49.6181,24.8
2020-03-26,20.5,0.0,1.1084,5.2611,48.4167,20.4
2020-03-27,30.9,0.0,1.1304,9.8885,52.0694,20.5
2020-03-30,27.7,3.2,2.6395,11.8742,70.1042,30.9
2020-03-31,11.0,0.2,2.7372,6.4151,61.7431,27.7
2020-04-01,21.1,0.0,1.1508,7.2286,49.1181,11.0
2020-04-02,33.5,0.0,0.5931,8.616,48.5208,21.1
2020-04-03,43.3,0.0,0.9795,11.2715,45.7431,33.5
2020-04-04,43.5,0.0,0.9991,13.2774,45.0,43.3
2020-04-05,30.2,0.0,1.4415,14.6574,39.0903,43.5
2020-04-06,32.9,0.0,0.8002,15.4336,41.1944,30.2
2020-04-07,37.0,0.0,1.1838,16.5028,37.3125,32.9
2020-04-08,36.6,0.0,0.9234,16.7338,32.9097,37.0
2020-04-09,32.5,0.0,0.6133,17.3941,31.6042,36.6
2020-04-10,33.8,0.0,0.6085,18.4522,33.2431,32.5
2020-04-11,29.0,0.0,0.8202,19.3219,28.4028,33.8
2020-04-12,11.9,0.0,0.924,18.5164,21.7639,29.0
2020-04-13,18.0,0.0,1.139,17.8391,30.8264,11.9
2020-04-14,21.2,0.0,3.0465,16.5901,45.2222,18.0
2020-04-15,20.7,0.0,2.0342,12.8134,47.1528,21.2
2020-04-16,32.0,0.0,0.6913,14.9717,45.0625,20.7
2020-04-17,22.9,0.0,0.8626,16.8014,36.3819,32.0
2020-04-18,23.2,0.0,0.98,17.8792,52.6875,22.9
2020-04-19,24.5,0.4,1.0481,17.7873,65.6944,23.2
2020-04-20,19.2,6.2,2.4631,14.0669,88.4861,24.5
2020-04-21,18.7,5.2,1.2572,12.2274,83.0069,19.2
2020-04-22,22.7,0.0,1.0461,15.9145,49.0139,18.7
2020-04-23,32.7,0.0,1.21,16.7434,47.7778,22.7
2020-04-24,33.5,0.0,1.19,18.1646,48.0903,32.7
2020-04-25,15.7,0.0,1.9774,18.6567,53.4792,33.5
2020-04-26,12.0,0.0,1.3792,18.4585,51.5417,15.7
2020-04-27,14.1,0.0,1.1521,17.5171,58.8681,12.0
2020-04-28,14.1,7.6,1.3391,16.9374,68.8056,14.1
2020-04-29,7.9,6.8,1.4524,17.4061,67.8472,14.1
2020-04-30,17.8,2.2,1.3409,16.3324,70.8542,7.9
2020-05-01,13.9,0.4,0.9558,15.9624,74.3333,17.8
2020-05-02,8.2,0.0,1.6026,19.1094,51.7431,13.9
2020-05-03,8.1,0.0,2.2969,19.8966,43.9306,8.2
2020-05-04,13.4,0.0,1.6956,19.7313,36.6181,8.1
2020-05-05,15.4,0.0,1.5114,19.2347,52.1389,13.4
2020-05-06,22.1,0.0,2.3754,18.8264,65.2569,15.4
2020-05-07,21.2,0.0,1.3744,19.7411,44.9861,22.1
2020-05-08,27.6,0.0,1.2757,21.2569,40.2708,21.2
2020-05-09,18.1,0.0,1.2291,21.561,34.4653,27.6
2020-05-10,19.8,1.4,1.052,20.4542,58.0486,18.1
2020-05-11,17.3,46.0,2.9769,14.966,94.1667,19.8
2020-05-12,11.7,0.2,1.0041,17.7645,76.375,17.3
2020-05-13,22.7,2.2,1.8632,14.4826,88.1597,11.7
2020-05-14,27.5,33.6,1.3528,19.1471,73.2778,22.7
2020-05-15,14.4,62.4,1.568,17.649,77.6308,27.5
2020-05-16,25.3,1.6,2.0083,18.7589,70.5278,14.4
2020-05-17,16.1,9.4,1.0237,19.4076,73.1875,25.3
2020-05-18,27.0,0.0,1.179,22.2418,63.25,16.1
2020-05-19,23.1,1.8,1.0663,20.1262,73.0278,27.0
2020-05-20,22.2,0.0,1.3378,22.0731,63.1319,23.1
2020-05-21,22.1,0.0,1.4647,22.9675,48.8403,22.2
2020-05-22,33.5,0.0,1.4119,23.5102,51.1389,22.1
2020-05-23,21.7,2.6,1.3429,22.5697,58.875,33.5
2020-05-24,11.4,0.0,1.5358,21.7801,52.3264,21.7
2020-05-25,14.2,0.0,1.5858,22.4577,41.4722,11.4
2020-05-26,18.2,0.0,2.401,21.4567,44.2639,14.2
2020-05-27,14.7,0.0,1.7227,21.3969,38.4583,18.2
2020-05-28,24.1,0.0,1.2606,21.8906,42.1042,14.7
2020-05-29,15.0,0.0,2.6177,19.1295,49.8472,24.1
2020-05-30,21.2,1.0,1.3786,20.3332,47.7014,15.0
2020-05-31,17.8,0.6,1.5498,19.4248,58.2639,21.2
2020-06-01,20.7,0.0,1.2273,22.2431,48.4931,17.8
2020-06-02,21.3,22.0,1.5112,22.8865,50.4167,20.7
2020-06-03,16.6,0.0,1.2488,21.2535,61.6875,21.3
2020-06-04,14.0,23.6,2.6989,16.4279,90.8264,16.6
2020-06-05,6.7,0.8,1.3222,20.5551,63.3264,14.0
2020-06-06,17.7,0.0,1.6777,22.1549,58.3264,6.7
2020-06-07,13.7,35.6,2.449,17.8332,84.3194,17.7
2020-06-08,10.0,10.4,1.0646,17.1413,86.3958,13.7
2020-06-09,10.2,1.8,1.1047,18.1338,73.625,10.0
2020-06-10,12.8,0.8,0.8735,17.9119,73.3472,10.2
2020-06-11,16.0,11.2,1.5638,17.2083,81.2153,12.8
2020-06-12,17.8,0.0,0.9885,20.3024,62.5764,16.0
2020-06-13,15.3,1.8,1.2185,20.6906,67.3125,17.8
2020-06-14,12.9,0.4,1.0606,21.6304,70.8472,15.3
2020-06-15,23.2,0.0,1.5908,22.6735,68.8333,12.9
2020-06-16,14.7,0.4,1.319,22.4049,67.2222,23.2
2020-06-17,9.0,10.0,1.0922,20.0301,71.8889,14.7
2020-06-18,12.8,0.0,1.4617,20.9803,64.5556,9.0
2020-06-19,12.4,2.6,1.3509,21.4808,59.5417,12.8
2020-06-20,14.2,0.0,1.294,22.9381,53.6944,12.4
2020-06-21,9.5,0.0,1.1847,26.1189,36.7708,14.2
2020-06-22,14.2,0.0,1.1291,27.3147,35.4931,9.5
2020-06-23,18.2,0.0,0.9699,27.7916,38.7222,14.2
2020-06-24,28.7,0.0,2.4708,27.2281,49.3264,18.2
2020-06-25,27.3,0.4,2.3312,25.6012,53.2361,28.7
2020-06-26,23.2,0.0,1.6385,25.2079,60.1458,27.3
2020-06-27,27.2,0.0,1.0032,26.4363,58.8611,23.2
2020-06-28,18.2,0.0,1.055,27.0633,53.8264,27.2
2020-06-29,22.1,0.0,1.567,27.335,54.9375,18.2
2020-06-30,24.3,0.0,1.4789,27.0465,59.9097,22.1
2020-07-01,19.1,0.8,1.3485,26.0879,58.9722,24.3
2020-07-02,17.8,0.8,1.2972,26.2002,63.0486,19.1
2020-07-03,13.8,35.2,1.8698,23.6478,66.3472,17.8
2020-07-04,11.2,0.0,1.0826,23.7502,65.1806,13.8
2020-07-05,18.0,0.0,1.0126,26.5526,58.5903,11.2
2020-07-06,25.1,0.0,0.995,28.0741,57.4306,18.0
2020-07-07,16.3,0.0,2.8147,24.594,43.7917,25.1
2020-07-10,25.0,0.0,1.1394,27.7801,52.9514,16.3
2020-07-11,19.5,1.2,1.4706,25.3349,63.0208,25.0
2020-07-12,10.8,0.0,2.4338,24.3605,56.9722,19.5
2020-07-13,14.5,0.0,2.4709,23.8074,44.9444,10.8
2020-07-14,17.3,0.0,1.9985,23.7708,43.9861,14.5
2020-07-15,28.1,3.0,1.1031,23.0339,57.8681,17.3
2020-07-16,24.2,0.0,1.1103,24.611,57.8194,28.1
2020-07-17,26.2,0.0,2.4167,25.0081,60.5694,24.2
2020-07-18,12.3,0.0,2.0092,23.9393,53.7986,26.2
2020-07-19,14.9,0.0,1.5513,25.433,45.3611,12.3
2020-07-20,19.2,0.0,1.355,26.6498,53.1304,14.9
2020-07-21,20.0,0.0,1.0985,27.5779,53.1806,19.2
2020-07-22,19.2,2.8,1.366,27.5741,56.7847,20.0
2020-07-23,19.4,0.0,1.3558,26.8426,61.3958,19.2
2020-07-24,13.6,78.0,1.8967,20.887,79.8333,19.4
2020-07-25,15.1,0.0,1.1264,24.5337,62.0,13.6
2020-07-26,18.5,0.0,1.0179,26.2765,57.2014,15.1
2020-07-27,21.6,0.0,0.8914,27.2233,57.4236,18.5
2020-07-28,29.5,0.0,1.0129,28.5181,59.1875,21.6
2020-07-29,27.9,0.0,1.109,29.0836,60.0,29.5
2020-07-30,29.3,0.0,1.3019,30.4003,54.3472,27.9
2020-07-31,34.2,0.0,0.9338,30.5317,49.4236,29.3
2020-08-01,31.6,0.0,1.2203,31.1773,52.4444,34.2
2020-08-02,20.4,2.8,2.204,27.6069,59.2153,31.6
2020-08-03,11.0,29.8,1.3242,21.0864,81.2986,20.4
2020-08-04,6.4,0.8,1.5883,22.1035,50.9583,11.0
2020-08-05,12.2,0.0,1.1227,23.9239,47.8681,6.4
2020-08-06,17.1,0.0,0.9281,25.7942,51.8403,12.2
2020-08-07,23.7,0.0,1.337,27.1574,57.4028,17.1
2020-08-08,23.1,0.0,0.816,28.5566,51.0069,23.7
2020-08-09,27.1,0.0,0.9304,29.1438,49.3264,23.1
2020-08-10,28.5,0.0,1.2928,28.8555,52.6736,27.1
2020-08-11,25.3,0.0,0.9241,28.6042,54.6806,28.5
2020-08-12,28.3,0.0,1.4324,28.3513,58.7014,25.3
2020-08-13,19.7,0.4,1.0857,27.1251,63.3542,28.3
2020-08-14,19.4,0.0,1.1376,27.3288,59.6224,19.7
2020-08-15,16.7,0.0,1.2704,27.1335,55.4653,19.4
2020-08-16,16.3,0.0,1.3743,26.5974,60.4375,16.7
2020-08-17,15.5,0.0,1.0945,25.4034,64.0625,16.3
2020-08-18,18.6,0.0,0.9859,25.6817,60.7153,15.5
2020-08-19,16.1,0.0,1.1598,26.2588,56.5694,18.6
2020-08-20,23.4,0.0,0.9169,27.3923,58.1597,16.1
2020-08-21,25.7,0.0,1.1688,28.7977,56.4931,23.4
2020-08-22,20.5,0.0,1.0124,29.0485,52.5556,25.7
2020-08-23,13.7,0.0,1.607,26.6444,55.4236,20.5
2020-08-24,14.2,0.0,1.476,25.2348,57.4861,13.7
2020-08-25,16.8,0.0,1.461,25.7984,51.6042,14.2
2020-08-26,22.5,0.0,1.0989,26.4785,57.3958,16.8
2020-08-27,27.0,0.0,1.0158,26.7444,61.2847,22.5
2020-08-28,33.1,19.0,2.0296,24.3863,75.5625,27.0
2020-08-29,16.7,2.2,2.4738,21.132,86.2431,33.1
2020-08-30,9.9,5.0,2.3633,21.8065,71.5347,16.7
2020-08-31,12.3,2.0,0.9612,19.6894,68.7431,9.9
2020-09-01,12.2,0.0,1.1835,20.6846,58.7222,12.3
2020-09-02,14.4,0.0,1.6612,20.6784,60.8472,12.2
2020-09-03,16.6,0.0,0.7853,21.7269,60.8681,14.4
2020-09-04,28.3,0.0,0.821,23.2992,58.1458,16.6
2020-09-05,25.5,0.0,0.8045,24.3747,57.375,28.3
2020-09-06,15.8,0.0,1.1712,23.9769,51.6528,25.5
2020-09-07,10.3,20.8,1.3213,20.4868,75.7986,15.8
2020-09-08,18.6,0.0,0.9138,22.7447,65.0069,10.3
2020-09-09,29.3,0.0,0.8669,23.691,65.6667,18.6
2020-09-10,32.3,0.0,0.7958,24.1553,65.7361,29.3
2020-09-11,35.0,0.0,0.8322,24.1767,65.9375,32.3
2020-09-12,31.1,0.0,0.7355,24.7856,63.6806,35.0
2020-09-13,32.9,0.0,0.8397,25.9045,61.5208,31.1
2020-09-14,34.5,0.0,1.1032,25.9407,58.8681,32.9
2020-09-15,33.8,0.0,0.7761,25.4874,57.3472,34.5
2020-09-16,38.0,0.0,0.7341,25.9519,56.3819,33.8
2020-09-17,33.2,0.0,1.0337,25.774,53.6944,38.0
2020-09-18,33.3,0.0,1.4397,25.5653,52.7986,33.2
2020-09-19,35.0,0.0,1.8097,22.3655,59.0903,33.3
2020-09-20,36.5,0.2,1.073,22.401,62.2986,35.0
2020-09-21,45.8,7.4,0.8615,21.4101,72.6667,36.5
2020-09-22,22.9,34.8,1.5276,19.1035,87.125,45.8
2020-09-23,13.9,0.2,0.9485,20.0872,75.3333,22.9
2020-09-24,23.2,1.8,1.8105,19.5231,81.6944,13.9
2020-09-25,11.8,2.0,2.7212,15.9331,72.0139,23.2
2020-09-26,3.5,0.0,1.7827,15.6709,33.7292,11.8
2020-09-27,8.8,0.0,1.636,13.7285,54.2986,3.5
2020-09-28,14.8,0.0,1.014,15.2834,57.9375,8.8
2020-09-29,23.4,0.0,0.9044,17.3805,60.0833,14.8
2020-09-30,25.9,0.0,0.9084,17.8954,67.2361,23.4
2020-10-01,28.2,0.0,0.7081,17.8532,73.8125,25.9
2020-10-02,25.9,30.2,5.2906,16.0544,91.6944,28.2
2020-10-03,8.3,19.0,2.9749,17.4883,69.0139,25.9
2020-10-04,11.7,5.2,2.1995,15.5008,70.3125,8.3
2020-10-05,11.1,0.2,0.9157,14.5117,79.2569,11.7
2020-10-06,23.0,0.0,0.5603,14.8178,76.5903,11.1
2020-10-07,12.7,0.0,1.2772,17.1719,57.5694,23.0
2020-10-08,24.9,0.0,0.5728,16.2632,56.5278,12.7
2020-10-09,39.8,0.0,0.576,15.9797,70.4028,24.9
2020-10-10,34.1,0.0,0.644,16.483,72.8403,39.8
2020-10-11,10.4,0.0,1.3624,13.0649,82.7292,34.1
2020-10-12,9.7,0.0,0.8924,12.8885,61.9514,10.4
2020-10-13,24.3,0.0,0.6444,12.1064,51.6197,9.7
2020-10-14,26.4,0.4,0.9688,12.6249,59.5764,24.3
2020-10-15,25.9,16.2,0.9545,10.8504,89.375,26.4
2020-10-16,18.9,1.0,0.782,12.529,81.9236,25.9
2020-10-17,30.3,0.0,0.8232,12.4327,76.8264,18.9
2020-10-18,39.0,0.0,0.601,12.6469,78.8611,30.3
2020-10-19,51.0,0.0,0.494,12.7558,78.7292,39.0
2020-10-20,45.6,0.0,0.5812,12.6706,77.0278,51.0
2020-10-21,50.7,0.0,0.6951,13.8489,78.4583,45.6
2020-10-22,32.7,0.2,0.8844,13.6751,86.9097,50.7
2020-10-23,50.8,14.0,1.1615,13.4861,98.0903,32.7
2020-10-24,53.7,0.2,0.6108,13.9894,91.9028,50.8
2020-10-25,49.4,2.8,0.6576,14.563,88.9306,53.7
2020-10-26,16.9,54.0,2.5396,13.4411,97.9653,49.4
2020-10-27,10.0,5.2,0.9976,11.9927,79.3958,16.9
2020-10-28,28.4,0.0,0.625,13.0135,73.875,10.0
2020-10-29,35.9,0.0,0.5821,12.6712,79.2431,28.4
2020-10-30,52.9,0.0,0.5726,13.5526,82.2083,35.9
2020-10-31,73.4,0.0,0.5692,12.744,90.1042,52.9
2020-11-01,44.7,0.0,0.698,11.317,95.7361,73.4
2020-11-02,35.3,0.0,0.7302,12.5243,92.1806,44.7
2020-11-03,50.8,0.0,0.6004,13.9999,90.6528,35.3
2020-11-04,66.0,0.0,0.8077,14.9619,90.5903,50.8
2020-11-05,61.3,0.0,0.6392,14.5394,89.7153,66.0
2020-11-06,66.0,0.0,0.6276,14.9074,83.6944,61.3
2020-11-07,62.8,0.0,0.5224,12.7983,86.3194,66.0
2020-11-08,46.0,0.0,0.6172,12.9376,81.0208,62.8
2020-11-09,54.0,0.0,0.601,13.287,79.9306,46.0
2020-11-10,68.1,0.0,0.5156,12.3326,84.8194,54.0
2020-11-11,72.1,0.0,0.886,10.2145,91.5139,68.1
2020-11-12,75.9,0.0,0.5529,11.7276,81.4375,72.1
2020-11-15,64.4,0.0,0.6721,12.1884,75.8819,75.9
2020-11-16,52.4,6.2,0.8619,11.0161,90.2431,64.4
2020-11-17,57.4,0.0,0.4905,10.0183,87.2083,52.4
2020-11-18,40.9,0.0,0.6982,6.9349,95.0282,57.4
2020-11-19,46.1,0.0,0.5885,7.3899,91.8194,40.9
2020-11-20,34.8,0.0,0.729,9.5097,78.8889,46.1
2020-11-21,21.5,0.0,0.8938,7.682,59.5903,34.8
2020-11-22,29.3,0.0,0.6444,6.1302,61.9236,21.5
2020-11-23,50.4,0.0,0.8319,6.3926,66.3264,29.3
2020-11-24,65.3,0.0,0.5919,7.2492,69.2083,50.4
2020-11-29,69.9,0.0,0.6029,8.1503,79.9583,65.3
2020-11-30,50.0,0.0,1.1381,6.0315,73.0139,69.9
2020-12-01,38.2,1.6,1.1026,5.8764,74.7361,50.0
2020-12-02,18.9,10.6,1.0428,2.1026,95.0417,38.2
2020-12-03,27.1,0.0,0.8856,2.2502,96.5694,18.9
2020-12-04,19.9,40.8,2.1711,2.844,98.875,27.1
2020-12-05,16.6,16.8,0.9458,3.1288,97.75,19.9
2020-12-06,19.1,6.0,0.8328,3.7048,98.7292,16.6
2020-12-07,23.0,0.4,1.4374,4.768,95.3264,19.1
2020-12-08,15.5,17.6,0.9553,5.3704,97.4792,23.0
2020-12-09,17.6,13.2,0.9253,6.0689,96.7153,15.5
2020-12-10,24.8,0.6,0.5851,6.8826,90.4375,17.6
2020-12-11,47.2,0.2,0.4953,4.839,96.3472,24.8
2020-12-12,47.4,0.2,0.7276,5.6567,94.2083,47.2
2020-12-13,43.0,0.0,0.5775,4.389,90.2708,47.4
2020-12-14,70.2,0.0,0.4521,5.1291,86.8264,43.0
2020-12-15,69.2,0.0,0.6216,6.2931,87.2431,70.2
2020-12-16,48.9,1.4,0.7308,7.6181,90.5903,69.2
2020-12-17,61.8,0.0,0.8325,8.3985,90.2708,48.9
2020-12-19,75.7,0.2,0.6365,8.5299,90.8611,61.8
2020-12-20,39.2,6.6,0.7752,7.8588,97.9167,75.7
2020-12-21,39.7,0.0,0.7015,8.6332,94.0972,39.2
2020-12-22,46.5,0.0,0.758,8.9506,90.5139,39.7
2020-12-23,52.1,2.0,0.6069,9.6811,90.5347,46.5
2020-12-24,21.0,15.0,0.7217,8.8869,97.5972,52.1
2020-12-25,11.4,6.4,1.3799,6.9524,89.2847,21.0
2020-12-26,8.5,0.0,0.9276,5.0817,77.7014,11.4
2020-12-27,29.7,0.2,0.9272,2.333,80.2778,8.5
2020-12-28,20.6,14.0,0.8251,0.4177,97.2292,29.7
2020-12-29,36.7,14.4,0.7311,1.4256,93.0694,20.6
2020-12-30,48.3,0.6,0.752,2.9228,90.625,36.7
2020-12-31,50.9,0.0,0.7292,2.0706,85.625,48.3
2021-01-01,71.1,0.0,0.31,2.7127,87.0,50.9
2021-01-01,71.1,0.0,0.31,2.7127,94.4755,71.1
2021-01-01,71.1,0.0,0.31,2.52,87.0,71.1
2021-01-01,71.1,0.0,0.31,2.52,94.4755,71.1
2021-01-01,71.1,0.0,0.6852,2.7127,87.0,71.1
2021-01-01,71.1,0.0,0.6852,2.7127,94.4755,71.1
2021-01-01,71.1,0.0,0.6852,2.52,87.0,71.1
2021-01-01,71.1,0.0,0.6852,2.52,94.4755,71.1
2021-01-01,71.1,13.2,0.31,2.7127,87.0,71.1
2021-01-01,71.1,13.2,0.31,2.7127,94.4755,71.1
2021-01-01,71.1,13.2,0.31,2.52,87.0,71.1
2021-01-01,71.1,13.2,0.31,2.52,94.4755,71.1
2021-01-01,71.1,13.2,0.6852,2.7127,87.0,71.1
2021-01-01,71.1,13.2,0.6852,2.7127,94.4755,71.1
2021-01-01,71.1,13.2,0.6852,2.52,87.0,71.1
2021-01-01,71.1,13.2,0.6852,2.52,94.4755,71.1
2021-01-02,15.3,25.4,0.6628,4.574,98.7361,71.1
2021-01-03,14.6,7.6,1.4313,6.0896,94.0556,15.3
2021-01-04,15.2,10.6,1.3282,5.8156,96.125,14.6
2021-01-05,20.3,3.0,1.0985,5.2066,91.7222,15.2
2021-01-07,27.6,0.0,0.7947,3.9973,83.6528,20.3
2021-01-08,37.8,0.0,0.6261,3.0774,75.8889,27.6
2021-01-09,38.1,0.0,0.6549,2.6135,67.4167,37.8
2021-01-10,34.1,0.0,0.5272,2.1181,67.5069,38.1
2021-01-11,42.9,0.0,0.7342,1.2747,68.9861,34.1
2021-01-12,49.1,0.0,0.9703,1.3068,72.3819,42.9
2021-01-13,38.9,0.0,1.357,5.0956,66.4514,49.1
2021-01-14,57.1,0.0,1.8821,4.3149,68.6597,38.9
2021-01-15,45.9,0.0,1.4435,5.5796,57.5694,57.1
2021-01-16,39.7,0.0,0.5891,2.8753,66.1319,45.9
2021-01-17,62.1,0.0,1.0117,2.3849,74.9236,39.7
2021-01-21,57.7,7.8,0.7194,3.4298,98.4306,62.1
2021-01-23,11.3,9.0,1.337,7.0728,83.8056,57.7
2021-01-24,24.1,0.0,0.8339,5.564,72.8194,11.3
2021-01-25,28.5,0.0,1.0021,4.9406,49.1399,24.1
2021-01-26,11.2,0.0,1.6387,6.252,27.1831,28.5
2021-01-27,30.8,0.0,0.7015,4.506,44.4236,11.2
2021-01-28,33.8,0.0,1.0517,5.1494,70.3986,30.8
2021-01-29,60.5,0.0,1.2365,4.9874,78.2778,33.8
2021-01-31,34.6,7.6,1.0468,7.346,84.8403,60.5
2021-02-01,28.8,0.0,1.5203,6.9609,75.5972,34.6
2021-02-03,50.4,7.0,0.7569,6.2969,96.2361,28.8
2021-02-04,32.5,1.2,0.9359,8.1061,92.3681,50.4
2021-02-04,32.5,1.2,0.9359,8.1061,92.3681,32.5
2021-02-05,46.3,2.2,0.7429,8.7846,94.8611,32.5
2021-02-06,56.5,0.0,1.2256,9.4365,91.5,46.3
2021-02-07,22.1,40.0,1.4331,8.0383,97.7778,56.5
2021-02-09,25.5,3.2,0.7837,8.8253,84.0903,22.1
2021-02-10,14.9,14.2,1.6939,7.6719,94.25,25.5
2021-02-11,25.7,0.0,1.9752,8.1408,80.2569,14.9
2021-02-12,21.2,0.0,3.6047,3.6716,59.6111,25.7
2021-02-13,18.3,0.0,2.044,0.4881,51.8125,21.2
2021-02-14,26.9,0.0,0.9492,1.8539,54.9097,18.3
2021-02-16,34.4,0.0,0.9824,6.2167,62.5833,26.9
2021-02-17,36.7,0.4,1.0972,9.0461,74.1528,34.4
2021-02-19,73.0,0.6,0.6453,9.5526,91.1528,36.7
2021-02-21,76.6,0.0,1.281,10.7835,79.0625,73.0
2021-02-22,77.0,0.0,0.8629,11.418,73.7778,76.6
2021-02-23,73.1,0.0,0.6165,11.9199,68.6111,77.0
2021-02-28,22.1,0.0,2.2083,10.6901,49.6389,73.1
2021-03-01,43.7,0.0,0.5458,10.4642,52.9375,22.1
2021-03-02,62.3,0.0,0.8101,10.9227,51.3958,43.7
2021-03-03,74.0,0.0,0.5763,10.6252,56.2639,62.3
2021-03-05,45.1,0.0,0.8185,11.9655,61.0764,74.0
2021-03-06,28.9,1.2,3.0861,8.3588,69.4167,45.1
2021-03-07,23.9,0.0,0.8524,7.826,55.4097,28.9
2021-03-08,45.4,0.0,1.3478,8.2708,62.6736,23.9
2021-03-09,46.0,0.0,1.1231,9.2736,61.6597,45.4
2021-03-11,58.1,0.0,0.9321,9.7715,58.3472,46.0
2021-03-12,57.6,0.0,0.8418,12.243,64.5139,58.1
2021-03-13,65.1,0.0,0.9947,11.5284,65.0208,57.6
2021-03-14,24.5,0.0,2.1786,11.4353,40.3056,65.1
2021-03-15,11.2,0.0,1.5997,10.8126,42.5972,24.5
2021-03-16,6.2,0.0,2.2126,11.7044,21.1389,11.2
2021-03-17,9.0,0.0,1.327,10.9358,23.1319,6.2
2021-03-19,20.9,0.0,2.076,6.8954,53.6111,9.0
2021-03-20,23.4,0.0,1.2508,6.8142,51.9167,20.9
2021-03-21,14.8,0.0,1.2657,6.4795,38.875,23.4
2021-03-22,30.7,0.0,0.7921,9.7181,35.5972,14.8
2021-03-23,24.5,0.0,1.8728,10.4644,39.5278,30.7
2021-03-24,46.6,0.0,0.5972,11.9692,49.0278,24.5
2021-03-25,45.6,0.0,0.786,13.2291,55.7222,46.6
2021-03-26,39.8,0.0,1.018,13.5474,60.9722,45.6
2021-03-27,32.4,0.0,0.8932,13.7484,66.2014,39.8
2021-03-28,24.6,0.0,0.7313,14.4478,62.2569,32.4
2021-03-30,65.8,0.0,0.816,17.8958,53.5625,24.6
2021-03-31,76.2,0.0,0.5853,18.9191,51.1319,65.8
2021-04-01,58.4,0.0,0.8001,19.7733,42.5694,76.2
2021-04-02,31.2,0.0,1.2526,19.4205,36.2778,58.4
2021-04-03,25.2,0.0,3.3334,15.7103,51.6181,31.2
2021-04-04,11.5,0.0,2.4997,12.8412,45.2569,25.2
2021-04-05,14.1,0.0,1.6093,12.2801,43.4236,11.5
2021-04-06,17.1,0.0,2.7222,9.7649,51.2639,14.1
2021-04-07,10.0,0.0,1.6196,7.8972,35.4097,17.1
2021-04-08,16.7,0.0,1.269,10.3891,33.5556,10.0
2021-04-09,25.7,0.0,1.1528,11.4373,54.3125,16.7
2021-04-10,16.7,3.0,0.8171,11.7998,57.8611,25.7
2021-04-11,13.0,26.0,1.2117,9.7593,90.4167,16.7
2021-04-12,9.2,14.6,1.0743,10.5947,82.8194,13.0
2021-04-13,10.7,0.0,1.2367,11.0417,56.625,9.2
2021-04-14,16.4,0.0,1.7243,10.2091,52.5694,10.7
2021-04-15,17.8,1.0,2.7437,8.9687,59.2847,16.4
2021-04-16,20.6,0.0,1.4472,10.1011,51.4236,17.8
2021-04-17,29.0,0.0,1.4238,11.4834,49.1898,20.6
2021-04-18,24.8,0.0,1.4549,11.7988,53.2222,29.0
2021-04-19,29.3,0.0,0.9587,12.8995,52.875,24.8
2021-04-20,26.0,1.0,1.1981,14.4092,49.25,29.3
2021-04-22,28.6,0.0,1.1049,15.1335,58.7639,26.0
2021-04-23,36.0,0.0,1.661,16.3987,56.0903,28.6
2021-04-24,27.2,0.0,1.1351,17.9224,48.2708,36.0
2021-04-25,24.8,0.0,1.2326,18.8293,42.2153,27.2
2021-04-26,29.7,0.2,1.8038,15.2715,58.6111,24.8
2021-04-26,29.7,0.2,1.8038,15.2715,58.6111,29.7
2021-04-27,28.2,1.0,1.676,12.8925,75.2083,29.7
2021-04-28,33.7,0.2,1.1367,15.175,66.1667,28.2
2021-04-29,47.0,7.0,1.502,14.1084,91.1042,33.7
2021-04-29,47.0,7.0,1.502,14.1084,91.1042,47.0
2021-04-30,18.3,0.0,1.1398,15.779,81.4861,47.0
2021-05-01,18.5,42.6,1.7122,14.824,89.6667,18.3
2021-05-02,3.6,2.8,1.5484,15.8775,66.7014,18.5
2021-05-03,11.0,0.0,1.8126,15.6378,54.9583,3.6
2021-05-04,20.3,0.0,1.1994,16.0021,53.25,11.0
2021-05-05,17.2,0.0,0.9309,16.0335,64.2292,20.3
2021-05-06,23.4,0.0,2.0122,16.3567,57.0556,17.2
2021-05-07,14.9,0.0,1.5991,19.0659,48.4514,23.4
2021-05-08,12.6,0.0,1.7897,17.5533,46.4653,14.9
2021-05-09,18.1,0.0,1.1504,18.7892,54.6389,12.6
2021-05-10,24.4,0.0,1.5637,19.0522,54.5972,18.1
2021-05-11,15.1,14.4,2.7206,14.405,90.2014,24.4
2021-05-12,8.1,0.0,1.1657,16.9149,64.8819,15.1
2021-05-13,8.2,1.4,1.7209,17.1609,58.3681,8.1
2021-05-14,12.0,4.2,1.3397,14.482,76.0208,8.2
2021-05-14,12.0,4.2,1.3397,14.482,76.0208,12.0
2021-05-15,12.8,0.2,0.7174,14.1831,76.1181,12.0
2021-05-16,9.3,0.6,0.8542,15.2725,75.8542,12.8
2021-05-17,7.9,2.4,1.2378,18.3454,52.7431,9.3
2021-05-17,7.9,2.4,1.2378,18.3454,52.7431,7.9
2021-05-19,10.8,0.0,1.479,18.1117,44.7708,7.9
2021-05-20,9.1,0.0,1.1645,19.3233,33.5069,10.8
2021-05-21,16.9,0.2,1.4444,18.3376,41.2847,9.1
2021-05-21,16.9,0.2,1.4444,18.3376,41.2847,16.9
2021-05-22,16.0,4.2,1.3942,16.8689,67.5208,16.9
2021-05-23,13.8,0.0,1.1161,20.0413,51.7083,16.0
2021-05-24,14.4,23.2,1.6406,14.5912,87.2014,13.8
2021-05-25,12.1,0.0,1.4077,18.0731,58.0764,14.4
2021-05-29,25.8,0.0,2.3644,21.6625,46.7569,12.1
2021-05-30,8.9,0.0,2.3442,20.6709,48.1042,25.8
2021-05-31,16.7,0.0,2.3638,20.3147,44.6875,8.9
2021-06-01,28.7,0.0,1.8087,21.8895,45.6458,16.7
2021-06-02,20.8,0.0,1.7077,21.5076,45.0347,28.7
2021-06-03,21.9,0.0,1.0443,23.8447,44.9722,20.8
2021-06-04,21.1,0.0,1.0372,24.9822,37.6667,21.9
2021-06-05,15.4,10.8,1.0169,22.9953,52.2569,21.1
2021-06-06,17.9,28.8,1.5663,22.1976,63.2292,15.4
2021-06-07,21.9,12.6,0.9163,20.1623,81.6319,17.9
2021-06-08,16.7,0.0,0.7595,22.239,66.7778,21.9
2021-06-08,16.7,0.0,0.7595,22.239,66.7778,16.7
2021-06-09,15.8,0.0,0.9485,23.9867,57.6597,16.7
2021-06-10,26.1,0.0,1.6168,24.7966,51.4375,15.8
2021-06-12,19.6,0.0,1.1108,25.6549,55.1042,26.1
2021-06-13,14.9,0.0,1.5298,28.8843,43.1042,19.6
2021-06-14,28.3,0.0,2.7486,27.2613,51.7153,14.9
2021-06-16,41.3,0.0,2.0238,26.0278,52.7083,28.3
2021-06-17,37.2,0.0,1.2003,27.5353,53.6597,41.3
2021-06-19,15.7,0.0,1.3047,26.9665,41.6667,37.2
2021-06-20,30.1,0.2,1.1645,25.8488,52.5833,15.7
2021-06-21,44.2,0.0,1.3043,26.7307,54.75,30.1
2021-06-22,23.5,0.4,1.1542,25.7205,52.4792,44.2
2021-06-23,9.9,0.2,1.1207,24.9848,55.2569,23.5
2021-06-24,18.5,0.0,1.3128,24.8415,48.7222,9.9
2021-06-24,18.5,0.0,1.3128,24.8415,48.7222,18.5
2021-06-25,13.2,0.0,1.6498,24.3943,46.9028,18.5
2021-06-27,21.2,0.0,1.0878,27.6408,45.6042,13.2
2021-06-28,27.8,0.0,1.8835,29.0503,43.1458,21.2
2021-06-29,22.8,0.0,1.7278,27.1825,45.5694,27.8
2021-06-30,18.8,0.0,1.4859,25.2304,52.2847,22.8
2021-07-02,17.0,0.0,1.7648,26.5581,43.4722,18.8
2021-07-03,29.3,0.0,1.5353,26.3599,52.4583,17.0
2021-07-04,22.3,19.4,1.124,21.5496,80.3333,29.3
2021-07-07,28.3,0.0,1.4829,26.6903,57.7361,22.3
2021-07-08,17.6,21.2,1.5541,22.854,72.7847,28.3
2021-07-14,15.0,1.6,1.0122,20.8924,62.5139,17.6
2021-07-15,15.2,0.0,0.9431,22.3226,60.8681,15.0
2021-07-16,17.7,0.2,1.2151,23.3567,59.3333,15.2
2021-07-17,15.5,0.0,1.6335,25.9394,56.7014,17.7
2021-07-18,19.9,0.0,1.0574,27.5044,54.4792,15.5
2021-07-18,19.9,0.0,1.0574,27.5044,54.4792,19.9
2021-07-19,24.0,0.0,1.3682,28.7612,44.9097,19.9
2021-07-19,24.0,0.0,1.3682,28.7612,44.9097,24.0
2021-07-20,32.5,0.0,1.5091,29.1483,42.5903,24.0
2021-07-21,26.4,0.0,1.5499,28.8624,46.2847,32.5
2021-07-22,30.2,0.0,2.4376,28.4265,50.5278,26.4
2021-07-23,24.9,0.0,1.491,27.5041,54.8958,30.2
2021-07-24,30.4,1.6,2.1106,27.8098,59.0486,24.9
2021-07-25,21.7,0.0,2.1991,25.5017,65.9861,30.4
2021-07-26,15.2,8.0,1.407,23.0198,72.2917,21.7
2021-07-27,22.8,0.8,1.9124,24.0131,71.6875,15.2
2021-07-28,25.1,0.0,1.6215,24.6877,66.3125,22.8
2021-07-29,18.6,0.0,0.816,26.3082,56.875,25.1
2021-07-30,27.4,0.0,1.0706,26.8692,60.1181,18.6
2021-07-31,20.1,0.4,1.3483,25.9699,65.1042,27.4
2021-08-01,10.3,10.0,1.1795,22.3185,72.3611,20.1
2021-08-03,16.1,0.0,1.2927,23.1826,60.5764,10.3
2021-08-04,23.6,13.6,1.5381,21.4976,78.5208,16.1
2021-08-05,10.6,0.0,1.7804,23.1182,66.4861,23.6
2021-08-06,14.5,0.0,1.0649,24.8738,56.8681,10.6
2021-08-07,17.9,0.0,1.2295,24.9581,62.5417,14.5
2021-08-08,13.9,0.0,1.0263,26.2894,56.375,17.9
2021-08-09,15.4,0.0,0.88,26.2238,51.0069,13.9
2021-08-10,22.1,0.0,0.9256,27.1253,53.4861,15.4
2021-08-11,26.0,0.0,0.7952,28.3078,54.125,22.1
2021-08-12,27.2,0.0,1.0234,29.5293,51.1042,26.0
2021-08-12,27.2,0.0,1.0234,29.5293,51.1042,27.2
2021-08-13,29.0,0.0,1.0857,30.3716,52.5972,27.2
2021-08-14,25.5,0.0,0.8359,30.5264,50.2708,29.0
2021-08-15,31.1,0.0,1.2159,30.5517,46.9653,25.5
2021-08-15,31.1,0.0,1.2159,30.5517,46.9653,31.1
2021-08-16,44.0,2.0,1.377,27.759,49.2708,31.1
2021-08-17,10.4,0.0,1.7165,26.7103,35.625,44.0
2021-08-18,12.0,0.0,2.2212,25.1815,46.3611,10.4
2021-08-19,13.9,0.0,1.626,25.3015,44.75,12.0
2021-08-20,19.3,0.0,1.0854,26.3122,46.0625,13.9
2021-08-21,18.4,0.0,1.0078,27.2751,47.5417,19.3
2021-08-22,19.9,0.0,1.2253,26.7712,53.0417,18.4
2021-08-23,16.6,0.2,2.4596,24.615,67.375,19.9
2021-08-24,11.5,0.0,1.331,24.4475,54.5139,16.6
2021-08-25,12.7,0.0,1.3803,23.8544,51.9931,11.5
2021-08-27,14.6,0.0,2.9586,21.4667,63.2778,12.7
2021-08-28,9.8,0.0,1.475,21.5933,52.4444,14.6
2021-08-29,10.1,0.0,1.3039,21.9329,47.9028,9.8
2021-08-30,14.0,0.0,1.5317,22.5978,50.8403,10.1
2021-08-31,15.6,1.6,1.466,21.8325,61.9097,14.0
2021-09-01,15.6,0.0,0.9819,23.1025,54.7917,15.6
2021-09-02,17.4,0.0,2.1033,23.9185,51.2778,15.6
2021-09-02,17.4,0.0,2.1033,23.9185,51.2778,17.4
2021-09-03,17.8,0.0,1.3874,23.6637,45.0694,17.4
2021-09-04,20.5,0.0,1.2389,23.7034,50.1806,17.8
2021-09-05,18.1,0.0,1.2959,24.1192,51.5486,20.5
2021-09-06,18.0,0.0,1.281,24.3875,46.4583,18.1
2021-09-07,25.0,0.0,1.256,24.147,44.7778,18.0
2021-09-08,28.9,0.0,1.878,24.2592,40.875,25.0
2021-09-09,26.5,0.0,1.3144,23.9734,40.7292,28.9
2021-09-11,29.2,0.0,0.7992,24.1606,51.5,26.5
2021-09-11,29.2,0.0,0.7992,24.1606,51.5,29.2
2021-09-12,27.0,0.0,0.8611,24.4233,49.125,29.2
2021-09-13,29.1,0.0,0.7802,24.7834,47.6056,27.0
2021-09-14,26.7,0.0,0.8912,24.0403,59.8611,29.1
2021-09-15,18.5,0.0,0.9458,23.5899,67.3333,26.7
2021-09-16,25.2,23.6,1.2256,21.9989,82.4236,18.5
2021-09-17,22.9,0.0,0.9512,22.1909,75.2708,25.2
2021-09-18,30.9,1.2,1.5694,22.5342,72.8403,22.9
2021-09-19,13.9,8.0,2.5974,19.1328,77.1319,30.9
2021-09-20,8.7,5.8,1.3424,18.2865,63.3542,13.9
2021-09-21,10.8,0.0,1.0989,18.7632,68.5903,8.7
2021-09-22,24.6,0.0,1.3219,19.5551,64.3472,10.8
2021-09-22,24.6,0.0,1.3219,19.5551,64.3472,24.6
2021-09-23,25.9,0.0,1.0292,19.8324,60.1458,24.6
2021-09-24,50.3,0.0,0.581,20.1836,65.1389,25.9
2021-09-25,51.5,0.0,1.0917,20.8249,69.0417,50.3
2021-09-26,45.6,20.8,1.3676,19.0885,90.6389,51.5
2021-09-28,44.5,0.0,0.7935,20.7665,76.1111,45.6
2021-09-29,24.2,0.0,0.8851,21.9204,62.4375,44.5
2021-09-30,23.2,0.0,1.7284,19.8464,66.1458,24.2
2021-10-01,21.1,0.0,1.4417,19.1029,58.4028,23.2
2021-10-02,28.1,0.0,1.5829,19.4802,60.7361,21.1
2021-10-02,28.1,0.0,1.5829,19.4802,60.7361,28.1
2021-10-03,25.6,2.8,2.1207,17.8031,86.1667,28.1
2021-10-04,25.0,33.4,2.4118,17.9288,93.2569,25.6
2021-10-05,17.9,4.4,1.7736,17.2169,91.0556,25.0
2021-10-07,21.0,0.0,0.8861,15.5936,63.7292,17.9
2021-10-08,19.8,0.0,1.0315,16.8638,61.2361,21.0
2021-10-10,33.3,0.0,1.2774,14.5306,54.0833,19.8
2021-10-11,40.2,0.0,0.6932,13.7953,64.5069,33.3
2021-10-12,41.9,0.0,1.1726,14.3346,66.9167,40.2
2021-10-13,46.7,0.0,1.2164,13.9476,67.9653,41.9
2021-10-14,28.6,0.0,1.1168,13.2469,63.0903,46.7
2021-10-15,44.5,0.0,0.6505,12.5882,67.7778,28.6
2021-10-16,59.8,0.0,0.6739,13.3097,69.9722,44.5
2021-10-17,46.3,0.0,0.5688,13.5726,67.3611,59.8
2021-10-18,54.6,0.0,0.5592,13.9406,69.9236,46.3
2021-10-21,36.0,3.0,0.957,14.8129,90.9444,54.6
2021-10-22,43.0,0.0,0.57,15.026,82.9931,36.0
2021-10-22,43.0,0.0,0.57,15.026,82.9931,43.0
2021-10-23,52.6,0.0,0.6933,14.4431,80.6389,43.0
2021-10-24,32.3,0.0,1.2901,13.6049,66.8125,52.6
2021-10-25,34.3,0.0,0.9319,12.0119,66.5625,32.3
2021-10-26,45.6,0.0,0.6246,11.4911,70.5764,34.3
2021-10-27,55.0,0.0,0.6359,12.6021,68.3542,45.6
2021-10-28,59.7,0.0,0.6782,12.3598,71.1181,55.0
2021-10-29,72.1,0.0,0.6564,12.2724,72.3889,59.7
2021-10-30,61.0,1.4,0.7687,12.2158,78.4097,72.1
2021-10-31,29.7,0.2,0.7384,11.8372,87.9028,61.0
2021-11-01,30.7,36.0,0.966,11.1236,96.1875,29.7
2021-11-02,25.7,0.0,1.1958,9.977,88.9236,30.7
2021-11-02,25.7,0.0,1.1958,9.977,88.9236,25.7
2021-11-03,21.3,30.8,1.8084,10.9602,93.8099,25.7
2021-11-04,11.2,6.6,1.321,10.9952,80.4514,21.3
2021-11-06,31.4,0.0,0.6508,9.4761,62.2708,11.2
2021-11-07,26.3,0.0,0.6428,9.0865,64.7778,31.4
2021-11-08,36.0,0.0,1.0526,8.8093,84.2708,26.3
2021-11-09,29.1,0.0,0.7985,10.1394,76.1111,36.0
2021-11-10,30.2,0.0,0.7188,11.9229,75.6389,29.1
2021-11-11,41.0,0.0,0.8106,12.792,82.4444,30.2
2021-11-13,53.7,13.8,1.0419,11.1291,92.0069,41.0
2021-11-14,14.4,38.4,1.3768,10.5633,99.0,53.7
2021-11-15,17.5,3.8,0.6512,11.0369,95.6458,14.4
2021-11-16,34.1,2.8,0.9034,11.2064,84.4375,17.5
2021-11-17,39.0,1.0,0.8825,10.7033,91.2431,34.1
2021-11-18,34.9,0.0,0.8612,11.3564,88.3125,39.0
2021-11-19,31.5,0.0,1.1111,10.5824,91.3472,34.9
2021-11-20,28.5,0.0,0.7796,8.1251,94.0764,31.5
2021-11-21,26.6,2.6,1.1152,7.2942,95.1319,28.5
2021-11-22,20.3,9.4,0.998,8.5785,97.0278,26.6
2021-11-23,20.9,4.0,0.9462,10.7367,74.9097,20.3
2021-11-24,37.7,0.0,0.9441,8.8606,76.1806,20.9
2021-11-25,35.4,10.8,1.134,6.8281,85.0625,37.7
2021-11-26,26.4,0.0,1.2194,7.6319,86.5417,35.4
2021-11-28,12.0,1.8,1.2462,5.8122,79.1667,26.4
2021-11-29,11.8,0.0,1.424,5.9595,46.4444,12.0
2021-11-30,14.7,0.0,1.472,6.6712,33.9931,11.8
2021-12-01,31.4,0.0,1.2894,6.246,62.0,14.7
2021-12-02,40.9,0.2,0.7099,6.8315,77.9236,31.4
2021-12-03,44.1,0.0,0.6693,6.6479,65.4792,40.9
2021-12-04,44.3,0.0,0.6669,4.376,66.0208,44.1
2021-12-05,52.5,0.0,0.7592,4.2907,76.8403,44.3
2021-12-06,62.5,0.0,0.7031,3.7097,81.125,52.5
2021-12-07,51.2,0.0,0.8709,4.373,66.1259,62.5
2021-12-08,36.8,19.8,1.1737,1.9401,90.8819,51.2
2021-12-09,30.2,0.4,0.8802,1.9733,96.4861,36.8
2021-12-10,25.9,6.0,1.0953,2.2533,93.5694,30.2
2021-12-11,40.5,0.0,0.7162,3.1903,82.3958,25.9
2021-12-12,57.1,0.0,0.5525,4.2648,77.3194,40.5
2021-12-12,57.1,0.0,0.5525,4.2648,77.3194,57.1
2021-12-13,72.1,0.0,0.5004,5.7817,71.1831,57.1
2021-12-14,71.3,0.0,0.6836,5.8482,79.4722,72.1
2021-12-15,80.8,0.0,0.7704,5.8205,82.208,71.3
2021-12-17,66.9,0.0,1.0008,2.9676,90.1597,80.8
2021-12-18,62.8,0.0,0.6114,1.9233,95.6458,66.9
2021-12-19,50.5,0.0,0.7936,2.4523,88.0972,62.8
2021-12-20,43.9,0.0,1.719,4.547,81.3125,50.5
2021-12-21,53.5,0.0,0.6433,5.3551,83.6042,43.9
2021-12-22,56.5,0.0,0.7394,4.3285,86.9861,53.5
2021-12-23,33.3,0.0,1.0056,2.4632,91.8958,56.5
2021-12-24,51.3,0.0,0.6874,4.6962,77.6528,33.3
2021-12-25,59.9,1.4,0.6229,5.2994,83.0139,51.3
2021-12-26,55.4,0.0,0.6869,5.0457,86.9236,59.9
2021-12-27,64.5,3.0,0.635,5.9824,94.3819,55.4
2021-12-28,61.9,0.0,0.7559,6.6317,95.25,64.5
2021-12-29,40.5,0.0,1.0853,5.2274,93.4861,61.9
2021-12-30,41.3,0.0,0.6436,4.9536,96.3472,40.5
2022-01-02,77.6,0.0,0.6794,5.9194,87.7847,41.3
2022-01-03,44.9,0.0,1.1416,5.0213,94.2361,77.6
2022-01-04,51.5,6.4,0.6152,6.7816,96.3403,44.9
2022-01-05,23.6,10.4,0.9312,7.1197,87.6111,51.5
2022-01-06,21.0,0.0,1.0828,5.6858,77.2917,23.6
2022-01-07,33.4,0.0,0.7615,3.6628,69.2986,21.0
2022-01-08,54.0,0.0,0.8687,1.6784,81.6181,33.4
2022-01-09,56.9,0.0,0.9706,2.4188,84.0694,54.0
2022-01-10,70.1,0.0,0.6834,1.7989,82.3819,56.9
2022-01-11,69.6,0.0,0.6092,3.988,63.1597,70.1
2022-01-12,61.9,0.0,0.5088,3.7301,64.9097,69.6
2022-01-13,72.9,0.0,0.5306,3.8005,64.0486,61.9
2022-01-14,65.0,0.0,0.753,4.6178,61.8333,72.9
2022-01-16,68.8,0.0,0.7709,6.0688,65.8958,65.0
2022-01-17,52.1,0.0,1.2957,7.8812,52.3525,68.8
2022-01-18,79.9,0.0,1.1301,7.0356,69.3688,52.1
2022-01-20,76.3,0.6,0.8577,5.6678,84.5556,79.9
2022-01-21,71.9,0.0,1.138,2.7411,92.4306,76.3
2022-01-22,66.3,0.0,1.2526,3.1551,85.4306,71.9
2022-01-23,72.0,0.0,1.1005,3.6649,81.0972,66.3
2022-01-25,62.7,0.0,1.1706,3.2163,88.5903,72.0
2022-01-26,67.1,0.0,0.6619,2.2603,93.2639,62.7
2022-01-27,57.5,0.0,0.6908,1.8351,94.0833,67.1
2022-01-28,47.2,0.0,1.6028,6.269,63.6528,57.5
2022-01-28,47.2,0.0,1.6028,6.269,63.6528,47.2
2022-01-29,66.0,0.0,0.8858,6.736,57.0,47.2
2022-01-30,41.9,0.0,1.8901,9.1972,53.6042,66.0
2022-01-31,58.7,0.0,1.8514,7.6671,60.6806,41.9
2022-02-01,12.6,0.0,2.1403,10.8076,26.3403,58.7
2022-02-02,15.4,0.0,1.8538,13.3834,36.6389,12.6
2022-02-04,48.3,0.0,0.9099,9.1486,78.9028,15.4
2022-02-07,41.8,0.0,2.2607,9.0785,43.7014,48.3
2022-02-08,38.6,0.0,0.759,8.5549,29.1597,41.8
2022-02-09,53.1,0.0,0.7583,9.4807,58.1944,38.6
2022-02-10,57.9,0.0,0.4524,9.4769,75.7778,53.1
2022-02-11,56.6,0.0,1.0869,10.9412,58.0417,57.9
2022-02-12,40.3,0.0,1.6246,8.1862,51.9236,56.6
2022-02-13,34.1,0.0,1.0597,6.4327,49.6181,40.3
2022-02-15,43.7,9.2,0.9351,3.4001,94.7917,34.1
2022-02-16,59.2,0.0,0.7131,5.412,88.6643,43.7
2022-02-17,37.7,0.0,1.0685,8.4569,77.5903,59.2
2022-02-18,61.2,0.0,1.7104,8.1448,81.5071,37.7
2022-02-19,71.0,1.6,0.8658,10.5497,88.2,61.2
2022-02-20,51.6,0.0,0.8676,11.2299,75.1667,71.0
2022-02-21,29.3,0.0,1.7016,11.9008,52.3542,51.6
2022-02-22,7.2,0.0,1.6204,13.0028,32.4236,29.3
2022-02-23,36.6,0.0,1.4505,11.406,40.7014,7.2
2022-02-24,50.6,0.0,0.7282,10.5597,52.2308,36.6
2022-02-25,39.0,0.0,1.1897,10.4635,43.2153,50.6
2022-02-26,13.5,0.0,1.7016,9.3666,42.3403,39.0
2022-02-27,18.1,0.0,0.6692,7.8024,43.3611,13.5
2022-02-27,18.1,0.0,0.6692,7.8024,43.3611,18.1
2022-02-28,36.1,0.0,1.3768,7.5835,42.4028,18.1
2022-02-28,36.1,0.0,1.3768,7.5835,42.4028,36.1
2022-03-02,43.0,0.0,0.7986,7.3969,45.6597,36.1
2022-03-03,35.7,0.0,0.6966,10.0302,54.3472,43.0
2022-03-05,33.7,0.0,2.3858,6.9354,48.0208,35.7
2022-03-06,27.6,0.0,1.1259,6.4309,42.7778,33.7
2022-03-07,42.3,0.0,0.9693,6.4872,46.5347,27.6
2022-03-08,39.3,0.0,1.9026,5.9127,46.8472,42.3
2022-03-09,57.3,0.0,0.6397,6.7104,48.6806,39.3
2022-03-10,74.4,0.0,0.5468,8.9335,51.3611,57.3
2022-03-11,46.4,0.0,3.0031,8.6829,54.0972,74.4
2022-03-12,30.9,0.0,2.1006,7.5958,49.4375,46.4
2022-03-13,30.4,0.0,1.5572,7.3979,42.8611,30.9
2022-03-14,36.2,0.0,0.8288,10.1342,49.7222,30.4
2022-03-17,67.9,0.0,1.6612,12.2065,65.8056,36.2
2022-03-18,61.0,0.0,1.7924,12.1195,52.2917,67.9
2022-03-19,35.0,0.0,2.0531,10.6092,41.9167,61.0
2022-03-20,33.6,0.0,1.5878,9.9226,37.6389,35.0
2022-03-21,37.8,0.0,1.2362,10.631,34.3681,33.6
2022-03-22,52.9,0.0,1.0069,10.5278,36.1597,37.8
2022-03-23,56.9,0.0,0.4411,12.6431,30.8611,52.9
2022-03-24,58.3,0.0,0.582,14.4741,28.2917,56.9
2022-03-25,40.1,0.0,0.7338,15.1288,25.4375,58.3
2022-03-26,50.4,0.0,0.836,15.3878,27.3333,40.1
2022-03-27,61.0,0.0,0.778,15.5373,32.5556,50.4
2022-03-28,57.4,0.0,0.5735,15.6653,29.1806,61.0
2022-03-29,56.7,0.0,1.4519,13.9226,49.4514,57.4
2022-03-30,53.3,3.0,1.7808,11.801,79.2569,56.7
2022-03-31,34.3,3.0,0.9241,12.1676,78.0347,53.3
2022-04-01,16.4,1.2,1.549,11.0576,74.5903,34.3
2022-04-02,13.1,0.0,1.8476,8.7819,55.7778,16.4
2022-04-03,16.2,0.0,1.6123,8.5755,62.1111,13.1
2022-04-04,22.4,0.0,1.1564,9.8108,56.2639,16.2
2022-04-05,33.8,0.0,0.764,12.1305,50.4028,22.4
2022-04-06,45.8,0.0,1.4188,13.2309,54.5,33.8
2022-04-07,20.2,0.0,1.2528,14.4395,54.5556,45.8
2022-04-09,23.4,0.0,2.5641,14.7169,42.0,20.2
2022-04-11,20.9,0.0,0.897,13.6386,33.4931,23.4
2022-04-12,24.6,0.0,0.8372,15.0118,34.4236,20.9
2022-04-14,49.0,0.0,0.9261,17.9583,44.2083,24.6
2022-04-15,52.6,0.0,1.3077,19.2175,42.0625,49.0
2022-04-16,37.5,0.0,2.1774,18.7311,44.0903,52.6
2022-04-17,19.1,0.0,2.5251,14.0206,42.2014,37.5
2022-04-18,24.3,0.0,1.6431,14.7267,34.0347,19.1
2022-04-19,28.4,0.0,1.2221,15.3762,42.6667,24.3
2022-04-20,32.0,0.0,2.726,14.1733,57.0625,28.4
2022-04-21,28.1,0.0,2.2658,13.4457,47.3958,32.0
2022-04-22,26.3,0.0,1.3862,12.9065,71.7014,28.1
2022-04-23,33.4,6.0,3.023,14.1906,78.1806,26.3
2022-04-24,12.7,0.4,2.1249,12.9635,71.1667,33.4
2022-04-25,14.7,10.6,1.1486,14.7651,68.875,12.7
2022-04-26,19.9,10.4,1.1411,14.3499,84.0417,14.7
2022-04-27,28.4,0.0,1.2122,16.4971,60.0833,19.9
2022-04-28,25.0,0.0,2.2307,17.8724,48.25,28.4
2022-04-29,28.7,0.0,1.651,18.716,41.8611,25.0
2022-04-30,25.6,0.0,1.0242,18.6658,38.1181,28.7
2022-05-01,19.1,0.0,2.0297,18.1622,48.0625,25.6
2022-05-02,24.3,0.0,1.4962,18.1485,51.0556,19.1
2022-05-03,19.0,0.2,1.2351,17.8343,56.4236,24.3
2022-05-04,25.2,2.2,0.8869,17.3235,68.8333,19.0
2022-05-05,32.1,18.6,1.3286,15.1236,79.2569,25.2
2022-05-06,14.8,11.8,0.7276,13.4535,96.7431,32.1
2022-05-07,24.5,1.2,1.0522,16.0556,81.0417,14.8
2022-05-08,15.3,0.2,0.9987,17.9852,70.8056,24.5
2022-05-10,33.5,0.0,0.8074,21.5353,56.2222,15.3
2022-05-11,30.3,0.0,1.1141,22.6484,47.3611,33.5
2022-05-11,30.3,0.0,1.1141,22.6484,47.3611,30.3
2022-05-12,23.7,0.0,1.5615,22.1083,56.1319,30.3
2022-05-14,24.7,0.2,1.2077,23.2751,50.5208,23.7
2022-05-14,24.7,0.2,1.2077,23.2751,50.5208,24.7
2022-05-15,29.3,0.0,0.9919,24.7633,49.8611,24.7
2022-05-16,25.5,0.0,1.3333,24.587,43.0139,29.3
2022-05-17,28.0,0.0,0.9438,25.3512,45.5833,25.5
2022-05-18,41.1,0.0,3.012,25.5006,48.7083,28.0
2022-05-19,29.2,0.0,2.2449,24.8692,35.8125,41.1
2022-05-20,31.6,0.0,1.4558,25.0885,41.7083,29.2
2022-05-21,29.5,0.0,1.5962,25.2781,54.3819,31.6
2022-05-22,26.1,0.0,1.206,24.4454,57.2708,29.5
2022-05-23,24.7,0.0,1.4919,24.4162,49.4375,26.1
2022-05-24,31.6,3.8,1.1527,22.4189,57.2361,24.7
2022-05-25,21.3,0.0,1.2003,22.1366,65.0139,31.6
2022-05-26,32.6,0.0,1.436,24.5325,58.7692,21.3
2022-05-27,41.9,0.0,0.9067,26.1705,53.0625,32.6
2022-05-27,41.9,0.0,0.9067,26.1705,53.0625,41.9
2022-05-28,47.2,0.0,2.9031,24.4931,56.75,41.9
2022-05-29,17.7,4.2,2.5595,17.0474,62.0,47.2
2022-05-30,18.5,0.0,1.8052,18.3482,57.2986,17.7
2022-05-31,32.7,0.0,1.2314,21.065,58.9931,18.5
2022-06-01,32.4,0.0,0.8183,23.3547,55.0069,32.7
2022-06-01,32.4,0.0,0.8183,23.3547,55.0069,32.4
2022-06-02,27.2,0.0,0.7594,25.3637,51.7847,32.4
2022-06-03,40.8,1.6,1.8556,23.4033,67.9028,27.2
2022-06-04,22.3,0.0,0.7721,25.199,58.6736,40.8
2022-06-05,36.1,1.6,1.504,25.3898,59.3333,22.3
2022-06-06,31.8,0.0,1.3567,25.8952,48.7778,36.1
2022-06-06,31.8,0.0,1.3567,25.8952,48.7778,31.8
2022-06-07,22.0,5.4,1.6922,24.1171,59.4097,31.8
2022-06-08,18.6,2.6,1.3568,22.7241,57.0347,22.0
2022-06-09,14.1,0.0,1.7237,23.4272,44.6458,18.6
2022-06-10,11.1,0.0,1.2031,25.6146,25.2153,14.1
2022-06-11,22.0,0.0,1.3295,26.5067,35.9028,11.1
2022-06-12,22.4,0.0,1.0715,28.0758,37.9931,22.0
2022-06-13,28.5,0.0,1.1906,29.0446,39.1042,22.4
2022-06-14,31.0,0.0,2.474,28.1056,45.6458,28.5
2022-06-15,31.6,0.0,1.6904,28.0971,43.4236,31.0
2022-06-16,37.7,0.0,1.3183,29.7167,43.2083,31.6
2022-06-17,36.0,0.0,1.52,30.1531,44.5486,37.7
2022-06-18,31.5,0.0,2.6574,29.5092,38.5,36.0
2022-06-19,28.5,0.0,1.8883,29.9883,36.7639,31.5
2022-06-20,32.4,0.0,1.4284,29.2499,39.8681,28.5
2022-06-21,26.3,0.0,1.5195,28.0295,50.2847,32.4
2022-06-22,33.6,1.6,1.1337,26.0074,59.9306,26.3
2022-06-23,37.1,0.0,1.2805,26.011,63.0,33.6
2022-06-24,33.3,1.2,1.4951,25.2188,56.9583,37.1
2022-06-25,14.7,0.0,1.1962,25.4228,50.2986,33.3
2022-06-27,39.6,0.0,1.5508,29.921,42.9792,14.7
2022-06-28,45.4,3.4,1.7649,27.2159,52.5694,39.6
2022-06-29,20.3,0.0,1.7065,26.6455,53.2361,45.4
2022-06-30,22.5,0.0,1.2651,27.7822,49.9583,20.3
2022-06-30,22.5,0.0,1.2651,27.7822,49.9583,22.5
2022-07-01,24.8,0.0,1.4015,27.8705,44.375,22.5
2022-07-02,24.5,0.0,1.1715,29.5551,40.7431,24.8
2022-07-03,27.1,0.0,0.9026,31.2065,38.4167,24.5
2022-07-13,23.8,0.0,1.896,28.0743,45.7292,27.1
2022-07-14,31.2,0.0,1.1124,29.903,41.2708,23.8
2022-07-15,26.6,0.0,1.4457,30.7082,40.1189,31.2
2022-07-16,24.3,0.0,1.5663,30.2839,43.0486,26.6
2022-07-17,27.5,0.0,2.615,30.5096,43.7708,24.3
2022-07-17,27.5,0.0,2.615,30.5096,43.7708,27.5
2022-07-18,30.8,0.0,2.4597,30.4476,39.7708,27.5
2022-07-19,28.0,0.0,1.8815,31.066,34.9097,30.8
2022-07-20,26.9,0.0,1.6214,31.8236,29.8958,28.0
2022-07-21,32.1,0.0,1.753,32.4251,31.0069,26.9
2022-07-22,34.8,0.0,1.3832,33.6829,29.8376,32.1
2022-07-23,30.2,0.0,1.413,30.8995,45.5944,34.8
2022-07-24,25.4,0.0,1.1221,30.7621,51.2361,30.2
2022-07-25,40.0,2.4,1.5645,31.442,44.3542,25.4
2022-07-26,25.2,10.0,1.8057,28.5538,56.3542,40.0
2022-07-26,25.2,10.0,1.8057,28.5538,56.3542,25.2
2022-07-27,15.0,0.0,1.5892,27.3265,52.2292,25.2
2022-07-28,23.3,3.8,2.3806,27.7694,52.5833,15.0
2022-07-30,13.0,0.2,1.2108,26.3021,54.3819,23.3
2022-07-31,14.7,0.0,0.9907,28.4995,34.0625,13.0
2022-08-01,19.1,0.0,1.1161,30.1319,35.2639,14.7
2022-08-02,22.2,0.0,2.0964,28.8616,39.3427,19.1
2022-08-06,25.1,0.0,1.6639,30.3151,45.4375,22.2
2022-08-07,12.4,0.0,2.1111,27.1235,50.1458,25.1
2022-08-08,15.3,0.0,1.1952,27.6496,48.1343,12.4
2022-08-09,22.0,0.0,1.859,28.6135,45.8056,15.3
2022-08-10,24.1,0.0,2.3301,28.7885,38.5139,22.0
2022-08-11,23.0,0.0,2.1162,27.9635,38.6115,24.1
2022-08-12,22.8,0.8,3.3597,26.208,42.3681,23.0
2022-08-13,12.2,0.0,1.1374,24.7043,47.1944,22.8
2022-08-15,15.3,0.0,1.1141,26.2683,46.3958,12.2
2022-08-16,18.1,0.0,1.368,26.6758,54.0347,15.3
2022-08-16,18.1,0.0,1.368,26.6758,54.0347,18.1
2022-08-17,27.5,1.2,1.6262,25.4488,65.4028,18.1
2022-08-18,20.7,16.6,1.4621,21.9594,82.3958,27.5
2022-08-19,10.5,2.0,0.9515,23.4097,66.9167,20.7
2022-08-19,10.5,2.0,0.9515,23.4097,66.9167,10.5
2022-08-20,12.9,0.0,1.068,26.966,49.1042,10.5
2022-08-21,10.5,0.0,0.7624,27.4019,40.6111,12.9
2022-08-22,14.5,0.0,1.1596,27.5891,42.3403,10.5
2022-08-23,18.8,0.0,1.5927,27.2317,41.6875,14.5
2022-08-24,18.1,0.0,1.7958,26.948,44.5625,18.8
2022-08-25,20.6,0.0,0.8635,27.6807,45.0486,18.1
2022-08-26,24.5,0.0,1.1029,27.6241,47.9583,20.6
2022-08-27,16.8,0.0,2.0599,26.204,53.0625,24.5
2022-08-28,14.5,0.0,1.0599,26.5269,55.2986,16.8
2022-08-29,18.7,0.0,1.0183,27.5535,52.8333,14.5
2022-08-30,29.9,0.0,1.4681,25.8801,62.8542,18.7
2022-08-31,18.5,4.2,1.5885,24.1905,66.7569,29.9
2022-08-31,18.5,4.2,1.5885,24.1905,66.7569,18.5
2022-09-01,16.8,0.0,2.0566,24.524,60.1389,18.5
2022-09-02,20.1,0.0,1.8073,23.727,54.3958,16.8
2022-09-03,23.0,0.0,1.9101,23.692,54.9097,20.1
2022-09-04,22.7,0.0,0.9039,24.5748,58.7361,23.0
2022-09-04,22.7,0.0,0.9039,24.5748,58.7361,22.7
2022-09-05,26.1,0.0,1.1524,25.9867,55.5833,22.7
2022-09-06,26.9,0.0,1.0312,26.3455,55.3611,26.1
2022-09-08,23.7,2.2,1.6016,25.1694,63.5,26.9
2022-09-09,23.2,0.0,1.7396,24.2401,60.0208,23.7
2022-09-09,23.2,0.0,1.7396,24.2401,60.0208,23.2
2022-09-10,13.7,0.0,1.1117,23.4988,50.4653,23.2
2022-09-11,15.1,0.0,1.0758,23.9176,48.9097,13.7
2022-09-12,21.7,0.0,0.9803,23.9499,49.0347,15.1
2022-09-14,22.2,0.0,1.0253,24.8334,59.7361,21.7
2022-09-15,24.6,0.0,1.0473,25.6443,56.0625,22.2
2022-09-17,14.4,0.0,2.4351,20.2417,43.7639,24.6
2022-09-17,14.4,0.0,2.4351,20.2417,43.7639,14.4
2022-09-18,8.6,0.0,1.6072,20.1419,27.2639,14.4
2022-09-19,11.3,0.0,1.2431,21.1501,28.7431,8.6
2022-09-20,18.6,0.0,1.4942,19.4233,37.5903,11.3
2022-09-21,20.1,0.0,2.4451,18.1865,49.9514,18.6
2022-09-23,23.4,0.0,1.3151,18.4776,45.9028,20.1
2022-09-24,33.1,8.0,1.3568,15.8219,74.0278,23.4
2022-09-25,22.6,0.0,0.8342,16.0917,81.2222,33.1
2022-09-26,17.9,2.4,0.8595,17.3284,69.8846,22.6
2022-09-27,18.9,0.0,0.9849,18.1976,65.25,17.9
2022-09-28,28.2,6.2,1.7145,16.2038,69.3403,18.9
2022-09-29,29.4,35.8,1.0595,16.0219,84.7639,28.2
2022-09-30,12.0,2.2,1.4397,14.7469,89.6597,29.4
2022-10-01,14.7,0.0,1.1664,16.4585,75.375,12.0
2022-10-02,17.5,0.0,1.0192,18.5977,69.8889,14.7
2022-10-03,31.1,0.0,1.1094,18.8022,72.3125,17.5
2022-10-03,31.1,0.0,1.1094,18.8022,72.3125,31.1
2022-10-04,49.0,0.0,0.8099,18.923,73.6667,31.1
2022-10-05,52.4,0.0,0.8491,19.4085,71.0625,49.0
2022-10-06,74.9,0.0,0.7644,18.849,73.7292,52.4
2022-10-07,55.7,0.0,0.5217,19.454,67.0764,74.9
2022-10-07,55.7,0.0,0.5217,19.454,67.0764,55.7
2022-10-08,49.8,0.0,0.6193,19.3648,65.3333,55.7
2022-10-09,39.9,10.0,1.1904,17.3135,88.1319,49.8
2022-10-10,30.2,1.4,0.8567,16.9572,78.9306,39.9
2022-10-11,34.9,0.0,0.5609,17.106,77.7222,30.2
2022-10-12,44.8,0.0,0.5778,17.7272,71.6389,34.9
2022-10-13,67.0,0.0,0.5603,17.5058,73.2292,44.8
2022-10-15,74.0,0.0,0.538,18.4191,71.7153,67.0
2022-10-17,80.1,0.0,0.555,18.5185,76.1389,74.0
2022-10-18,60.2,0.0,0.6735,18.7528,73.9861,80.1
2022-10-19,60.1,0.0,0.5738,18.8529,72.8264,60.2
2022-10-19,60.1,0.0,0.5738,18.8529,72.8264,60.1
2022-10-20,65.2,0.0,0.7467,18.4311,71.3958,60.1
2022-10-20,65.2,0.0,0.7467,18.4311,71.3958,65.2
2022-10-21,53.6,0.0,2.679,17.7502,83.0764,65.2
2022-10-22,40.7,0.2,1.3397,19.1783,77.5486,53.6
2022-10-23,28.5,1.0,1.4135,18.7624,78.7222,40.7
2022-10-24,42.9,0.0,1.8632,19.7445,76.3403,28.5
2022-10-25,43.6,0.0,0.8828,19.4865,76.0278,42.9
2022-10-26,48.7,0.0,0.6379,19.5062,73.7431,43.6
2022-10-27,61.1,0.0,0.5835,18.4649,76.3333,48.7
2022-10-28,50.8,0.0,0.5116,17.7307,73.2014,61.1
2022-10-29,45.5,0.0,0.5631,17.6426,73.1319,50.8
2022-10-30,41.1,0.0,0.5092,17.1128,75.4306,45.5
2022-11-01,35.3,2.6,0.6228,15.312,83.9514,41.1
2022-11-02,36.7,0.0,0.7042,14.0981,88.8889,35.3
2022-11-02,36.7,0.0,0.7042,14.0981,88.8889,36.7
2022-11-03,42.4,25.2,1.3002,14.6771,93.15,36.7
2022-11-04,11.2,13.4,1.8882,13.5183,74.6736,42.4
2022-11-05,22.8,0.0,0.7697,12.9474,61.7778,11.2
2022-11-06,31.2,0.0,0.4897,11.3499,62.3681,22.8
2022-11-07,45.4,0.0,0.498,11.2101,68.2847,31.2
2022-11-08,43.8,0.0,0.5424,12.9682,65.6875,45.4
2022-11-08,43.8,0.0,0.5424,12.9682,65.6875,43.8
2022-11-09,45.0,5.0,0.5964,12.5065,88.125,43.8
2022-11-10,44.9,5.8,0.6805,12.7764,94.1528,45.0
2022-11-11,46.9,0.0,0.6162,12.8825,87.9931,44.9
2022-11-12,38.7,0.0,0.6788,11.4312,89.4375,46.9
2022-11-14,29.1,3.0,1.3186,10.6803,88.3542,38.7
2022-11-15,29.9,6.0,0.6587,8.7041,95.4931,29.1
2022-11-16,18.3,3.2,0.7836,10.3229,91.5208,29.9
2022-11-17,42.4,0.0,0.6397,10.7549,87.9583,18.3
2022-11-19,36.0,0.0,0.7665,10.331,73.3264,42.4
2022-11-20,32.7,0.0,0.6336,8.7224,68.3681,36.0
2022-11-21,48.8,0.2,1.3483,8.0612,73.7986,32.7
2022-11-22,20.3,25.8,1.3396,8.0192,91.1528,48.8
2022-11-23,39.0,0.0,0.7892,8.0337,76.3889,20.3
2022-11-24,41.9,0.0,0.8017,8.5499,67.5833,39.0
2022-11-25,55.4,0.0,1.1397,9.1597,75.4861,41.9
2022-11-27,37.4,0.0,0.6581,7.733,70.4653,55.4
2022-11-28,41.5,0.0,0.8234,7.8949,73.0208,37.4
2022-11-28,41.5,0.0,0.8234,7.8949,73.0208,41.5
2022-11-29,42.7,0.2,0.7258,6.9274,77.5139,41.5
2022-11-30,58.6,0.0,0.7047,5.5025,88.0764,42.7
2022-12-01,59.9,0.0,0.514,5.4284,82.7778,58.6
2022-12-02,40.6,0.0,1.2163,7.3154,77.5903,59.9
2022-12-03,27.7,17.6,0.6399,6.9969,93.5,40.6
2022-12-04,12.3,28.2,1.0401,7.7444,98.4583,27.7
2022-12-05,18.9,4.2,1.5485,8.2821,98.0208,12.3
2022-12-06,38.0,0.2,0.5922,5.5516,86.7917,18.9
2022-12-07,59.5,0.0,0.6174,3.6661,89.6319,38.0
2022-12-08,44.8,0.0,0.5983,4.8031,87.7569,59.5
2022-12-09,29.8,12.6,1.006,4.6776,96.8333,44.8
2022-12-10,25.6,0.0,1.1851,4.2155,94.0139,29.8
2022-12-11,22.5,0.0,1.1405,4.0395,80.3681,25.6
2022-12-12,33.2,0.0,0.9088,2.4616,84.0347,22.5
2022-12-13,39.7,0.0,0.7602,2.284,83.9792,33.2
2022-12-13,39.7,0.0,0.7602,2.284,83.9792,39.7
2022-12-14,51.5,0.0,0.735,3.2504,78.0486,39.7
2022-12-15,59.2,20.8,0.8983,2.7394,87.3542,51.5
2022-12-15,59.2,20.8,0.8983,2.7394,87.3542,59.2
2022-12-16,26.3,0.4,0.993,3.5054,95.0903,59.2
2022-12-17,27.3,0.0,1.2724,4.9635,96.5347,26.3
2022-12-17,27.3,0.0,1.2724,4.9635,96.5347,27.3
2022-12-18,34.3,0.0,0.7234,5.7265,93.6736,27.3
2022-12-19,44.9,0.0,0.788,5.1956,90.4792,34.3
2022-12-20,45.1,0.0,0.8606,5.7474,81.7639,44.9
2022-12-21,38.2,1.4,0.7585,6.4896,81.7431,45.1
2022-12-22,48.3,0.0,0.8103,7.6094,81.6389,38.2
2022-12-23,72.3,0.0,0.789,8.2196,86.8542,48.3
2022-12-25,65.7,0.0,0.7938,9.596,86.9792,72.3
2022-12-26,51.7,0.0,0.7674,9.7257,90.5625,65.7
2022-12-27,46.5,0.0,0.9189,8.8062,89.0903,51.7
2022-12-28,57.5,0.0,0.5073,8.5276,89.4028,46.5
2022-12-29,66.5,0.6,0.7488,9.0085,89.1667,57.5
2022-12-29,66.5,0.6,0.7488,9.0085,89.1667,66.5
2022-12-30,37.9,2.6,0.7585,8.4843,96.4861,66.5
2022-12-31,49.2,1.4,0.6929,8.2971,86.5139,37.9
2023-01-01,66.2,4.4,0.7231,8.5244,99.0,49.2
2023-01-02,29.2,2.8,0.4684,9.5673,99.0,66.2
2023-01-03,18.8,8.8,0.682,10.0683,99.0,29.2
2023-01-04,27.6,0.2,0.6611,9.9381,96.3056,18.8
2023-01-05,35.4,0.0,1.3039,9.43,86.3611,27.6
2023-01-06,42.5,0.0,1.0429,8.6774,94.6111,35.4
2023-01-07,29.9,1.2,0.5386,8.0621,91.1806,42.5
2023-01-07,29.9,1.2,0.5386,8.0621,91.1806,29.9
2023-01-08,26.8,31.2,1.1271,7.5644,96.6944,29.9
2023-01-09,11.8,0.8,1.6482,8.1578,83.5139,26.8
2023-01-10,9.2,0.0,1.7122,10.156,32.4406,11.8
2023-01-11,44.1,0.0,0.5043,7.2265,52.8472,9.2
2023-01-12,56.6,0.0,0.5969,6.8017,65.0417,44.1
2023-01-13,62.4,0.0,0.6689,6.8593,71.2042,56.6
2023-01-14,50.2,0.0,1.249,6.5026,74.5417,62.4
2023-01-15,57.1,0.6,0.7129,6.898,88.3472,50.2
2023-01-16,45.2,0.2,1.1192,4.9177,94.8811,57.1
2023-01-17,30.9,4.2,1.0256,3.8272,95.0417,45.2
2023-01-18,31.8,0.0,0.9465,2.9783,92.9167,30.9
2023-01-19,20.3,4.6,1.1044,3.0822,88.5069,31.8
2023-01-20,32.3,0.0,0.7394,3.3256,80.0347,20.3
2023-01-20,32.3,0.0,0.7394,3.3256,80.0347,32.3
2023-01-21,28.9,0.0,0.9801,4.5928,39.7917,32.3
2023-01-23,45.6,0.0,0.7146,4.3612,62.0208,28.9
2023-01-24,33.4,0.0,0.8209,8.2805,66.4722,45.6
2023-01-25,39.6,0.0,0.8292,7.2272,77.7692,33.4
2023-01-27,42.9,0.0,1.288,4.765,61.2153,39.6
2023-01-28,44.4,0.0,0.6281,4.6364,58.5417,42.9
2023-01-29,41.2,0.0,0.7001,4.5256,60.5833,44.4
2023-01-30,54.2,0.0,1.1286,5.0177,64.1944,41.2
2023-01-31,69.2,0.0,1.1047,5.5744,69.0972,54.2
2023-02-01,48.1,0.0,1.2148,8.3781,60.3819,69.2
2023-02-02,27.2,0.0,1.4126,10.3135,51.9514,48.1
2023-02-03,39.4,0.0,1.2365,9.7849,55.5,27.2
2023-02-05,21.8,0.0,2.8727,7.1026,56.6042,39.4
2023-02-06,21.3,0.0,2.5294,5.1287,61.6319,21.8
2023-02-09,25.4,0.0,1.3349,2.5535,42.7847,21.3
2023-02-10,52.3,0.0,0.4874,3.0357,47.7917,25.4
2023-02-11,64.5,0.0,0.7307,4.434,48.5417,52.3
2023-02-13,68.1,0.0,0.5569,8.1283,53.7917,64.5
2023-02-14,75.6,0.0,0.7512,8.5975,58.8194,68.1
2023-02-16,63.8,0.0,0.9531,9.8554,64.0069,75.6
2023-02-17,29.8,0.0,1.0068,10.3125,69.1319,63.8
2023-02-18,25.7,0.0,1.2434,10.7788,68.0625,29.8
2023-02-19,26.0,0.0,1.1333,10.944,73.4514,25.7
2023-02-20,81.0,0.0,1.0643,9.9097,79.5486,26.0
2023-02-21,65.0,0.0,0.718,10.6288,76.0486,81.0
2023-02-22,74.5,0.0,0.8347,11.5072,75.6597,65.0
2023-02-23,73.2,0.0,1.0989,12.1552,74.3333,74.5
2023-02-24,68.5,2.0,0.7213,11.8233,78.3472,73.2
2023-02-25,44.7,0.0,1.1655,11.7936,77.8819,68.5
2023-02-26,20.8,3.4,2.226,5.5147,82.2153,44.7
2023-02-27,11.4,3.8,1.0931,4.2861,78.4444,20.8
2023-02-28,23.1,0.0,0.9041,6.1269,59.2917,11.4
2023-03-01,37.8,4.4,0.7819,5.9917,69.4236,23.1
2023-03-02,28.6,0.2,0.7473,7.8174,76.2986,37.8
2023-03-03,37.5,0.0,0.6285,10.363,64.4931,28.6
2023-03-04,50.9,0.0,0.6615,11.2431,61.5764,37.5
2023-03-05,51.9,0.0,0.8588,10.7991,63.7361,50.9
2023-03-06,28.6,0.0,0.8887,11.0414,61.3542,51.9
2023-03-06,28.6,0.0,0.8887,11.0414,61.3542,28.6
2023-03-07,30.3,0.0,0.6816,10.9651,62.3007,28.6
2023-03-08,30.7,0.0,0.6227,11.2233,63.7778,30.3
2023-03-09,24.3,1.0,0.8216,13.9047,64.7083,30.7
2023-03-10,31.8,0.0,1.7961,13.9892,62.6111,24.3
2023-03-11,7.1,0.0,1.7444,16.3642,36.5764,31.8
2023-03-12,21.7,0.0,2.187,12.9859,60.7569,7.1
2023-03-13,24.8,0.8,1.2972,12.2272,64.1597,21.7
2023-03-14,24.0,8.8,1.8751,11.9783,76.0625,24.8
2023-03-15,5.5,0.0,2.1824,12.7015,20.3611,24.0
2023-03-16,18.2,0.0,1.7256,11.0925,37.0139,5.5
2023-03-17,27.1,0.0,1.3068,10.9003,41.8125,18.2
2023-03-19,38.7,0.0,1.0301,12.4947,58.9514,27.1
2023-03-20,47.8,0.0,1.0119,12.4839,68.5833,38.7
2023-03-21,57.7,0.0,0.5303,14.1895,59.9583,47.8
2023-03-22,48.1,0.0,0.6781,16.1453,51.3472,57.7
2023-03-23,18.6,0.0,1.272,15.5549,56.2431,48.1
2023-03-24,15.2,0.0,1.1657,14.7497,67.0,18.6
2023-03-25,11.8,0.0,1.2144,16.6707,48.6736,15.2
2023-03-26,19.8,4.0,1.4677,12.062,67.875,11.8
2023-03-27,8.1,0.0,2.4541,12.8635,35.5347,19.8
2023-03-29,23.6,0.0,1.1956,13.0631,50.4236,8.1
2023-03-30,23.0,0.0,0.8147,14.1212,67.2708,23.6
2023-03-31,27.0,0.0,1.0461,13.5271,65.3264,23.0
2023-04-01,14.6,0.0,1.0722,14.9406,46.6181,27.0
2023-04-02,22.2,0.0,1.3994,15.2028,47.5972,14.6
2023-04-03,27.6,0.0,2.5941,13.7851,51.8958,22.2
2023-04-04,22.5,0.0,2.3348,10.2999,40.1458,27.6
2023-04-05,24.3,0.0,2.1352,9.584,38.0764,22.5
2023-04-05,24.3,0.0,2.1352,9.584,38.0764,24.3
2023-04-06,30.3,0.0,1.1174,10.5901,34.2014,24.3
2023-04-07,42.4,0.0,0.7751,11.3618,57.2986,30.3
2023-04-08,31.4,0.0,1.2711,13.0076,54.9236,42.4
2023-04-09,21.5,0.0,1.8908,13.3556,54.7986,31.4
2023-04-10,15.0,0.0,1.6501,13.8115,44.6042,21.5
2023-04-11,24.5,0.0,1.091,15.6554,51.2014,15.0
2023-04-13,18.8,5.6,1.7485,10.4622,77.3333,24.5
2023-04-14,10.1,0.0,1.3612,14.1293,39.1806,18.8
2023-04-15,19.5,0.0,1.2887,13.9878,47.3819,10.1
2023-04-16,17.0,0.0,1.6688,15.2113,50.8333,19.5
2023-04-17,12.2,0.0,1.3606,15.6771,42.4792,17.0
2023-04-17,12.2,0.0,1.3606,15.6771,42.4792,12.2
2023-04-18,22.1,0.0,1.1189,17.4277,41.5139,12.2
2023-04-19,24.9,0.4,1.4197,17.8056,46.1319,22.1
2023-04-20,15.3,28.6,3.0456,11.7891,90.2917,24.9
2023-04-21,14.3,1.0,1.2106,13.4632,80.9375,15.3
2023-04-22,21.7,0.0,0.703,16.1171,61.75,14.3
2023-04-23,20.3,2.4,1.0096,18.2022,51.1042,21.7
2023-04-24,10.5,1.4,1.2276,17.4572,57.3333,20.3
2023-04-25,10.0,0.2,2.139,15.1858,60.0625,10.5
2023-04-26,14.1,0.0,0.8443,16.1365,48.0903,10.0
2023-04-27,25.5,0.0,1.6098,17.1782,45.4444,14.1
2023-04-28,26.1,0.0,1.4907,18.0096,48.6806,25.5
2023-04-29,24.0,1.4,1.2271,18.0157,69.8333,26.1
2023-04-30,27.8,0.0,2.5652,18.7525,63.2517,24.0
2023-05-02,14.2,4.8,1.5096,15.8567,74.9444,27.8
2023-05-04,19.8,0.0,1.2589,20.0451,50.5139,14.2
2023-05-05,32.4,0.0,1.1017,21.2264,50.4722,19.8
2023-05-06,24.8,0.0,1.0258,22.3456,45.5833,32.4
2023-05-06,24.8,0.0,1.0258,22.3456,45.5833,24.8
2023-05-07,16.5,0.0,1.3753,21.6403,55.875,24.8
2023-05-08,18.6,2.8,2.1612,19.6369,68.1458,16.5
2023-05-09,22.4,13.6,2.9596,18.8673,67.6084,18.6
2023-05-10,13.5,17.4,2.1053,14.0952,89.4028,22.4
2023-05-11,16.4,6.2,1.3734,15.6526,73.0417,13.5
2023-05-12,13.1,2.6,1.5391,13.9656,83.6736,16.4
2023-05-13,14.2,0.0,1.6163,15.5895,70.4028,13.1
2023-05-14,12.1,10.6,1.6455,15.3003,74.0764,14.2
2023-05-15,15.1,0.0,1.2128,17.5842,66.2014,12.1
2023-05-16,19.8,0.0,1.1035,16.6449,68.9375,15.1
2023-05-17,13.6,0.4,1.1045,16.3625,71.0417,19.8
2023-05-18,15.6,0.0,1.3174,17.169,63.3194,13.6
2023-05-19,22.0,7.2,1.9038,15.3025,78.0694,15.6
2023-05-20,11.7,3.6,0.9565,14.8748,92.625,22.0
2023-05-21,13.5,0.4,1.0667,18.9096,71.7153,11.7
2023-05-22,21.6,0.0,0.9757,22.0757,56.9021,13.5
2023-05-23,27.3,0.0,0.886,23.4317,52.2222,21.6
2023-05-24,26.2,19.0,1.3708,20.8437,63.1111,27.3
2023-05-25,17.5,0.0,1.8674,20.446,67.9722,26.2
2023-05-26,25.2,0.0,0.9049,22.7513,59.4444,17.5
2023-05-27,24.3,0.8,2.5385,23.3489,57.6071,25.2
2023-05-28,21.9,2.2,1.3237,22.3276,64.5069,24.3
2023-05-29,18.2,27.2,1.0038,22.2869,58.1049,21.9
2023-05-30,28.4,0.0,1.9952,23.5322,52.0839,18.2
2023-05-30,28.4,0.0,1.9952,23.5322,52.0839,28.4
2023-05-31,22.6,1.2,1.5042,21.9781,55.2708,28.4
2023-06-01,26.7,0.0,0.9399,23.9436,49.0833,22.6
2023-06-03,13.7,0.0,1.6253,22.6483,57.4306,26.7
2023-06-04,15.8,8.8,1.7986,20.6551,67.9514,13.7
2023-06-05,14.7,0.6,1.7022,19.7356,72.0069,15.8
2023-06-06,25.5,0.0,1.299,22.3433,61.875,14.7
2023-06-07,18.1,33.0,1.4881,21.7617,65.5208,25.5
2023-06-09,23.6,0.0,1.1345,23.2447,59.0139,18.1
2023-06-10,20.0,0.0,1.2515,23.4206,62.3889,23.6
2023-06-11,21.7,1.4,1.5188,24.4271,60.7778,20.0
2023-06-12,14.9,0.2,1.3124,24.3106,58.8671,21.7
2023-06-16,26.0,0.0,1.4556,25.3186,47.1111,14.9
2023-06-17,23.8,0.0,1.4967,25.879,41.8542,26.0
2023-06-17,23.8,0.0,1.4967,25.879,41.8542,23.8
2023-06-18,24.1,0.0,1.1347,25.7237,46.1806,23.8
2023-06-19,25.8,0.6,1.2427,26.2997,53.4965,24.1
2023-06-20,18.3,0.0,1.3436,27.3479,39.5714,25.8
2023-06-21,27.8,0.0,1.394,27.7517,41.3846,18.3
2023-06-22,44.2,0.0,1.1994,29.4388,47.4861,27.8
2023-06-23,23.1,0.0,1.8644,29.054,35.7917,44.2
2023-06-24,18.2,0.0,1.2056,28.5231,28.0694,23.1
2023-06-25,17.8,0.0,2.2229,27.7148,40.7902,18.2
2023-06-26,27.1,0.0,1.1876,29.218,42.6923,17.8
2023-06-27,41.3,0.0,1.1662,29.7446,43.8951,27.1
2023-06-28,25.1,0.0,3.0442,25.9138,53.5278,41.3
2023-06-29,21.5,0.0,2.116,25.7405,45.3819,25.1
2023-06-30,25.9,19.6,1.4986,20.4067,81.3264,21.5
2023-07-01,20.4,0.4,0.8978,22.7971,72.6944,25.9
2023-07-02,18.6,0.0,1.1171,26.3727,57.0139,20.4
2023-07-03,16.8,0.0,1.2729,26.662,54.3125,18.6
2023-07-04,18.7,1.8,1.9822,25.69,58.9375,16.8
2023-07-05,17.2,16.4,1.1844,24.1096,64.8194,18.7
2023-07-06,16.5,20.0,2.102,22.9912,66.7083,17.2
2023-07-07,17.5,0.0,1.1654,25.171,52.8542,16.5
2023-07-08,21.1,0.0,1.2605,27.8135,48.4792,17.5
2023-07-09,22.6,0.0,0.9008,29.2154,49.5208,21.1
2023-07-10,32.6,0.0,0.8471,30.9979,48.9653,22.6
2023-07-11,37.6,0.0,1.2517,31.6493,45.4755,32.6
2023-07-12,35.4,7.6,1.7092,27.774,55.25,37.6
2023-07-12,35.4,7.6,1.7092,27.774,55.25,35.4
2023-07-13,20.1,0.2,1.2494,25.5901,65.8681,35.4
2023-07-14,20.6,9.0,1.879,25.0888,64.375,20.1
2023-07-16,26.3,0.0,0.934,29.9874,51.75,20.6
2023-07-17,28.7,0.0,1.4435,30.3413,51.4406,26.3
2023-07-18,34.4,0.0,1.281,30.2046,59.5278,28.7
2023-07-19,34.0,0.0,1.204,30.5378,60.0,34.4
2023-07-20,30.4,3.6,1.6198,28.2828,59.7917,34.0
2023-07-21,19.9,12.6,1.9949,25.2514,67.5887,30.4
2023-07-22,20.3,0.8,1.5343,25.4589,66.1111,19.9
2023-07-23,22.3,0.0,1.7458,27.1294,60.4583,20.3
2023-07-24,25.4,10.2,1.8001,24.2101,70.2292,22.3
2023-07-25,13.8,32.8,1.1126,23.8324,71.4266,25.4
2023-07-26,4.8,0.0,1.8743,25.476,26.2517,13.8
2023-07-28,23.4,0.0,1.2496,25.4959,50.4653,4.8
2023-07-29,18.7,0.0,1.3016,26.4301,60.5664,23.4
2023-07-30,14.6,15.6,0.9705,25.5166,68.1458,18.7
2023-07-31,18.5,0.0,1.9108,27.3788,60.5139,14.6
2023-08-01,20.2,0.0,1.3458,26.1003,62.6389,18.5
2023-08-02,24.8,0.0,2.0283,26.1645,59.8681,20.2
2023-08-03,19.9,0.0,1.2522,27.2177,54.6944,24.8
2023-08-04,19.4,0.0,1.8777,23.8067,57.5105,19.9
2023-08-05,12.8,0.2,1.8177,22.7533,60.875,19.4
2023-08-06,5.8,0.0,1.9678,24.9638,36.8741,12.8
2023-08-07,4.0,0.0,2.2195,23.8611,21.8333,5.8
2023-08-08,10.0,0.0,1.0451,24.0715,30.3681,4.0
2023-08-09,15.8,0.0,0.8662,25.0749,37.1736,10.0
2023-08-10,20.5,0.0,1.755,25.8501,51.3147,15.8
2023-08-11,22.8,0.0,1.6954,26.8174,53.3732,20.5
2023-08-12,21.4,0.0,1.2621,28.0062,49.9861,22.8
2023-08-13,19.9,0.0,1.5232,29.07,50.2361,21.4
2023-08-14,23.6,0.0,1.1475,29.586,50.3403,19.9
2023-08-15,22.4,0.0,1.1199,29.6523,46.8264,23.6
2023-08-16,23.0,0.0,1.3866,29.7015,48.951,22.4
2023-08-17,16.3,1.0,1.1635,28.3627,53.2168,23.0
2023-08-18,20.7,0.0,1.0203,28.9158,49.2867,16.3
2023-08-19,32.0,0.0,1.2078,30.1042,52.2014,20.7
2023-08-20,28.0,0.0,1.5715,31.0868,49.5625,32.0
2023-08-21,24.5,0.0,0.8326,31.6944,46.1667,28.0
2023-08-22,29.8,0.0,0.8585,32.1409,45.2448,24.5
2023-08-23,29.6,0.0,1.0008,32.6308,43.2587,29.8
2023-08-24,31.8,0.0,1.2242,32.6838,43.6944,29.6
2023-08-25,38.5,0.0,1.3356,31.801,41.3077,31.8
2023-08-27,16.2,29.4,2.454,22.8606,77.7917,38.5
2023-08-28,8.4,31.6,2.4028,19.2345,81.7222,16.2
2023-08-29,7.6,2.4,1.0338,20.016,64.0,8.4
2023-08-30,11.6,0.0,0.9293,21.909,55.3916,7.6
2023-08-31,11.9,0.0,1.1273,22.5164,59.5278,11.6
2023-09-01,14.6,0.0,1.091,23.2265,57.7292,11.9
2023-09-02,18.4,0.0,0.8164,24.2655,56.972,14.6
2023-09-03,20.4,0.0,0.8959,25.0015,59.1667,18.4
2023-09-04,25.4,0.0,1.8291,25.7469,60.625,20.4
2023-09-05,16.8,0.0,2.0836,23.561,49.7133,25.4
2023-09-06,21.1,0.0,0.6785,23.0844,45.8403,16.8
2023-09-06,21.1,0.0,0.6785,23.0844,45.8403,21.1
2023-09-07,24.9,0.0,1.1214,24.5024,53.6667,21.1
2023-09-08,29.2,0.0,0.7817,25.1212,52.0208,24.9
2023-09-09,38.0,0.0,0.8098,25.2197,53.9507,29.2
2023-09-10,44.8,0.0,0.652,25.6555,58.4965,38.0
2023-09-11,48.7,0.0,0.7223,26.0367,57.9236,44.8
2023-09-12,37.8,0.0,1.0156,25.641,54.75,48.7
2023-09-13,27.1,5.0,1.041,22.5613,69.3333,37.8
2023-09-14,25.0,0.0,0.9295,22.8514,72.3472,27.1
2023-09-15,16.8,41.6,0.9544,21.2706,78.3194,25.0
2023-09-16,28.8,9.2,1.1802,22.1512,74.8611,16.8
2023-09-17,20.9,0.0,0.7678,22.5749,77.5556,28.8
2023-09-19,21.2,0.0,0.6123,22.4128,76.0556,20.9
2023-09-20,34.1,0.6,1.1806,22.0106,73.2639,21.2
2023-09-21,27.2,4.4,2.1851,20.4453,81.2431,34.1
2023-09-22,20.8,0.8,3.0442,20.1965,79.0347,27.2
2023-09-23,12.3,12.0,1.4962,17.7533,72.5,20.8
2023-09-24,12.6,0.0,0.6576,18.1146,56.042,12.3
2023-09-25,18.7,0.0,0.9606,19.0961,59.1389,12.6
2023-09-26,25.2,0.0,0.7573,20.1989,62.2431,18.7
2023-09-26,25.2,0.0,0.7573,20.1989,62.2431,25.2
2023-09-27,30.9,0.0,0.7334,21.7288,61.8194,25.2
2023-09-28,39.1,0.0,0.7322,21.8594,60.1875,30.9
2023-09-29,57.9,0.0,0.553,21.6756,62.2222,39.1
2023-09-30,54.0,0.0,0.5295,22.0703,63.8264,57.9
2023-10-01,53.7,0.0,0.6871,22.0869,65.1181,54.0
2023-10-02,64.2,0.0,0.5254,22.2157,68.0486,53.7
2023-10-03,63.0,0.0,0.8085,22.1411,68.9514,64.2
2023-10-04,43.3,0.0,1.3028,21.6799,70.4167,63.0
2023-10-05,36.0,0.0,0.9608,21.6796,60.875,43.3
2023-10-06,50.4,0.0,0.8592,21.1085,68.0556,36.0
2023-10-08,42.8,0.0,0.9182,22.0962,64.6944,50.4
2023-10-09,45.1,0.0,1.064,22.805,55.6875,42.8
2023-10-10,44.3,0.0,0.7928,22.2221,64.375,45.1
2023-10-11,67.8,0.0,0.5347,21.4669,70.7708,44.3
2023-10-12,59.1,0.0,0.7249,21.4372,69.9514,67.8
2023-10-13,26.3,0.0,0.8712,21.801,65.5972,59.1
2023-10-14,30.5,0.0,0.9658,20.9518,69.5208,26.3
2023-10-15,21.5,0.0,1.594,19.3139,55.0347,30.5
2023-10-16,18.6,0.0,2.3473,15.7262,48.1389,21.5
2023-10-18,40.6,0.2,1.2224,13.3776,72.2292,18.6
2023-10-18,40.6,0.2,1.2224,13.3776,72.2292,40.6
2023-10-19,31.5,4.2,0.75,12.7638,96.0556,40.6
2023-10-20,24.5,24.8,2.191,15.8621,93.6181,31.5
2023-10-21,29.0,0.0,1.3456,17.5242,79.4514,24.5
2023-10-21,29.0,0.0,1.3456,17.5242,79.4514,29.0
2023-10-22,13.5,2.4,0.721,16.4273,78.3681,29.0
2023-10-23,26.1,0.6,0.7064,15.8379,80.3264,13.5
2023-10-24,17.2,23.4,0.8526,14.476,95.9931,26.1
2023-10-25,30.5,0.0,0.7369,14.2623,91.8681,17.2
2023-10-27,24.7,8.2,1.3336,16.1743,83.8264,30.5
2023-10-28,32.2,0.0,0.8606,14.936,78.7778,24.7
2023-10-29,21.4,0.6,2.0892,14.7922,83.8819,32.2
2023-10-30,27.7,18.4,1.4885,14.9042,98.2778,21.4
2023-10-31,12.1,42.0,1.8146,14.2327,80.5625,27.7
2023-11-01,40.7,0.0,1.2626,12.3562,81.4722,12.1
2023-11-02,17.3,32.0,2.2899,11.8781,98.4236,40.7
2023-11-03,17.0,41.2,1.3978,11.8507,81.6944,17.3
2023-11-04,26.2,19.8,1.1143,9.393,82.1458,17.0
2023-11-05,6.1,10.6,1.0266,10.7526,82.6667,26.2
2023-11-05,6.1,10.6,1.0266,10.7526,82.6667,6.1
2023-11-06,37.7,0.0,1.0022,11.4713,81.9583,6.1
2023-11-07,36.1,0.0,0.9885,12.1581,80.3056,37.7
2023-11-08,30.5,0.0,0.5351,10.2829,74.8056,36.1
2023-11-09,29.9,7.0,0.7591,8.8841,86.0417,30.5
2023-11-10,17.1,0.2,0.9991,9.386,85.6875,29.9
2023-11-10,17.1,0.2,0.9991,9.386,85.6875,17.1
2023-11-11,20.8,0.0,1.1294,9.4912,71.0625,17.1
2023-11-12,29.0,0.0,1.0049,9.299,72.3681,20.8
2023-11-13,43.8,0.0,0.7296,9.775,75.7569,29.0
2023-11-14,56.0,0.0,0.7228,11.5021,83.3056,43.8
2023-11-15,34.8,0.0,1.3822,12.3114,81.8194,56.0
2023-11-16,43.8,0.0,0.7269,11.4017,64.6319,34.8
2023-11-17,21.7,0.0,1.9439,12.1599,47.5903,43.8
2023-11-19,40.4,0.0,0.584,10.2362,62.9931,21.7
2023-11-20,64.1,0.0,0.9744,9.2817,76.9653,40.4
2023-11-21,63.5,0.0,0.9707,11.0394,75.1944,64.1
2023-11-22,37.5,0.0,0.7001,9.9659,71.5347,63.5
2023-11-23,45.7,0.0,0.6466,9.1076,70.4056,37.5
2023-11-24,42.3,0.0,1.075,9.6488,60.9722,45.7
2023-11-25,8.7,0.0,1.9576,8.9286,26.7778,42.3
2023-11-26,13.5,0.0,1.4683,8.0728,35.1944,8.7
2023-11-27,33.3,0.8,1.0201,5.8803,59.8403,13.5
2023-11-28,29.9,0.4,1.7276,6.5584,69.4167,33.3
2023-11-29,25.1,0.0,1.1393,7.4417,47.3611,29.9
2023-11-30,25.5,6.8,0.774,4.8603,87.8681,25.1
2023-12-01,25.8,6.0,0.8883,5.4678,98.9792,25.5
2023-12-02,12.7,3.4,1.7627,8.074,64.8611,25.8
2023-12-03,17.1,0.0,0.7442,5.5731,62.7847,12.7
2023-12-05,34.4,0.0,0.8285,3.5803,84.7014,17.1
2023-12-06,48.8,0.0,0.6328,4.0547,79.7361,34.4
2023-12-07,72.7,0.0,0.5108,4.4587,75.9931,48.8
2023-12-08,38.5,1.2,0.7522,4.5151,82.4375,72.7
2023-12-09,30.7,1.0,0.8835,3.8869,94.2986,38.5
2023-12-10,28.4,0.4,1.3283,5.4974,92.5,30.7
2023-12-11,49.2,0.0,0.9193,6.1809,94.7639,28.4
2023-12-12,60.4,0.6,0.5898,6.2912,92.875,49.2
2023-12-13,45.1,1.4,0.6006,7.8448,95.75,60.4
2023-12-14,44.2,0.0,0.7403,7.7282,91.5139,45.1
2023-12-14,44.2,0.0,0.7403,7.7282,91.5139,44.2
2023-12-15,67.8,0.0,0.571,7.3783,83.5556,44.2
2023-12-16,42.0,0.0,0.7918,6.3976,73.4653,67.8
2023-12-17,46.6,0.0,0.8376,4.185,84.6319,42.0
2023-12-18,57.0,0.0,0.6755,6.0994,80.4097,46.6
2023-12-19,70.6,0.0,0.4861,6.8669,76.0069,57.0
2023-12-21,77.2,0.0,0.7602,5.7808,81.0972,70.6
2023-12-22,21.3,0.0,1.7631,12.78,42.0972,77.2
2023-12-23,18.1,0.0,1.6047,13.3717,44.5278,21.3
2023-12-24,18.2,0.0,1.8703,12.1106,63.6528,18.1
2023-12-26,52.1,0.0,0.7406,10.4378,80.6389,18.2
2023-12-27,55.0,0.0,0.5432,9.8042,78.9583,52.1
2023-12-28,52.9,0.0,0.546,9.6228,76.9931,55.0
2023-12-29,38.8,0.0,0.7578,9.2009,74.1528,52.9
2023-12-30,40.9,0.0,0.7132,9.4251,73.75,38.8
2023-12-31,51.2,12.6,1.3905,7.9166,95.0278,40.9
2023-12-31,51.2,12.6,1.3905,7.9166,95.0278,51.2
2024-01-01,46.7,0.2,0.9824,6.1697,93.9861,51.2
