data,PM2,PM2_dayb,Humidity,Rain,Temp,Wind
2021-10-01,24.0,14.0,58.40277777777778,0.0,19.102916666666665,1.441736111111111
2021-10-02,18.0,24.0,60.736111111111114,0.0,19.480208333333334,1.5829166666666667
2021-10-03,18.0,18.0,86.16666666666666,0.2,17.803125,2.120694444444444
2021-10-04,17.0,18.0,93.25694444444444,4.6,17.928819444444443,2.411805555555556
2021-10-05,11.0,17.0,91.05555555555556,0.6,17.216875,1.7736111111111112
2021-10-07,11.0,7.0,63.729166666666664,0.0,15.593611111111112,0.8861111111111111
2021-10-08,12.0,11.0,61.236111111111114,0.0,16.86375,1.0315277777777778
2021-10-10,15.0,12.0,54.08333333333333,0.0,14.530555555555557,1.2774305555555556
2021-10-11,21.0,15.0,64.50694444444444,0.0,13.795277777777777,0.6931944444444444
2021-10-12,25.0,21.0,66.91666666666666,0.0,14.334583333333333,1.1726388888888888
2021-10-13,30.0,25.0,67.96527777777777,0.0,13.947638888888887,1.2163888888888887
2021-10-14,16.0,30.0,63.09027777777778,0.0,13.246944444444445,1.1168055555555556
2021-10-15,27.0,16.0,67.77777777777777,0.0,12.588194444444444,0.6504861111111111
2021-10-16,39.0,27.0,69.97222222222223,0.0,13.309652777777776,0.6738888888888888
2021-10-17,32.0,39.0,67.36111111111111,0.0,13.572569444444444,0.56875
2021-10-18,36.0,32.0,69.92361111111111,0.0,13.940625,0.5591666666666666
2021-10-19,56.0,36.0,74.09027777777777,0.0,14.474236111111113,0.5129166666666666
2021-10-21,25.0,59.0,90.94444444444444,0.4,14.812916666666666,0.9570138888888888
2021-10-22,29.0,25.0,82.99305555555556,0.0,15.025972222222222,0.57
2021-10-23,39.0,29.0,80.6388888888889,0.0,14.443055555555556,0.6932638888888888
2021-10-24,23.0,39.0,66.8125,0.0,13.604861111111113,1.2900694444444445
2021-10-26,32.0,21.0,70.57638888888889,0.0,11.491111111111111,0.6245833333333333
2021-10-27,35.0,32.0,68.35416666666666,0.0,12.602083333333333,0.6359027777777777
2021-10-28,38.0,35.0,71.11805555555556,0.0,12.359791666666666,0.6781944444444444
2021-10-30,42.0,43.0,78.40972222222223,0.0,12.215833333333332,0.7686805555555555
2021-10-31,21.0,42.0,87.90277777777777,0.0,11.837222222222222,0.7384027777777777
2021-11-02,19.0,25.0,88.9236111111111,0.0,9.977013888888889,1.1957638888888888
2021-11-03,15.0,19.0,93.80985915492957,3.8,10.960211267605631,1.8083802816901409
2021-11-04,6.0,15.0,80.4513888888889,0.6,10.995208333333332,1.3209722222222222
2021-11-06,18.0,16.0,62.27083333333333,0.0,9.476111111111113,0.6508333333333333
2021-11-07,18.0,18.0,64.77777777777777,0.0,9.086458333333331,0.6428472222222222
2021-11-08,25.0,18.0,84.27083333333333,0.0,8.809305555555556,1.052638888888889
2021-11-09,19.0,25.0,76.1111111111111,0.0,10.139444444444443,0.7985416666666666
2021-11-10,19.0,19.0,75.6388888888889,0.0,11.922916666666666,0.71875
2021-11-11,27.0,19.0,82.44444444444444,0.0,12.792013888888889,0.8105555555555555
2021-11-13,40.0,32.0,92.00694444444444,1.6,11.129097222222223,1.0419444444444443
2021-11-14,12.0,40.0,99.0,4.4,10.563333333333333,1.3768055555555556
2021-11-15,12.0,12.0,95.64583333333331,0.4,11.036875,0.6511805555555555
2021-11-16,25.0,12.0,84.4375,0.0,11.206388888888888,0.9034027777777776
2021-11-17,31.0,25.0,91.24305555555556,0.2,10.703263888888888,0.8825
2021-11-18,25.0,31.0,88.3125,0.0,11.356388888888889,0.8611805555555555
2021-11-19,24.0,25.0,91.34722222222223,0.0,10.582430555555556,1.1111111111111112
2021-11-20,23.0,24.0,94.0763888888889,0.0,8.125069444444446,0.7795833333333333
2021-11-21,21.0,23.0,95.13194444444444,0.4,7.294166666666666,1.1152083333333331
2021-11-22,16.0,21.0,97.02777777777776,0.6,8.578541666666666,0.9979861111111112
2021-11-23,15.0,16.0,74.90972222222223,0.4,10.736666666666666,0.9461805555555556
2021-11-24,24.0,15.0,76.18055555555556,0.0,8.860555555555555,0.9440972222222223
2021-11-25,26.0,24.0,85.0625,0.4,6.828055555555556,1.1340277777777779
2021-11-26,21.0,26.0,86.54166666666666,0.0,7.631944444444445,1.2194444444444443
2021-11-28,11.0,25.0,79.16666666666666,0.4,5.8121527777777775,1.2461805555555556
2021-11-29,7.0,11.0,46.44444444444445,0.0,5.959513888888889,1.4239583333333332
2021-11-30,7.0,7.0,33.99305555555556,0.0,6.671180555555556,1.4720138888888887
2021-12-02,30.0,19.0,77.9236111111111,0.0,6.831527777777778,0.709861111111111
2021-12-03,29.0,30.0,65.47916666666666,0.0,6.647916666666666,0.6693055555555555
2021-12-04,30.0,29.0,66.02083333333333,0.0,4.375972222222223,0.666875
2021-12-05,42.0,30.0,76.84027777777777,0.0,4.290694444444445,0.7592361111111111
2021-12-06,46.0,42.0,81.125,0.0,3.7097222222222226,0.703125
2021-12-07,36.0,46.0,66.12587412587413,0.0,4.373006993006992,0.8709090909090909
2021-12-08,30.0,36.0,90.88194444444444,2.4,1.9401388888888889,1.1736805555555556
2021-12-09,26.0,30.0,96.48611111111111,0.0,1.9732638888888887,0.8802083333333333
2021-12-10,21.0,26.0,93.56944444444444,0.6,2.2532638888888887,1.0953472222222222
2021-12-11,33.0,21.0,82.39583333333333,0.0,3.369343065693431,0.7161805555555555
2021-12-12,43.0,33.0,77.31944444444444,0.0,4.2647916666666665,0.5525
2021-12-13,47.0,43.0,71.1830985915493,0.0,5.78169014084507,0.5003521126760563
2021-12-14,53.0,47.0,79.47222222222223,0.0,5.848194444444445,0.6836111111111111
2021-12-15,54.0,53.0,82.208,0.0,5.82048,0.7704
2021-12-17,54.0,68.0,90.15972222222223,0.0,3.1991044776119404,1.0007638888888888
2021-12-18,50.0,54.0,95.64583333333331,0.0,1.9810714285714288,0.6113888888888888
2021-12-19,41.0,50.0,88.09722222222223,0.0,4.0001,0.793611111111111
2021-12-20,35.0,41.0,81.3125,0.0,4.5470138888888885,1.7190277777777778
2021-12-21,38.0,35.0,83.60416666666666,0.0,5.355138888888889,0.6432638888888887
2021-12-22,40.0,38.0,86.9861111111111,0.0,4.328541666666666,0.739375
2021-12-23,28.0,40.0,91.89583333333331,0.0,2.4631944444444445,1.0055555555555555
2021-12-24,38.0,28.0,77.65277777777777,0.0,4.696180555555556,0.6874305555555555
2021-12-25,49.0,38.0,83.0138888888889,0.0,5.299375,0.6229166666666666
2021-12-26,51.0,49.0,86.9236111111111,0.0,5.045694444444445,0.686875
2021-12-27,55.0,51.0,94.38194444444444,0.0,5.9823611111111115,0.635
2021-12-28,51.0,55.0,95.25,0.0,6.6317361111111115,0.7559027777777777
2021-12-29,32.0,51.0,93.48611111111111,0.0,5.227430555555556,1.0853472222222222
2021-12-30,32.0,32.0,96.34722222222223,0.0,4.953611111111111,0.6436111111111111
2022-01-03,36.0,66.0,94.23611111111111,0.0,5.021319444444445,1.1415972222222222
2022-01-04,40.0,36.0,96.34027777777776,0.6,6.7815972222222225,0.6152083333333332
2022-01-05,19.0,40.0,87.6111111111111,1.6,7.119722222222222,0.9311805555555556
2022-01-06,11.0,19.0,77.29166666666666,0.0,5.685833333333333,1.0828472222222223
2022-01-07,20.0,11.0,69.29861111111111,0.0,3.6628472222222226,0.7615277777777777
2022-01-08,42.0,20.0,81.61805555555556,0.0,1.7433093525179857,0.8686805555555555
2022-01-09,49.0,42.0,84.06944444444444,0.0,2.41875,0.970625
2022-01-10,54.0,49.0,82.38194444444444,0.0,2.09664,0.6834027777777777
2022-01-11,43.0,54.0,63.15972222222222,0.0,4.416793893129771,0.6092361111111111
2022-01-12,33.0,43.0,64.90972222222223,0.0,3.7300694444444447,0.5088194444444444
2022-01-13,45.0,33.0,64.04861111111111,0.0,3.8004861111111112,0.530625
2022-01-14,40.0,45.0,61.83333333333333,0.0,4.617847222222222,0.7529861111111111
2022-01-15,49.0,40.0,62.013888888888886,0.0,6.019722222222223,0.7509722222222222
2022-01-16,47.0,49.0,65.89583333333333,0.0,6.068819444444445,0.7709027777777777
2022-01-17,35.0,47.0,52.35251798561151,0.0,7.881223021582732,1.29568345323741
2022-01-18,54.0,35.0,69.36879432624113,0.0,7.035602836879433,1.1301418439716313
2022-01-19,56.0,54.0,73.5625,0.0,5.680833333333333,0.7089583333333332
2022-01-21,51.0,60.0,92.43055555555556,0.0,2.741111111111111,1.1379861111111111
2022-01-22,50.0,51.0,85.43055555555556,0.0,3.1550694444444445,1.2526388888888889
2022-01-23,55.0,50.0,81.09722222222223,0.0,3.664861111111111,1.1004861111111113
2022-01-25,49.0,71.0,88.59027777777777,0.0,3.2163194444444443,1.1705555555555556
2022-01-26,49.0,49.0,93.2638888888889,0.0,2.2602777777777776,0.6619444444444444
2022-01-27,42.0,49.0,94.08333333333331,0.0,1.962740740740741,0.6908333333333333
2022-01-28,35.0,42.0,63.65277777777778,0.0,8.044210526315789,1.6027777777777779
2022-01-29,46.0,35.0,57.0,0.0,6.736041666666666,0.8857638888888888
2022-01-30,31.0,46.0,53.604166666666664,0.0,9.197152777777776,1.8900694444444444
2022-01-31,44.0,31.0,60.68055555555556,0.0,7.667083333333332,1.8513888888888888
2022-02-01,6.0,44.0,26.340277777777775,0.0,10.807638888888889,2.140347222222222
2022-02-02,8.0,6.0,36.638888888888886,0.0,13.383402777777777,1.85375
2022-02-04,31.0,24.0,78.90277777777777,0.0,9.148611111111112,0.9099305555555556
2022-02-07,34.0,79.0,43.701388888888886,0.0,9.078541666666666,2.2606944444444443
2022-02-08,20.0,34.0,29.159722222222225,0.0,8.55486111111111,0.7590277777777777
2022-02-09,32.0,20.0,58.19444444444445,0.0,9.480694444444445,0.7583333333333333
2022-02-10,34.0,32.0,75.77777777777777,0.0,9.476875,0.4524305555555555
2022-02-11,30.0,34.0,58.041666666666664,0.0,10.94125,1.086875
2022-02-12,26.0,30.0,51.923611111111114,0.0,8.186180555555556,1.6245833333333333
2022-02-13,23.0,26.0,49.61805555555556,0.0,6.432708333333332,1.0596527777777778
2022-02-15,39.0,35.0,94.79166666666666,0.4,3.4000694444444446,0.9351388888888889
2022-02-16,51.0,39.0,88.66433566433567,0.0,5.412027972027972,0.713076923076923
2022-02-17,28.0,51.0,77.59027777777777,0.0,8.456944444444444,1.0684722222222223
2022-02-18,47.0,28.0,81.50714285714285,0.0,8.144820143884893,1.7104285714285714
2022-02-20,42.0,60.0,75.16666666666666,0.0,11.229930555555557,0.8676388888888888
2022-02-21,23.0,42.0,52.354166666666664,0.0,11.900763888888887,1.7015972222222222
2022-02-22,4.0,23.0,32.423611111111114,0.0,13.002777777777776,1.6204166666666668
2022-02-23,21.0,4.0,40.701388888888886,0.0,11.405972222222221,1.4504861111111111
2022-02-24,33.0,21.0,52.23076923076923,0.0,10.55972027972028,0.7281818181818182
2022-02-25,26.0,33.0,43.21527777777778,0.0,10.463541666666666,1.189652777777778
2022-02-26,7.0,26.0,42.34027777777778,0.0,9.366597222222222,1.7015972222222222
2022-02-27,11.0,7.0,43.361111111111114,0.0,7.8024305555555555,0.6691666666666666
2022-02-28,23.0,11.0,42.40277777777778,0.0,7.583472222222222,1.3768055555555556
2022-03-02,28.0,15.0,45.65972222222222,0.0,7.396944444444445,0.798611111111111
2022-03-03,25.0,28.0,54.34722222222222,0.0,10.030208333333333,0.6965972222222222
2022-03-06,21.0,24.0,42.77777777777778,0.0,6.430902777777778,1.1259027777777777
2022-03-07,29.0,21.0,46.53472222222222,0.0,6.487152777777777,0.9693055555555556
2022-03-08,26.0,29.0,46.84722222222222,0.0,5.912708333333333,1.9026388888888888
2022-03-10,48.0,39.0,51.361111111111114,0.0,8.933541666666665,0.5468055555555555
2022-03-11,31.0,48.0,54.09722222222222,0.0,8.682916666666666,3.003055555555556
2022-03-12,19.0,31.0,49.4375,0.0,7.595833333333333,2.100555555555556
2022-03-14,24.0,20.0,49.72222222222222,0.0,10.134166666666665,0.8288194444444444
2022-03-17,48.0,29.0,65.80555555555556,0.0,12.206458333333332,1.66125
2022-03-18,41.0,48.0,52.291666666666664,0.0,12.119513888888887,1.7923611111111113
2022-03-19,24.0,41.0,41.916666666666664,0.0,10.609166666666667,2.053055555555556
2022-03-20,24.0,24.0,37.638888888888886,0.0,9.922569444444445,1.5877777777777777
2022-03-21,25.0,24.0,34.36805555555556,0.0,10.630972222222223,1.2361805555555556
2022-03-22,34.0,25.0,36.15972222222222,0.0,10.527847222222222,1.006875
2022-03-23,36.0,34.0,30.86111111111111,0.0,12.643055555555556,0.4411111111111111
2022-03-24,32.0,36.0,28.291666666666664,0.0,14.474097222222222,0.5820138888888888
2022-03-25,23.0,32.0,25.4375,0.0,15.12875,0.7338194444444444
2022-03-26,30.0,23.0,27.333333333333332,0.0,15.387847222222222,0.8360416666666666
2022-03-27,40.0,30.0,32.55555555555556,0.0,15.537291666666667,0.777986111111111
2022-03-28,36.0,40.0,29.180555555555557,0.0,15.665347222222222,0.5734722222222222
2022-03-29,41.0,36.0,49.451388888888886,0.0,13.922638888888889,1.4519444444444445
2022-03-30,37.0,41.0,79.25694444444444,0.0,11.801041666666666,1.7808333333333333
2022-03-31,27.0,37.0,78.03472222222223,0.6,12.167569444444444,0.9240972222222222
2022-04-01,14.0,27.0,74.59027777777777,0.2,11.057569444444445,1.5489583333333332
2022-04-02,7.0,14.0,55.77777777777778,0.0,8.781875,1.8475694444444444
2022-04-03,13.0,7.0,62.111111111111114,0.0,8.575486111111111,1.612291666666667
2022-04-04,14.0,13.0,56.263888888888886,0.0,9.81076388888889,1.156388888888889
2022-04-05,25.0,14.0,50.40277777777778,0.0,12.130486111111113,0.7640277777777778
2022-04-06,34.0,25.0,54.5,0.0,13.230902777777777,1.41875
2022-04-07,14.0,34.0,54.55555555555556,0.0,14.439513888888888,1.2527777777777778
2022-04-09,14.0,13.0,42.0,0.0,14.716944444444444,2.5640972222222222
2022-04-11,8.0,6.0,33.49305555555556,0.0,13.638611111111112,0.8970138888888888
2022-04-12,11.0,8.0,34.423611111111114,0.0,15.011805555555556,0.8372222222222222
2022-04-14,23.0,23.0,44.20833333333333,0.0,17.958333333333332,0.9261111111111112
2022-04-15,24.0,23.0,42.0625,0.0,19.2175,1.3077083333333333
2022-04-16,16.0,24.0,44.09027777777778,0.0,18.73111111111111,2.1773611111111113
2022-04-17,6.0,16.0,42.201388888888886,0.0,14.020625,2.525138888888889
2022-04-18,11.0,6.0,34.03472222222222,0.0,14.726666666666667,1.643125
2022-04-19,11.0,11.0,42.666666666666664,0.0,15.37625,1.2220833333333332
2022-04-20,13.0,11.0,57.0625,0.0,14.173333333333332,2.7260416666666667
2022-04-21,11.0,13.0,47.39583333333333,0.0,13.445694444444444,2.265833333333333
2022-04-22,14.0,11.0,71.70138888888889,0.0,12.906527777777775,1.3861805555555555
2022-04-23,21.0,14.0,78.18055555555556,1.0,14.190625,3.0229861111111114
2022-04-24,5.0,21.0,71.16666666666666,0.0,12.963541666666666,2.124930555555556
2022-04-25,6.0,5.0,68.875,1.2,14.765138888888888,1.1486111111111112
2022-04-26,11.0,6.0,84.04166666666666,1.2,14.349930555555556,1.1411111111111112
2022-04-27,12.0,11.0,60.08333333333333,0.0,16.497083333333332,1.212222222222222
2022-04-28,9.0,12.0,48.25,0.0,17.87236111111111,2.2306944444444445
2022-04-29,13.0,9.0,41.861111111111114,0.0,18.715972222222224,1.6509722222222223
2022-04-30,12.0,13.0,38.11805555555556,0.0,18.66583333333333,1.0242361111111111
2022-05-01,9.0,12.0,48.0625,0.0,18.162222222222223,2.0297222222222224
2022-05-03,9.0,12.0,56.423611111111114,0.0,17.834305555555556,1.2351388888888888
2022-05-04,13.0,9.0,68.83333333333333,0.2,17.323541666666667,0.8869444444444444
2022-05-05,18.0,13.0,79.25694444444444,1.8,15.123611111111112,1.3286111111111112
2022-05-06,10.0,18.0,96.74305555555556,1.6,13.453541666666666,0.7275694444444444
2022-05-07,15.0,10.0,81.04166666666666,0.4,16.055625,1.0521527777777777
2022-05-08,7.0,15.0,70.80555555555556,0.0,17.985208333333333,0.9986805555555556
2022-05-10,15.0,14.0,56.22222222222222,0.0,21.535347222222224,0.8074305555555555
2022-05-11,13.0,15.0,47.361111111111114,0.0,22.648402777777775,1.1140972222222223
2022-05-12,10.0,13.0,56.13194444444445,0.0,22.10826388888889,1.5614583333333332
2022-05-14,12.0,10.0,50.52083333333333,0.2,23.27513888888889,1.2077083333333332
2022-05-15,12.0,12.0,49.861111111111114,0.0,24.763263888888886,0.991875
2022-05-16,10.0,12.0,43.013888888888886,0.0,24.587013888888887,1.3332638888888888
2022-05-17,11.0,10.0,45.58333333333333,0.0,25.35125,0.9438194444444444
2022-05-18,14.0,11.0,48.70833333333333,0.0,25.500555555555557,3.0120138888888888
2022-05-19,11.0,14.0,35.8125,0.0,24.86923611111111,2.244861111111111
2022-05-20,15.0,11.0,41.70833333333333,0.0,25.088472222222222,1.455833333333333
2022-05-22,11.0,13.0,57.27083333333333,0.0,24.445416666666663,1.206041666666667
2022-05-23,10.0,11.0,49.4375,0.0,24.416180555555556,1.491875
2022-05-24,13.0,10.0,57.236111111111114,0.6,22.418888888888887,1.1527083333333332
2022-05-25,10.0,13.0,65.01388888888889,0.0,22.136597222222225,1.2003472222222222
2022-05-26,15.0,10.0,58.76923076923077,0.0,24.53251748251748,1.436013986013986
2022-05-27,15.0,15.0,53.0625,0.0,26.170486111111114,0.9066666666666666
2022-05-28,16.0,15.0,56.75,0.0,24.493055555555557,2.903125
2022-05-29,7.0,16.0,62.0,0.2,17.047361111111112,2.5595138888888886
2022-05-31,17.0,7.0,58.99305555555556,0.0,21.065,1.2313888888888889
2022-06-01,15.0,17.0,55.00694444444445,0.0,23.354652777777776,0.8183333333333332
2022-06-02,14.0,15.0,51.78472222222222,0.0,25.363680555555558,0.759375
2022-06-03,19.0,14.0,67.90277777777777,0.2,23.403333333333332,1.855625
2022-06-04,9.0,19.0,58.673611111111114,0.0,25.198958333333334,0.7720833333333333
2022-06-06,9.0,15.0,48.77777777777778,0.0,25.895208333333333,1.3567361111111111
2022-06-07,8.0,9.0,59.40972222222222,1.2,24.117083333333333,1.6921527777777778
2022-06-08,8.0,8.0,57.03472222222222,0.4,22.724097222222223,1.3568055555555556
2022-06-09,6.0,8.0,44.64583333333333,0.0,23.427222222222223,1.7236805555555557
2022-06-10,4.0,6.0,25.215277777777775,0.0,25.614583333333332,1.203125
2022-06-11,8.0,4.0,35.90277777777778,0.0,26.506736111111113,1.3295138888888889
2022-06-12,11.0,8.0,37.99305555555556,0.0,28.075833333333332,1.0715277777777779
2022-06-13,15.0,11.0,39.104166666666664,0.0,29.044583333333332,1.1905555555555556
2022-06-15,14.0,15.0,43.423611111111114,0.0,28.09708333333333,1.690416666666667
2022-06-16,17.0,14.0,43.20833333333333,0.0,29.716666666666665,1.318263888888889
2022-06-17,18.0,17.0,44.548611111111114,0.0,30.153125,1.52
2022-06-18,13.0,18.0,38.5,0.0,29.50923611111111,2.657430555555556
2022-06-19,13.0,13.0,36.763888888888886,0.0,29.988333333333333,1.8882638888888887
2022-06-20,14.0,13.0,39.86805555555556,0.0,29.249930555555554,1.428402777777778
2022-06-21,11.0,14.0,50.28472222222222,0.0,28.02951388888889,1.5195138888888888
2022-06-22,14.0,11.0,59.93055555555556,0.0,26.007430555555555,1.1336805555555556
2022-06-23,15.0,14.0,63.0,0.0,26.011041666666664,1.2804861111111112
2022-06-24,9.0,15.0,56.95833333333333,0.0,25.218819444444446,1.4950694444444443
2022-06-25,6.0,9.0,50.298611111111114,0.0,25.422847222222224,1.1961805555555556
2022-06-27,14.0,9.0,42.979166666666664,0.0,29.920972222222225,1.5507638888888888
2022-06-28,14.0,14.0,52.56944444444445,0.4,27.215902777777774,1.7648611111111112
2022-06-29,7.0,14.0,53.236111111111114,0.0,26.64548611111111,1.7065277777777779
2022-06-30,9.0,7.0,49.95833333333333,0.0,27.782152777777775,1.2650694444444444
2022-07-01,9.0,9.0,44.375,0.0,27.870530303030304,1.401484375
2022-07-03,14.0,12.0,38.416666666666664,0.0,31.20645833333333,0.9026388888888888
2022-07-16,14.0,16.0,43.048611111111114,0.0,30.28388888888889,1.5663194444444444
2022-07-17,16.0,14.0,43.77083333333333,0.0,30.50958333333333,2.615
2022-07-18,18.0,16.0,39.77083333333333,0.0,30.44763888888889,2.4597222222222226
2022-07-19,16.0,18.0,34.90972222222222,0.0,31.065972222222225,1.8815277777777777
2022-07-20,13.0,16.0,29.895833333333332,0.0,31.823611111111113,1.6213888888888888
2022-07-22,19.0,16.0,29.83760683760684,0.0,33.682905982905986,1.3832478632478633
2022-07-23,18.0,19.0,45.5944055944056,0.0,30.899510489510487,1.413006993006993
2022-07-24,17.0,18.0,51.236111111111114,0.0,30.762083333333333,1.122083333333333
2022-07-25,20.0,17.0,44.354166666666664,0.2,31.442013888888887,1.5645138888888888
2022-07-26,16.0,20.0,56.354166666666664,1.0,28.553819444444443,1.8056944444444445
2022-07-28,15.0,10.0,52.58333333333333,0.4,27.769375,2.380625
2022-07-30,8.0,10.0,54.38194444444445,0.0,26.302083333333332,1.2107638888888888
2022-07-31,7.0,8.0,34.0625,0.0,28.499513888888888,0.9906944444444444
2022-08-01,11.0,7.0,35.263888888888886,0.0,30.131875,1.1161111111111113
2022-08-02,9.0,11.0,39.34265734265735,0.0,28.861608391608392,2.0964335664335665
2022-08-06,12.0,18.0,45.4375,0.0,30.315069444444443,1.6638888888888888
2022-08-07,8.0,12.0,50.14583333333333,0.0,27.123541666666664,2.111111111111111
2022-08-08,8.0,8.0,48.13432835820896,0.0,27.649552238805967,1.1952238805970148
2022-08-09,12.0,8.0,45.80555555555556,0.0,28.613541666666663,1.8590277777777775
2022-08-11,9.0,11.0,38.611510791366904,0.0,27.96345323741007,2.116187050359712
2022-08-12,14.0,9.0,42.36805555555556,0.0,26.20798611111111,3.359652777777778
2022-08-13,8.0,14.0,47.19444444444445,0.0,24.704305555555557,1.1374305555555555
2022-08-15,9.0,9.0,46.39583333333333,0.0,26.26826388888889,1.1140972222222223
2022-08-16,10.0,9.0,54.03472222222222,0.0,26.675763888888888,1.3679861111111111
2022-08-17,17.0,10.0,65.40277777777777,0.2,25.44875,1.6261805555555555
2022-08-18,13.0,17.0,82.39583333333333,2.0,21.959444444444443,1.4620833333333332
2022-08-19,5.0,13.0,66.91666666666666,0.2,23.409722222222225,0.9515277777777776
2022-08-20,6.0,5.0,49.104166666666664,0.0,26.966041666666666,1.0679861111111113
2022-08-21,3.0,6.0,40.611111111111114,0.0,27.401875,0.762361111111111
2022-08-22,8.0,3.0,42.34027777777778,0.0,27.589097222222225,1.1595833333333332
2022-08-23,9.0,8.0,41.6875,0.0,27.23173611111111,1.5927083333333332
2022-08-25,10.0,8.0,45.048611111111114,0.0,27.680694444444445,0.8634722222222222
2022-08-26,12.0,10.0,47.95833333333333,0.0,27.624097222222225,1.1029166666666668
2022-08-27,8.0,12.0,53.0625,0.0,26.203958333333333,2.059930555555556
2022-08-28,9.0,8.0,55.298611111111114,0.0,26.526944444444442,1.0598611111111111
2022-08-29,10.0,9.0,52.83333333333333,0.0,27.553472222222226,1.018333333333333
2022-08-30,19.0,10.0,62.854166666666664,0.0,25.880069444444445,1.468125
2022-08-31,11.0,19.0,66.75694444444444,0.2,24.190486111111113,1.5885416666666667
2022-09-01,10.0,11.0,60.138888888888886,0.0,24.523958333333333,2.0565972222222224
2022-09-02,10.0,10.0,54.39583333333333,0.0,23.727013888888887,1.8072916666666667
2022-09-03,12.0,10.0,54.90972222222222,0.0,23.692013888888887,1.9101388888888888
2022-09-04,13.0,12.0,58.736111111111114,0.0,24.574791666666663,0.9038888888888889
2022-09-05,14.0,13.0,55.58333333333333,0.0,25.986666666666665,1.1523611111111112
2022-09-06,18.0,14.0,55.361111111111114,0.0,26.34548611111111,1.03125
2022-09-08,12.0,21.0,63.5,0.4,25.169444444444444,1.6015972222222221
2022-09-09,10.0,12.0,60.02083333333333,0.0,24.240069444444444,1.7395833333333333
2022-09-10,6.0,10.0,50.46527777777778,0.0,23.498819444444443,1.1116666666666668
2022-09-11,7.0,6.0,48.90972222222222,0.0,23.917569444444442,1.0757638888888887
2022-09-12,10.0,7.0,49.03472222222222,0.0,23.949930555555557,0.9802777777777776
2022-09-14,10.0,12.0,59.736111111111114,0.0,24.833402777777778,1.0253472222222222
2022-09-15,11.0,10.0,56.0625,0.0,25.644305555555555,1.0472916666666667
2022-09-17,5.0,11.0,43.763888888888886,0.0,20.241666666666664,2.435138888888889
2022-09-18,3.0,5.0,27.26388888888889,0.0,20.141944444444444,1.6071527777777779
2022-09-19,5.0,3.0,28.743055555555557,0.0,21.150069444444444,1.243125
2022-09-20,7.0,5.0,37.59027777777778,0.0,19.423263888888886,1.494236111111111
2022-09-21,8.0,7.0,49.951388888888886,0.0,18.186527777777776,2.4451388888888888
2022-09-23,11.0,7.0,45.90277777777778,0.0,18.477569444444445,1.3150694444444444
2022-09-24,22.0,11.0,74.02777777777777,1.2,15.821944444444444,1.3568055555555556
2022-09-25,18.0,22.0,81.22222222222223,0.0,16.09173611111111,0.8342361111111111
2022-09-26,11.0,18.0,69.88461538461537,0.2,17.328384615384618,0.8595384615384615
2022-09-27,10.0,11.0,65.25,0.0,18.197569444444444,0.9849305555555556
2022-09-28,13.0,10.0,69.34027777777777,1.2,16.203819444444445,1.714513888888889
2022-09-29,17.0,13.0,84.7638888888889,3.2,16.021875,1.0595138888888889
2022-09-30,8.0,17.0,89.65972222222223,0.0,14.746875,1.4397222222222221
2022-10-01,8.0,8.0,75.375,0.0,16.458472222222223,1.1663888888888887
2022-10-02,9.0,8.0,69.88888888888889,0.0,18.597708333333333,1.0191666666666668
2022-10-03,14.0,9.0,72.3125,0.0,18.802222222222223,1.1094444444444445
2022-10-04,32.0,14.0,73.66666666666666,0.0,18.92298611111111,0.8099305555555555
2022-10-05,36.0,32.0,71.0625,0.0,19.408472222222223,0.8490972222222222
2022-10-06,52.0,36.0,73.72916666666666,0.0,18.849027777777778,0.764375
2022-10-07,35.0,52.0,67.07638888888889,0.0,19.454027777777775,0.5216666666666666
2022-10-08,31.0,35.0,65.33333333333333,0.0,19.364791666666665,0.6193055555555556
2022-10-09,31.0,31.0,88.13194444444444,1.0,17.313541666666666,1.190416666666667
2022-10-10,16.0,31.0,78.93055555555556,0.0,16.957152777777775,0.8567361111111111
2022-10-11,19.0,16.0,77.72222222222223,0.0,17.106041666666666,0.5609027777777778
2022-10-12,25.0,19.0,71.63888888888889,0.0,17.727152777777775,0.5777777777777777
2022-10-13,42.0,25.0,73.22916666666666,0.0,17.50583333333333,0.5603472222222222
2022-10-15,53.0,57.0,71.71527777777777,0.0,18.419097222222224,0.537986111111111
2022-10-17,55.0,54.0,76.1388888888889,0.0,18.518541666666664,0.555
2022-10-18,41.0,55.0,73.9861111111111,0.0,18.752847222222226,0.6734722222222222
2022-10-19,39.0,41.0,72.8263888888889,0.0,18.852916666666665,0.57375
2022-10-20,41.0,39.0,71.39583333333333,0.0,18.43111111111111,0.7466666666666666
2022-10-21,35.0,41.0,83.0763888888889,0.0,17.750208333333333,2.679027777777778
2022-10-22,24.0,35.0,77.5486111111111,0.0,19.17826388888889,1.3397222222222223
2022-10-23,15.0,24.0,78.72222222222223,0.0,18.76236111111111,1.4134722222222222
2022-10-24,20.0,15.0,76.34027777777777,0.0,19.74451388888889,1.8631944444444444
2022-10-25,23.0,20.0,76.02777777777777,0.0,19.486527777777777,0.8827777777777777
2022-10-26,24.0,23.0,73.74305555555556,0.0,19.50625,0.6379166666666666
2022-10-27,31.0,24.0,76.33333333333333,0.0,18.464930555555554,0.5834722222222222
2022-10-28,24.0,31.0,73.2013888888889,0.0,17.730694444444445,0.5115972222222221
2022-10-29,23.0,24.0,73.13194444444444,0.0,17.64263888888889,0.5630555555555555
2022-10-30,22.0,23.0,75.43055555555556,0.0,17.112777777777776,0.5092361111111111
2022-11-01,19.0,25.0,83.9513888888889,0.4,15.312013888888888,0.6228472222222222
2022-11-03,30.0,24.0,93.15,1.8,14.677142857142856,1.3002142857142855
2022-11-04,6.0,30.0,74.6736111111111,1.0,13.518333333333333,1.8881944444444445
2022-11-05,12.0,6.0,61.77777777777778,0.0,12.947430555555556,0.7696527777777777
2022-11-06,20.0,12.0,62.36805555555556,0.0,11.349930555555556,0.4897222222222222
2022-11-07,29.0,20.0,68.28472222222223,0.0,11.210069444444445,0.4979861111111111
2022-11-08,28.0,29.0,65.6875,0.0,12.968194444444444,0.5424305555555555
2022-11-09,34.0,28.0,88.125,0.4,12.506527777777777,0.5963888888888887
2022-11-10,36.0,34.0,94.15277777777776,0.4,12.776388888888889,0.6804861111111111
2022-11-11,35.0,36.0,87.99305555555556,0.0,12.8825,0.6161805555555555
2022-11-12,29.0,35.0,89.4375,0.0,11.431180555555557,0.67875
2022-11-14,23.0,23.0,88.35416666666666,0.6,10.680347222222222,1.3186111111111112
2022-11-15,22.0,23.0,95.49305555555556,0.2,8.704097222222222,0.65875
2022-11-16,13.0,22.0,91.52083333333331,0.4,10.322916666666666,0.7836111111111111
2022-11-17,29.0,13.0,87.95833333333333,0.0,10.754861111111111,0.6397222222222222
2022-11-19,24.0,25.0,73.3263888888889,0.0,10.331041666666666,0.7664583333333334
2022-11-20,23.0,24.0,68.36805555555556,0.0,8.72236111111111,0.6336111111111111
2022-11-22,16.0,34.0,91.15277777777776,3.4,8.019166666666665,1.3395833333333331
2022-11-23,22.0,16.0,76.3888888888889,0.0,8.033680555555556,0.7891666666666666
2022-11-24,25.0,22.0,67.58333333333333,0.0,8.549930555555555,0.8017361111111111
2022-11-25,38.0,25.0,75.4861111111111,0.0,9.159722222222223,1.1396527777777778
2022-11-27,23.0,45.0,70.46527777777777,0.0,7.73298611111111,0.6580555555555555
2022-11-28,26.0,23.0,73.02083333333333,0.0,7.89486111111111,0.8234027777777777
2022-11-29,29.0,26.0,77.5138888888889,0.0,6.927361111111111,0.7258333333333333
2022-11-30,43.0,29.0,88.0763888888889,0.0,5.5025,0.7046527777777777
2022-12-01,45.0,43.0,82.77777777777777,0.0,5.4284027777777775,0.5140277777777778
2022-12-02,27.0,45.0,77.59027777777777,0.0,7.315416666666666,1.2163194444444445
2022-12-03,22.0,27.0,93.5,3.2,6.996944444444445,0.6398611111111111
2022-12-05,14.0,12.0,98.02083333333331,0.6,8.282083333333333,1.5484722222222222
2022-12-06,23.0,14.0,86.79166666666666,0.0,5.551597222222222,0.5922222222222222
2022-12-07,42.0,23.0,89.63194444444444,0.0,3.6661111111111113,0.6174305555555555
2022-12-08,35.0,42.0,87.75694444444444,0.0,4.803055555555556,0.5983333333333333
2022-12-09,26.0,35.0,96.83333333333331,1.2,4.677638888888889,1.0060416666666665
2022-12-10,22.0,26.0,94.0138888888889,0.0,4.215486111111111,1.1850694444444445
2022-12-11,14.0,22.0,80.36805555555556,0.0,4.039513888888889,1.140486111111111
2022-12-12,22.0,14.0,84.03472222222223,0.0,2.461597222222222,0.9088194444444444
2022-12-13,31.0,22.0,83.97916666666666,0.0,2.2840277777777778,0.7602083333333333
2022-12-14,42.0,31.0,78.0486111111111,0.0,3.2504166666666667,0.735
2022-12-15,48.0,42.0,87.35416666666666,1.8,2.7394444444444446,0.8982638888888888
2022-12-16,25.0,48.0,95.09027777777776,0.2,3.5054166666666666,0.9929861111111112
2022-12-17,23.0,25.0,96.53472222222223,0.0,4.963472222222222,1.2724305555555555
2022-12-18,30.0,23.0,93.67361111111111,0.0,5.726527777777777,0.7234027777777777
2022-12-19,39.0,30.0,90.47916666666666,0.0,5.195625,0.787986111111111
2022-12-20,38.0,39.0,81.7638888888889,0.0,5.747430555555556,0.860625
2022-12-21,34.0,38.0,81.74305555555556,0.2,6.489583333333333,0.7585416666666666
2022-12-22,41.0,34.0,81.6388888888889,0.0,7.609375,0.8103472222222222
2022-12-25,55.0,64.0,86.97916666666666,0.0,9.595972222222223,0.7938194444444444
2022-12-26,46.0,55.0,90.5625,0.0,9.725694444444445,0.767361111111111
2022-12-27,41.0,46.0,89.09027777777777,0.0,8.806180555555555,0.9188888888888888
2022-12-28,52.0,41.0,89.40277777777777,0.0,8.52763888888889,0.5072916666666666
2022-12-29,58.0,52.0,89.16666666666666,0.2,9.008472222222222,0.7488194444444444
2022-12-30,33.0,58.0,96.48611111111111,0.2,8.484305555555554,0.7585416666666666
2023-01-02,27.0,62.0,99.0,0.2,9.567291666666666,0.4684027777777777
2023-01-03,17.0,27.0,99.0,1.4,10.068333333333332,0.6820138888888888
2023-01-04,23.0,17.0,96.30555555555556,0.0,9.938125,0.6611111111111111
2023-01-05,28.0,23.0,86.3611111111111,0.0,9.43,1.3038888888888889
2023-01-06,33.0,28.0,94.61111111111111,0.0,8.677430555555555,1.0429166666666667
2023-01-07,24.0,33.0,91.18055555555556,0.0,8.062083333333332,0.5386111111111112
2023-01-08,25.0,24.0,96.69444444444444,2.6,7.564375,1.1270833333333332
2023-01-09,11.0,25.0,83.5138888888889,0.2,8.15777777777778,1.6481944444444443
2023-01-10,4.0,11.0,32.44055944055944,0.0,10.156013986013987,1.7121678321678322
2023-01-11,29.0,4.0,52.84722222222222,0.0,7.2264583333333325,0.5043055555555555
2023-01-12,43.0,29.0,65.04166666666666,0.0,6.801666666666667,0.596875
2023-01-13,51.0,43.0,71.20422535211269,0.0,6.8592957746478875,0.6688732394366197
2023-01-14,38.0,51.0,74.54166666666666,0.0,6.502569444444445,1.2490277777777778
2023-01-15,50.0,38.0,88.34722222222223,0.0,6.897986111111111,0.7129166666666666
2023-01-17,26.0,39.0,95.04166666666666,0.4,3.8272222222222223,1.025625
2023-01-18,29.0,26.0,92.91666666666666,0.0,2.978263888888889,0.9465277777777776
2023-01-19,18.0,29.0,88.50694444444444,0.2,3.0821527777777775,1.1044444444444443
2023-01-20,26.0,18.0,80.03472222222223,0.0,3.325625,0.7394444444444443
2023-01-23,30.0,21.0,62.02083333333333,0.0,4.361180555555556,0.7145833333333333
2023-01-25,28.0,23.0,77.76923076923077,0.0,7.227202797202797,0.829160839160839
2023-01-27,26.0,32.0,61.21527777777778,0.0,4.765,1.2879861111111113
2023-01-28,33.0,26.0,58.541666666666664,0.0,4.636388888888889,0.6280555555555555
2023-01-29,35.0,33.0,60.58333333333333,0.0,4.525555555555556,0.7000694444444444
2023-01-30,41.0,35.0,64.19444444444444,0.0,5.017708333333333,1.1286111111111112
2023-01-31,55.0,41.0,69.09722222222223,0.0,5.574375,1.1047222222222222
2023-02-01,33.0,55.0,60.38194444444445,0.0,8.378125,1.2147916666666667
2023-02-02,16.0,33.0,51.951388888888886,0.0,10.313541666666666,1.4126388888888888
2023-02-03,27.0,16.0,55.5,0.0,9.784861111111113,1.236527777777778
2023-02-05,13.0,20.0,56.604166666666664,0.0,7.1026388888888885,2.872708333333333
2023-02-06,13.0,13.0,61.63194444444445,0.0,5.128680555555556,2.529375
2023-02-10,41.0,18.0,47.791666666666664,0.0,4.747474747474748,0.4873611111111111
2023-02-11,52.0,41.0,48.541666666666664,0.0,5.338595041322313,0.7306944444444444
2023-02-13,52.0,47.0,53.791666666666664,0.0,8.128333333333332,0.5569444444444444
2023-02-16,50.0,72.0,64.00694444444444,0.0,9.855416666666665,0.9530555555555555
2023-02-17,23.0,50.0,69.13194444444444,0.0,10.3125,1.0068055555555555
2023-02-18,18.0,23.0,68.0625,0.0,10.778819444444444,1.2434027777777779
2023-02-19,21.0,18.0,73.4513888888889,0.0,10.943958333333333,1.1332638888888888
2023-02-21,53.0,67.0,76.0486111111111,0.0,10.628819444444444,0.7179861111111111
2023-02-24,57.0,59.0,78.34722222222223,0.2,11.823333333333332,0.7213194444444444
2023-02-25,34.0,57.0,77.88194444444444,0.0,11.793611111111112,1.1654861111111112
2023-02-26,16.0,34.0,82.21527777777777,1.4,5.514652777777777,2.2260416666666667
2023-02-27,7.0,16.0,78.44444444444444,0.8,4.286111111111111,1.093125
2023-02-28,18.0,7.0,59.291666666666664,0.0,6.126875,0.9040972222222222
2023-03-01,32.0,18.0,69.42361111111111,0.4,5.991736111111111,0.7819444444444444
2023-03-02,24.0,32.0,76.2986111111111,0.0,7.817430555555555,0.7472916666666666
2023-03-04,37.0,28.0,61.576388888888886,0.0,11.243055555555555,0.6615277777777777
2023-03-05,42.0,37.0,63.736111111111114,0.0,10.799097222222223,0.85875
2023-03-06,21.0,42.0,61.354166666666664,0.0,11.041388888888887,0.8886805555555555
2023-03-07,21.0,21.0,62.30069930069929,0.0,10.965104895104895,0.6816083916083916
2023-03-08,21.0,21.0,63.77777777777778,0.0,11.223333333333333,0.6227083333333333
2023-03-09,17.0,21.0,64.70833333333333,0.0,13.904652777777777,0.8215972222222222
2023-03-10,23.0,17.0,62.611111111111114,0.0,13.989166666666666,1.7961111111111112
2023-03-11,5.0,23.0,36.576388888888886,0.0,16.36423611111111,1.744375
2023-03-12,13.0,5.0,60.75694444444445,0.0,12.985902777777776,2.1870138888888886
2023-03-13,17.0,13.0,64.15972222222223,0.0,12.227222222222222,1.2972222222222223
2023-03-14,21.0,17.0,76.0625,1.2,11.978263888888888,1.8750694444444445
2023-03-15,3.0,21.0,20.36111111111111,0.0,12.701527777777777,2.182430555555556
2023-03-16,11.0,3.0,37.013888888888886,0.0,11.0925,1.725625
2023-03-17,19.0,11.0,41.8125,0.0,10.900347222222223,1.3068055555555556
2023-03-19,31.0,34.0,58.951388888888886,0.0,12.494722222222222,1.0300694444444445
2023-03-20,39.0,31.0,68.58333333333333,0.0,12.483888888888888,1.0119444444444443
2023-03-21,46.0,39.0,59.95833333333333,0.0,14.189513888888888,0.5302777777777777
2023-03-22,37.0,46.0,51.34722222222222,0.0,16.145277777777775,0.6780555555555555
2023-03-23,12.0,37.0,56.24305555555556,0.0,15.554861111111112,1.2720138888888888
2023-03-24,9.0,12.0,67.0,0.0,14.749722222222221,1.1656944444444444
2023-03-26,15.0,8.0,67.875,0.2,12.062013888888888,1.4677083333333332
2023-03-27,6.0,15.0,35.53472222222222,0.0,12.863541666666666,2.4540972222222224
2023-03-29,8.0,3.0,50.423611111111114,0.0,13.063055555555556,1.1955555555555557
2023-03-30,9.0,8.0,67.27083333333333,0.0,14.12125,0.8147222222222222
2023-03-31,10.0,9.0,65.32638888888889,0.0,13.527083333333332,1.0461111111111112
2023-04-01,8.0,10.0,46.61805555555556,0.0,14.940555555555555,1.0721527777777777
2023-04-02,9.0,8.0,47.59722222222222,0.0,15.202847222222221,1.399375
2023-04-03,12.0,9.0,51.89583333333333,0.0,13.785069444444444,2.5940972222222225
2023-04-04,8.0,12.0,40.14583333333333,0.0,10.299930555555555,2.334791666666667
2023-04-05,11.0,8.0,38.076388888888886,0.0,9.583958333333332,2.1352083333333334
2023-04-06,14.0,11.0,34.201388888888886,0.0,10.590069444444444,1.1173611111111112
2023-04-07,17.0,14.0,57.298611111111114,0.0,11.361805555555556,0.7751388888888888
2023-04-08,21.0,17.0,54.923611111111114,0.0,13.007638888888888,1.2711111111111113
2023-04-09,16.0,21.0,54.798611111111114,0.0,13.355555555555556,1.890763888888889
2023-04-10,9.0,16.0,44.604166666666664,0.0,13.811458333333333,1.6501388888888888
2023-04-11,13.0,9.0,51.201388888888886,0.0,15.655416666666666,1.0909722222222222
2023-04-14,3.0,14.0,39.18055555555556,0.0,14.129305555555556,1.36125
2023-04-15,7.0,3.0,47.38194444444445,0.0,13.987777777777776,1.2886805555555556
2023-04-16,7.0,7.0,50.83333333333333,0.0,15.211319444444444,1.6688194444444444
2023-04-18,8.0,5.0,41.513888888888886,0.0,17.42770833333333,1.1188888888888888
2023-04-19,11.0,8.0,46.13194444444445,0.0,17.805555555555557,1.419722222222222
2023-04-20,11.0,11.0,90.29166666666666,3.6,11.789097222222223,3.045625
2023-04-21,7.0,11.0,80.9375,0.0,13.463194444444444,1.210625
2023-04-22,11.0,7.0,61.75,0.0,16.117083333333333,0.7029861111111111
2023-04-23,12.0,11.0,51.104166666666664,0.0,18.202222222222225,1.0095833333333333
2023-04-24,5.0,12.0,57.33333333333333,0.4,17.457152777777775,1.2275694444444445
2023-04-25,3.0,5.0,60.0625,0.0,15.185763888888888,2.1390277777777778
2023-04-27,9.0,6.0,45.44444444444445,0.0,17.178194444444443,1.6097916666666667
2023-04-28,10.0,9.0,48.68055555555556,0.0,18.00958333333333,1.4906944444444443
2023-04-29,12.0,10.0,69.83333333333333,0.0,18.015694444444446,1.2270833333333333
2023-04-30,15.0,12.0,63.251748251748246,0.0,18.75251748251748,2.5651748251748248
2023-05-02,6.0,9.0,74.94444444444444,0.4,15.856736111111111,1.5095833333333333
2023-05-04,9.0,5.0,50.513888888888886,0.0,20.04513888888889,1.2588888888888887
2023-05-05,15.0,9.0,50.47222222222222,0.0,21.226388888888888,1.1017361111111112
2023-05-06,11.0,15.0,45.58333333333333,0.0,22.345555555555556,1.0258333333333332
2023-05-07,8.0,11.0,55.875,0.0,21.640347222222225,1.3753472222222223
2023-05-08,9.0,8.0,68.14583333333333,0.2,19.636944444444445,2.16125
2023-05-09,12.0,9.0,67.60839160839161,1.4,18.867272727272727,2.95958041958042
2023-05-10,8.0,12.0,89.40277777777777,1.6,14.095208333333332,2.1053472222222225
2023-05-11,7.0,8.0,73.04166666666666,0.8,15.652569444444444,1.3734027777777778
2023-05-12,6.0,7.0,83.6736111111111,0.2,13.965625,1.5390972222222221
2023-05-13,5.0,6.0,70.40277777777777,0.0,15.589513888888888,1.6163194444444444
2023-05-14,4.0,5.0,74.0763888888889,0.6,15.300277777777776,1.6454861111111112
2023-05-15,6.0,4.0,66.20138888888889,0.0,17.58423611111111,1.2127777777777777
2023-05-16,10.0,6.0,68.9375,0.0,16.644861111111112,1.1034722222222222
2023-05-17,6.0,10.0,71.04166666666666,0.0,16.3625,1.1045138888888888
2023-05-18,7.0,6.0,63.31944444444445,0.0,17.169027777777774,1.3173611111111112
2023-05-19,10.0,7.0,78.06944444444444,1.0,15.3025,1.90375
2023-05-20,7.0,10.0,92.625,0.2,14.874791666666667,0.9565277777777776
2023-05-21,8.0,7.0,71.71527777777777,0.0,18.90958333333333,1.066736111111111
2023-05-22,10.0,8.0,56.90209790209791,0.0,22.07566433566433,0.9757342657342656
2023-05-23,13.0,10.0,52.22222222222222,0.0,23.43173611111111,0.8859722222222222
2023-05-24,13.0,13.0,63.111111111111114,1.8,20.843680555555554,1.370763888888889
2023-05-25,8.0,13.0,67.97222222222223,0.0,20.446041666666662,1.867430555555556
2023-05-26,11.0,8.0,59.44444444444445,0.0,22.751319444444444,0.9048611111111112
2023-05-27,11.0,11.0,57.607142857142854,0.2,23.34892857142857,2.5385
2023-05-28,13.0,11.0,64.50694444444444,0.2,22.327638888888888,1.3236805555555555
2023-05-29,10.0,13.0,58.10489510489511,2.0,22.28692307692308,1.0037762237762236
2023-05-30,13.0,10.0,52.08391608391608,0.0,23.53223776223776,1.9951748251748247
2023-05-31,10.0,13.0,55.27083333333333,0.0,21.978125,1.504236111111111
2023-06-01,13.0,10.0,49.08333333333333,0.0,23.94361111111111,0.9398611111111111
2023-06-03,8.0,12.0,57.43055555555556,0.0,22.648263888888888,1.6253472222222223
2023-06-04,8.0,8.0,67.95138888888889,0.4,20.65513888888889,1.7986111111111112
2023-06-05,7.0,8.0,72.00694444444444,0.0,19.735555555555557,1.7021527777777778
2023-06-06,14.0,7.0,61.875,0.0,22.343333333333334,1.2989583333333332
2023-06-10,10.0,13.0,62.388888888888886,0.0,23.420625,1.2515277777777778
2023-06-11,13.0,10.0,60.77777777777778,0.2,24.427083333333332,1.5188194444444445
2023-06-12,8.0,13.0,58.867132867132874,0.0,24.31055944055944,1.3123776223776225
2023-06-17,13.0,14.0,41.854166666666664,0.0,25.879027777777775,1.4967361111111113
2023-06-18,12.0,13.0,46.18055555555556,0.0,25.723680555555557,1.1346527777777777
2023-06-20,10.0,17.0,39.57142857142857,0.0,27.347928571428568,1.3435714285714286
2023-06-21,11.0,10.0,41.38461538461537,0.0,27.751748251748246,1.393986013986014
2023-06-22,19.0,11.0,47.486111111111114,0.0,29.438819444444444,1.1994444444444443
2023-06-23,9.0,19.0,35.791666666666664,0.0,29.054027777777776,1.864375
2023-06-24,8.0,9.0,28.069444444444443,0.0,28.523125,1.2055555555555555
2023-06-25,6.0,8.0,40.79020979020979,0.0,27.714755244755246,2.2228671328671328
2023-06-26,13.0,6.0,42.692307692307686,0.0,29.21804195804196,1.1875524475524477
2023-06-27,24.0,13.0,43.89510489510489,0.0,29.744615384615383,1.166153846153846
2023-06-28,12.0,24.0,53.52777777777778,0.0,25.913819444444442,3.044236111111111
2023-06-29,9.0,12.0,45.38194444444445,0.0,25.74048611111111,2.116041666666667
2023-06-30,17.0,9.0,81.3263888888889,2.4,20.406736111111112,1.4986111111111111
2023-07-01,12.0,17.0,72.69444444444444,0.0,22.797083333333333,0.8978472222222222
2023-07-02,10.0,12.0,57.013888888888886,0.0,26.372708333333332,1.1170833333333332
2023-07-03,7.0,10.0,54.3125,0.0,26.66201388888889,1.2729166666666667
2023-07-04,8.0,7.0,58.9375,0.2,25.69,1.9821527777777777
2023-07-05,9.0,8.0,64.81944444444444,2.2,24.109583333333333,1.1844444444444444
2023-07-06,9.0,9.0,66.70833333333333,2.8,22.991180555555555,2.1020138888888886
2023-07-08,11.0,8.0,48.479166666666664,0.0,27.813541666666666,1.2604861111111112
2023-07-09,13.0,11.0,49.52083333333333,0.0,29.215416666666663,0.9008333333333332
2023-07-10,17.0,13.0,48.96527777777778,0.0,30.997916666666665,0.8470833333333333
2023-07-11,16.0,17.0,45.47552447552448,0.0,31.649300699300696,1.2517482517482517
2023-07-12,12.0,16.0,55.25,0.4,27.774027777777775,1.7092361111111112
2023-07-13,9.0,12.0,65.86805555555556,0.0,25.590138888888887,1.2494444444444444
2023-07-16,13.0,13.0,51.75,0.0,29.987361111111113,0.9340277777777776
2023-07-17,12.0,13.0,51.44055944055944,0.0,30.34125874125874,1.4434965034965035
2023-07-18,18.0,12.0,59.52777777777778,0.0,30.204583333333332,1.2809722222222222
2023-07-19,17.0,18.0,60.0,0.0,30.537777777777777,1.2040277777777777
2023-07-20,15.0,17.0,59.791666666666664,0.0,28.282847222222223,1.6197916666666667
2023-07-21,12.0,15.0,67.58865248226951,0.8,25.251357142857145,1.9948936170212768
2023-07-24,16.0,13.0,70.22916666666666,2.0,24.21013888888889,1.8000694444444445
2023-07-25,8.0,16.0,71.42657342657343,3.2,23.832377622377624,1.1125874125874127
2023-07-26,4.0,8.0,26.251748251748246,0.0,25.476013986013985,1.8742657342657345
2023-07-29,8.0,11.0,60.56643356643357,0.0,26.430069930069926,1.3016083916083916
2023-07-30,9.0,8.0,68.14583333333333,1.0,25.516597222222224,0.9704861111111112
2023-07-31,10.0,9.0,60.513888888888886,0.0,27.378819444444446,1.9108333333333332
2023-08-01,11.0,10.0,62.638888888888886,0.0,26.100347222222226,1.3458333333333332
2023-08-02,10.0,11.0,59.86805555555556,0.0,26.164513888888887,2.0283333333333333
2023-08-03,8.0,10.0,54.69444444444445,0.0,27.21770833333333,1.252152777777778
2023-08-04,7.0,8.0,57.51048951048951,0.0,23.806713286713286,1.877692307692308
2023-08-05,7.0,7.0,60.875,0.0,22.75333333333333,1.8177083333333333
2023-08-06,3.0,7.0,36.87412587412587,0.0,24.963846153846156,1.9677622377622377
2023-08-07,1.0,3.0,21.833333333333332,0.0,23.86111111111111,2.219513888888889
2023-08-08,5.0,1.0,30.368055555555557,0.0,24.071527777777774,1.0450694444444444
2023-08-09,7.0,5.0,37.173611111111114,0.0,25.07486111111111,0.86625
2023-08-10,10.0,7.0,51.31468531468531,0.0,25.85013986013986,1.755034965034965
2023-08-11,10.0,10.0,53.37323943661972,0.0,26.817394366197185,1.6953521126760565
2023-08-12,12.0,10.0,49.986111111111114,0.0,28.00625,1.2620833333333332
2023-08-13,10.0,12.0,50.236111111111114,0.0,29.07,1.5231944444444443
2023-08-14,13.0,10.0,50.34027777777778,0.0,29.585972222222225,1.1475
2023-08-15,13.0,13.0,46.826388888888886,0.0,29.652291666666663,1.1198611111111112
2023-08-16,14.0,13.0,48.95104895104895,0.0,29.70153846153846,1.3865734265734266
2023-08-17,10.0,14.0,53.21678321678321,0.0,28.362657342657343,1.1634965034965037
2023-08-18,11.0,10.0,49.28671328671329,0.0,28.915804195804196,1.0202797202797205
2023-08-19,17.0,11.0,52.201388888888886,0.0,30.104236111111113,1.2077777777777778
2023-08-20,16.0,17.0,49.5625,0.0,31.086805555555557,1.5715277777777779
2023-08-21,16.0,16.0,46.166666666666664,0.0,31.694375,0.8326388888888888
2023-08-22,16.0,16.0,45.24475524475525,0.0,32.14090909090909,0.8585314685314684
2023-08-23,16.0,16.0,43.25874125874125,0.0,32.63076923076923,1.0008391608391607
2023-08-24,17.0,16.0,43.69444444444445,0.0,32.683819444444445,1.2241666666666668
2023-08-25,17.0,17.0,41.307692307692314,0.0,31.80104895104895,1.3355944055944056
2023-08-28,5.0,11.0,81.72222222222223,2.8,19.234513888888888,2.4027777777777777
2023-08-29,3.0,5.0,64.0,0.2,20.015972222222224,1.0338194444444444
2023-08-30,6.0,3.0,55.39160839160839,0.0,21.909020979020976,0.9293006993006993
2023-08-31,6.0,6.0,59.52777777777778,0.0,22.516388888888887,1.1272916666666668
2023-09-01,7.0,6.0,57.729166666666664,0.0,23.226458333333333,1.0909722222222222
2023-09-02,10.0,7.0,56.972027972027966,0.0,24.265454545454546,0.8164335664335663
2023-09-03,13.0,10.0,59.166666666666664,0.0,25.001458333333332,0.8959027777777777
2023-09-04,14.0,13.0,60.625,0.0,25.746875,1.8290972222222224
2023-09-05,7.0,14.0,49.71328671328671,0.0,23.56097902097902,2.083636363636364
2023-09-06,11.0,7.0,45.84027777777778,0.0,23.084444444444443,0.6785416666666666
2023-09-07,14.0,11.0,53.666666666666664,0.0,24.502430555555556,1.1213888888888888
2023-09-08,15.0,14.0,52.02083333333333,0.0,25.121180555555554,0.7817361111111111
2023-09-09,19.0,15.0,53.95070422535211,0.0,25.219718309859157,0.8097887323943661
2023-09-10,26.0,19.0,58.49650349650349,0.0,25.655524475524476,0.6519580419580419
2023-09-11,28.0,26.0,57.923611111111114,0.0,26.036666666666665,0.7222916666666666
2023-09-12,21.0,28.0,54.75,0.0,25.641041666666663,1.015625
2023-09-14,15.0,19.0,72.34722222222223,0.0,22.851388888888888,0.9295138888888888
2023-09-15,10.0,15.0,78.31944444444444,4.2,21.270625,0.954375
2023-09-16,24.0,10.0,74.8611111111111,0.8,22.15125,1.1802083333333333
2023-09-17,14.0,24.0,77.55555555555556,0.0,22.57486111111111,0.7678472222222222
2023-09-20,17.0,7.0,73.2638888888889,0.0,22.010555555555555,1.1805555555555556
2023-09-22,9.0,14.0,79.03472222222223,0.0,20.196458333333332,3.044236111111111
2023-09-23,4.0,9.0,72.5,1.4,17.75326388888889,1.4961805555555556
2023-09-24,4.0,4.0,56.04195804195804,0.0,18.114615384615384,0.6575524475524475
2023-09-25,6.0,4.0,59.138888888888886,0.0,19.096111111111114,0.9605555555555556
2023-09-26,10.0,6.0,62.24305555555556,0.0,20.198888888888888,0.7572916666666666
2023-09-27,11.0,10.0,61.81944444444445,0.0,21.72875,0.7334027777777777
2023-09-29,20.0,15.0,62.22222222222222,0.0,21.675625,0.5529861111111111
2023-09-30,27.0,20.0,63.826388888888886,0.0,22.070277777777775,0.5295138888888888
2023-10-02,39.0,31.0,68.04861111111111,0.0,22.215694444444445,0.5254166666666666
2023-10-03,41.0,39.0,68.95138888888889,0.0,22.141111111111112,0.8084722222222221
2023-10-04,26.0,41.0,70.41666666666666,0.0,21.679861111111112,1.3028472222222223
2023-10-05,16.0,26.0,60.875,0.0,21.679583333333333,0.9608333333333332
2023-10-06,27.0,16.0,68.05555555555556,0.0,21.108541666666664,0.8592361111111111
2023-10-08,19.0,30.0,64.69444444444444,0.0,22.09625,0.9181944444444444
2023-10-09,13.0,19.0,55.6875,0.0,22.805,1.0640277777777778
2023-10-10,13.0,13.0,64.375,0.0,22.22208333333333,0.7928472222222221
2023-10-11,35.0,13.0,70.77083333333333,0.0,21.466944444444444,0.5346527777777778
2023-10-12,31.0,35.0,69.95138888888889,0.0,21.437152777777776,0.7248611111111111
2023-10-13,12.0,31.0,65.59722222222223,0.0,21.800972222222224,0.8711805555555555
2023-10-14,13.0,12.0,69.52083333333333,0.0,20.951805555555556,0.9657638888888888
2023-10-15,11.0,13.0,55.03472222222222,0.0,19.313888888888886,1.5940277777777778
2023-10-18,20.0,9.0,72.22916666666666,0.0,13.377569444444443,1.2224305555555557
2023-10-19,22.0,20.0,96.05555555555556,0.4,12.763819444444444,0.75
2023-10-20,10.0,22.0,93.61805555555556,2.0,15.862083333333333,2.1909722222222223
2023-10-21,11.0,10.0,79.4513888888889,0.0,17.524166666666666,1.3455555555555556
2023-10-22,5.0,11.0,78.36805555555556,0.4,16.427291666666665,0.7209722222222222
2023-10-23,11.0,5.0,80.3263888888889,0.0,15.837916666666667,0.7063888888888888
2023-10-24,11.0,11.0,95.99305555555556,1.4,14.475972222222222,0.8526388888888888
2023-10-27,12.0,26.0,83.8263888888889,1.6,16.174305555555556,1.3336111111111113
2023-10-28,15.0,12.0,78.77777777777777,0.0,14.936041666666666,0.860625
2023-10-29,10.0,15.0,83.88194444444444,0.2,14.792152777777776,2.089166666666667
2023-10-30,18.0,10.0,98.27777777777776,1.8,14.904166666666667,1.4885416666666669
2023-10-31,4.0,18.0,80.5625,4.8,14.232708333333331,1.8145833333333332
2023-11-01,13.0,4.0,81.47222222222223,0.0,12.356180555555556,1.2626388888888889
2023-11-02,11.0,13.0,98.42361111111111,2.4,11.878125,2.289930555555556
2023-11-03,6.0,11.0,81.69444444444444,4.2,11.850694444444445,1.3978472222222222
2023-11-05,5.0,11.0,82.66666666666666,1.0,10.752569444444443,1.0265972222222222
2023-11-06,15.0,5.0,81.95833333333333,0.0,11.471319444444443,1.0022222222222221
2023-11-07,19.0,15.0,80.30555555555556,0.0,12.158125,0.9884722222222222
2023-11-08,14.0,19.0,74.80555555555556,0.0,10.282916666666665,0.5350694444444444
2023-11-09,17.0,14.0,86.04166666666666,0.6,8.884097222222222,0.7590972222222222
2023-11-10,11.0,17.0,85.6875,0.0,9.386041666666666,0.9990972222222222
2023-11-11,12.0,11.0,71.0625,0.0,9.491180555555555,1.129375
2023-11-12,19.0,12.0,72.36805555555556,0.0,9.298958333333331,1.0048611111111112
2023-11-13,29.0,19.0,75.75694444444444,0.0,9.775,0.7295833333333333
2023-11-14,38.0,29.0,83.30555555555556,0.0,11.502083333333331,0.7228472222222222
2023-11-15,20.0,38.0,81.81944444444444,0.0,12.311388888888889,1.3822222222222222
2023-11-16,21.0,20.0,64.63194444444444,0.0,11.401666666666666,0.726875
2023-11-17,13.0,21.0,47.59027777777778,0.0,12.159930555555556,1.9438888888888888
2023-11-19,24.0,5.0,62.99305555555556,0.0,10.23625,0.5840277777777777
2023-11-20,42.0,24.0,76.96527777777777,0.0,9.281736111111112,0.974375
2023-11-21,37.0,42.0,75.19444444444444,0.0,11.039444444444444,0.9706944444444444
2023-11-22,20.0,37.0,71.53472222222223,0.0,9.965902777777776,0.7000694444444444
2023-11-23,26.0,20.0,70.40559440559441,0.0,9.107552447552449,0.6466433566433566
2023-11-24,27.0,26.0,60.97222222222222,0.0,9.648819444444445,1.075
2023-11-25,1.0,27.0,26.777777777777775,0.0,8.92861111111111,1.9575694444444445
2023-11-26,5.0,1.0,35.19444444444444,0.0,8.072847222222222,1.4683333333333333
2023-11-27,18.0,5.0,59.84027777777778,0.0,5.880347222222222,1.0201388888888887
2023-11-28,22.0,18.0,69.41666666666666,0.2,6.558402777777777,1.7275694444444445
2023-11-29,12.0,22.0,47.361111111111114,0.0,7.44173611111111,1.1393055555555556
2023-11-30,17.0,12.0,87.86805555555556,0.4,4.860277777777777,0.7740277777777776
2023-12-01,19.0,17.0,98.97916666666666,0.6,5.467847222222223,0.8882638888888889
2023-12-02,8.0,19.0,64.86111111111111,0.2,8.07402777777778,1.762708333333333
2023-12-03,6.0,8.0,62.78472222222222,0.0,5.573055555555556,0.7442361111111111
2023-12-05,27.0,18.0,84.7013888888889,0.0,3.5802777777777774,0.8284722222222222
2023-12-06,33.0,27.0,79.7361111111111,0.0,4.054652777777777,0.6327777777777777
2023-12-07,47.0,33.0,75.99305555555556,0.0,4.458680555555556,0.5108333333333333
2023-12-08,26.0,47.0,82.4375,0.2,4.515138888888889,0.7522222222222222
2023-12-09,24.0,26.0,94.29861111111111,0.2,3.886944444444445,0.8834722222222222
2023-12-10,25.0,24.0,92.5,0.0,5.497361111111111,1.3283333333333331
2023-12-11,34.0,25.0,94.7638888888889,0.0,6.180902777777778,0.9193055555555556
2023-12-13,34.0,37.0,95.75,0.2,7.844791666666666,0.6005555555555555
2023-12-14,34.0,34.0,91.5138888888889,0.0,7.728194444444445,0.7402777777777777
2023-12-15,41.0,34.0,83.55555555555556,0.0,7.378263888888889,0.5709722222222222
2023-12-16,22.0,41.0,73.46527777777777,0.0,6.397638888888888,0.7918055555555555
2023-12-17,36.0,22.0,84.63194444444444,0.0,4.185,0.8376388888888888
2023-12-18,44.0,36.0,80.40972222222223,0.0,6.099375,0.6754861111111111
2023-12-19,47.0,44.0,76.00694444444444,0.0,6.866944444444445,0.4861111111111111
2023-12-21,58.0,62.0,81.09722222222223,0.0,5.780763888888889,0.7602083333333333
2023-12-22,11.0,58.0,42.09722222222222,0.0,12.78,1.7630555555555556
2023-12-23,9.0,11.0,44.52777777777778,0.0,13.371666666666666,1.6047222222222222
2023-12-26,35.0,16.0,80.6388888888889,0.0,10.437847222222222,0.7405555555555555
2023-12-27,39.0,35.0,78.95833333333333,0.0,9.804236111111113,0.5431944444444444
2023-12-28,39.0,39.0,76.99305555555556,0.0,9.622777777777776,0.5460416666666666
2023-12-29,27.0,39.0,74.15277777777777,0.0,9.200902777777776,0.7578472222222222
2023-12-30,28.0,27.0,73.75,0.0,9.42513888888889,0.7131944444444444
2023-12-31,40.0,28.0,95.02777777777776,0.8,7.916597222222222,1.390486111111111
2024-01-01,38.0,40.0,93.98611111111111,0.0,6.169652777777777,0.9823611111111112
