idsensore,date,value
19007,2014-03-25T00:00:00.000,0.0
19007,2014-04-22T00:00:00.000,0.0
19007,2014-06-15T00:00:00.000,0.0
19007,2014-06-20T00:00:00.000,0.0
19007,2016-09-23T00:00:00.000,1.2443
19007,2016-09-24T00:00:00.000,1.5088
19007,2016-09-25T00:00:00.000,0.8215
19007,2016-09-26T00:00:00.000,1.4585
19007,2016-09-27T00:00:00.000,1.0947
19007,2016-09-28T00:00:00.000,0.9686
19007,2016-09-29T00:00:00.000,1.2161
19007,2016-09-30T00:00:00.000,1.3612
19007,2016-10-01T00:00:00.000,1.1612
19007,2016-10-02T00:00:00.000,0.9503
19007,2016-10-03T00:00:00.000,1.6321
19007,2016-10-04T00:00:00.000,1.2154
19007,2016-10-05T00:00:00.000,2.8217
19007,2016-10-06T00:00:00.000,2.0024
19007,2016-10-07T00:00:00.000,0.9908
19007,2016-10-08T00:00:00.000,1.7253
19007,2016-10-09T00:00:00.000,2.5024
19007,2016-10-10T00:00:00.000,1.7769
19007,2016-10-11T00:00:00.000,1.7244
19007,2016-10-12T00:00:00.000,0.9087
19007,2016-10-13T00:00:00.000,1.5967
19007,2016-10-14T00:00:00.000,1.4274
19007,2016-10-15T00:00:00.000,0.9775
19007,2016-10-16T00:00:00.000,0.9658
19007,2016-10-17T00:00:00.000,0.6797
19007,2016-10-18T00:00:00.000,0.8588
19007,2016-10-19T00:00:00.000,1.2935
19007,2016-10-20T00:00:00.000,1.8764
19007,2016-10-21T00:00:00.000,1.051
19007,2016-10-22T00:00:00.000,1.6652
19007,2016-10-23T00:00:00.000,1.0691
19007,2016-10-24T00:00:00.000,0.8085
19007,2016-10-25T00:00:00.000,1.0334
19007,2016-10-26T00:00:00.000,1.2856
19007,2016-10-27T00:00:00.000,1.4201
19007,2016-10-28T00:00:00.000,1.2679
19007,2016-10-29T00:00:00.000,0.9547
19007,2016-10-30T00:00:00.000,0.874
19007,2016-10-31T00:00:00.000,1.0344
19007,2016-11-01T00:00:00.000,1.2351
19007,2016-11-02T00:00:00.000,1.1526
19007,2016-11-03T00:00:00.000,1.8431
19007,2016-11-04T00:00:00.000,1.5035
19007,2016-11-05T00:00:00.000,1.3165
19007,2016-11-06T00:00:00.000,1.1321
19007,2016-11-07T00:00:00.000,1.1764
19007,2016-11-08T00:00:00.000,0.9576
19007,2016-11-09T00:00:00.000,1.4543
19007,2016-11-10T00:00:00.000,1.2605
19007,2016-11-11T00:00:00.000,2.2919
19007,2016-11-12T00:00:00.000,1.1289
19007,2016-11-13T00:00:00.000,1.7185
19007,2016-11-14T00:00:00.000,1.6531
19007,2016-11-15T00:00:00.000,1.2484
19007,2016-11-16T00:00:00.000,0.9951
19007,2016-11-17T00:00:00.000,1.0006
19007,2016-11-18T00:00:00.000,0.9164
19007,2016-11-19T00:00:00.000,0.8067
19007,2016-11-20T00:00:00.000,1.076
19007,2016-11-21T00:00:00.000,1.3452
19007,2016-11-22T00:00:00.000,1.049
19007,2016-11-23T00:00:00.000,2.0885
19007,2016-11-24T00:00:00.000,2.5664
19007,2016-11-25T00:00:00.000,2.0966
19007,2016-11-26T00:00:00.000,1.2949
19007,2016-11-27T00:00:00.000,0.9426
19007,2016-11-28T00:00:00.000,2.0802
19007,2016-11-29T00:00:00.000,2.1009
19007,2016-11-30T00:00:00.000,1.5027
19007,2016-12-01T00:00:00.000,1.7417
19007,2016-12-02T00:00:00.000,2.7014
19007,2016-12-03T00:00:00.000,1.1526
19007,2016-12-04T00:00:00.000,0.9132
19007,2016-12-05T00:00:00.000,0.8606
19007,2016-12-06T00:00:00.000,0.8876
19007,2016-12-07T00:00:00.000,0.9559
19007,2016-12-08T00:00:00.000,0.9676
19007,2016-12-09T00:00:00.000,0.827
19007,2016-12-10T00:00:00.000,0.8497
19007,2016-12-11T00:00:00.000,1.1872
19007,2016-12-12T00:00:00.000,1.1418
19007,2016-12-13T00:00:00.000,0.8458
19007,2016-12-14T00:00:00.000,1.1131
19007,2016-12-15T00:00:00.000,0.8438
19007,2016-12-16T00:00:00.000,0.8624
19007,2016-12-17T00:00:00.000,1.0082
19007,2016-12-18T00:00:00.000,0.9603
19007,2016-12-19T00:00:00.000,1.0628
19007,2016-12-20T00:00:00.000,1.4004
19007,2016-12-21T00:00:00.000,0.9824
19007,2016-12-22T00:00:00.000,0.7229
19007,2016-12-23T00:00:00.000,0.8776
19007,2016-12-24T00:00:00.000,1.0387
19007,2016-12-25T00:00:00.000,0.7881
19007,2016-12-26T00:00:00.000,1.0804
19007,2016-12-27T00:00:00.000,2.0738
19007,2016-12-28T00:00:00.000,1.4216
19007,2016-12-29T00:00:00.000,2.1125
19007,2016-12-30T00:00:00.000,1.0735
19007,2016-12-31T00:00:00.000,0.9785
19007,2017-01-01T00:00:00.000,0.931
19007,2017-01-02T00:00:00.000,0.9097
19007,2017-01-03T00:00:00.000,1.4675
19007,2017-01-04T00:00:00.000,2.1322
19007,2017-01-05T00:00:00.000,4.2007
19007,2017-01-06T00:00:00.000,1.9272
19007,2017-01-07T00:00:00.000,1.5406
19007,2017-01-08T00:00:00.000,1.6423
19007,2017-01-09T00:00:00.000,1.5724
19007,2017-01-10T00:00:00.000,2.0124
19007,2017-01-11T00:00:00.000,1.9471
19007,2017-01-12T00:00:00.000,1.9833
19007,2017-01-13T00:00:00.000,2.7832
19007,2017-01-14T00:00:00.000,2.2568
19007,2017-01-15T00:00:00.000,1.5473
19007,2017-01-16T00:00:00.000,1.0892
19007,2017-01-17T00:00:00.000,1.2707
19007,2017-01-18T00:00:00.000,1.0373
19007,2017-01-19T00:00:00.000,1.1328
19007,2017-01-20T00:00:00.000,0.9067
19007,2017-01-21T00:00:00.000,0.9059
19007,2017-01-22T00:00:00.000,1.0296
19007,2017-01-23T00:00:00.000,0.8872
19007,2017-01-24T00:00:00.000,0.8094
19007,2017-01-25T00:00:00.000,1.5854
19007,2017-01-26T00:00:00.000,2.1076
19007,2017-01-27T00:00:00.000,1.2447
19007,2017-01-28T00:00:00.000,1.359
19007,2017-01-29T00:00:00.000,0.9234
19007,2017-01-30T00:00:00.000,0.9223
19007,2017-01-31T00:00:00.000,0.9861
19007,2017-02-01T00:00:00.000,0.9233
19007,2017-02-02T00:00:00.000,1.2975
19007,2017-02-03T00:00:00.000,1.536
19007,2017-02-04T00:00:00.000,1.5844
19007,2017-02-05T00:00:00.000,1.6976
19007,2017-02-06T00:00:00.000,1.2612
19007,2017-02-07T00:00:00.000,1.3012
19007,2017-02-08T00:00:00.000,2.3079
19007,2017-02-09T00:00:00.000,1.6825
19007,2017-02-10T00:00:00.000,1.8838
19007,2017-02-11T00:00:00.000,0.8892
19007,2017-02-12T00:00:00.000,1.0094
19007,2017-02-13T00:00:00.000,1.6526
19007,2017-02-14T00:00:00.000,1.3874
19007,2017-02-15T00:00:00.000,1.0851
19007,2017-02-16T00:00:00.000,0.8517
19007,2017-02-17T00:00:00.000,1.1665
19007,2017-02-18T00:00:00.000,1.673
19007,2017-02-19T00:00:00.000,1.1213
19007,2017-02-20T00:00:00.000,1.0674
19007,2017-02-21T00:00:00.000,1.6794
19007,2017-02-22T00:00:00.000,1.4288
19007,2017-02-23T00:00:00.000,0.8838
19007,2017-02-24T00:00:00.000,1.114
19007,2017-02-25T00:00:00.000,1.7341
19007,2017-02-26T00:00:00.000,1.2253
19007,2017-02-27T00:00:00.000,1.8488
19007,2017-02-28T00:00:00.000,2.2497
19007,2017-03-01T00:00:00.000,1.8626
19007,2017-03-02T00:00:00.000,1.4524
19007,2017-03-03T00:00:00.000,1.7535
19007,2017-03-04T00:00:00.000,3.5564
19007,2017-03-05T00:00:00.000,1.6153
19007,2017-03-06T00:00:00.000,1.2601
19007,2017-03-07T00:00:00.000,3.5405
19007,2017-03-08T00:00:00.000,1.0388
19007,2017-03-09T00:00:00.000,1.1032
19007,2017-03-10T00:00:00.000,2.4356
19007,2017-03-11T00:00:00.000,2.2327
19007,2017-03-12T00:00:00.000,1.9126
19007,2017-03-13T00:00:00.000,1.6219
19007,2017-03-14T00:00:00.000,0.8843
19007,2017-03-15T00:00:00.000,1.8131
19007,2017-03-16T00:00:00.000,0.9499
19007,2017-03-17T00:00:00.000,1.4658
19007,2017-03-18T00:00:00.000,2.7676
19007,2017-03-19T00:00:00.000,2.314
19007,2017-03-20T00:00:00.000,1.3703
19007,2017-03-21T00:00:00.000,1.9895
19007,2017-03-22T00:00:00.000,3.2419
19007,2017-03-23T00:00:00.000,2.7749
19007,2017-03-24T00:00:00.000,1.4755
19007,2017-03-25T00:00:00.000,1.3877
19007,2017-03-26T00:00:00.000,2.1039
19007,2017-03-27T00:00:00.000,1.6405
19007,2017-03-28T00:00:00.000,0.8593
19007,2017-03-29T00:00:00.000,0.8132
19007,2017-03-30T00:00:00.000,0.8956
19007,2017-03-31T00:00:00.000,1.157
19007,2017-04-01T00:00:00.000,1.7457
19007,2017-04-02T00:00:00.000,1.615
19007,2017-04-03T00:00:00.000,1.5754
19007,2017-04-04T00:00:00.000,1.4792
19007,2017-04-05T00:00:00.000,1.9536
19007,2017-04-06T00:00:00.000,1.4059
19007,2017-04-07T00:00:00.000,1.8833
19007,2017-04-08T00:00:00.000,1.4528
19007,2017-04-09T00:00:00.000,1.5424
19007,2017-04-10T00:00:00.000,1.4787
19007,2017-04-11T00:00:00.000,1.4653
19007,2017-04-12T00:00:00.000,1.7941
19007,2017-04-13T00:00:00.000,2.3986
19007,2017-04-14T00:00:00.000,1.4842
19007,2017-04-15T00:00:00.000,1.5076
19007,2017-04-16T00:00:00.000,1.8985
19007,2017-04-17T00:00:00.000,2.1817
19007,2017-04-18T00:00:00.000,3.3509
19007,2017-04-19T00:00:00.000,3.1331
19007,2017-04-20T00:00:00.000,1.8116
19007,2017-04-21T00:00:00.000,1.7108
19007,2017-04-22T00:00:00.000,1.5942
19007,2017-04-23T00:00:00.000,1.7311
19007,2017-04-24T00:00:00.000,1.9483
19007,2017-04-25T00:00:00.000,1.649
19007,2017-04-26T00:00:00.000,2.5494
19007,2017-04-27T00:00:00.000,1.3824
19007,2017-04-28T00:00:00.000,2.9885
19007,2017-04-29T00:00:00.000,1.3196
19007,2017-04-30T00:00:00.000,1.7649
19007,2017-05-01T00:00:00.000,2.4863
19007,2017-05-02T00:00:00.000,1.4942
19007,2017-05-03T00:00:00.000,1.5099
19007,2017-05-04T00:00:00.000,1.0932
19007,2017-05-05T00:00:00.000,1.0173
19007,2017-05-06T00:00:00.000,2.1686
19007,2017-05-07T00:00:00.000,1.1785
19007,2017-05-08T00:00:00.000,1.1537
19007,2017-05-09T00:00:00.000,2.2108
19007,2017-05-10T00:00:00.000,2.6894
19007,2017-05-11T00:00:00.000,2.4907
19007,2017-05-12T00:00:00.000,1.2267
19007,2017-05-13T00:00:00.000,1.5644
19007,2017-05-14T00:00:00.000,1.5676
19007,2017-05-15T00:00:00.000,1.8869
19007,2017-05-16T00:00:00.000,1.2966
19007,2017-05-17T00:00:00.000,1.6777
19007,2017-05-18T00:00:00.000,2.6057
19007,2017-05-19T00:00:00.000,2.7762
19007,2017-05-20T00:00:00.000,1.8227
19007,2017-05-21T00:00:00.000,1.0544
19007,2017-05-22T00:00:00.000,1.2308
19007,2017-05-23T00:00:00.000,1.5034
19007,2017-05-24T00:00:00.000,1.549
19007,2017-05-25T00:00:00.000,2.7553
19007,2017-05-26T00:00:00.000,2.31
19007,2017-05-27T00:00:00.000,1.7014
19007,2017-05-28T00:00:00.000,1.5289
19007,2017-05-29T00:00:00.000,1.8133
19007,2017-05-30T00:00:00.000,1.6557
19007,2017-05-31T00:00:00.000,2.2558
19007,2017-06-01T00:00:00.000,1.7334
19007,2017-06-02T00:00:00.000,1.6994
19007,2017-06-03T00:00:00.000,1.8574
19007,2017-06-04T00:00:00.000,1.5197
19007,2017-06-05T00:00:00.000,2.1492
19007,2017-06-06T00:00:00.000,1.7361
19007,2017-06-07T00:00:00.000,1.5652
19007,2017-06-08T00:00:00.000,1.994
19007,2017-06-09T00:00:00.000,1.3183
19007,2017-06-10T00:00:00.000,1.321
19007,2017-06-11T00:00:00.000,1.9954
19007,2017-06-12T00:00:00.000,1.702
19007,2017-06-13T00:00:00.000,1.5578
19007,2017-06-14T00:00:00.000,1.436
19007,2017-06-15T00:00:00.000,1.4621
19007,2017-06-16T00:00:00.000,1.8997
19007,2017-06-17T00:00:00.000,2.0506
19007,2017-06-18T00:00:00.000,3.0654
19007,2017-06-19T00:00:00.000,1.6835
19007,2017-06-20T00:00:00.000,1.7678
19007,2017-06-21T00:00:00.000,1.6953
19007,2017-06-22T00:00:00.000,1.8169
19007,2017-06-23T00:00:00.000,2.7277
19007,2017-06-24T00:00:00.000,1.7514
19007,2017-06-25T00:00:00.000,1.9141
19007,2017-06-26T00:00:00.000,2.1821
19007,2017-06-27T00:00:00.000,2.0798
19007,2017-06-28T00:00:00.000,2.5176
19007,2017-06-29T00:00:00.000,1.4949
19007,2017-06-30T00:00:00.000,1.6838
19007,2017-07-01T00:00:00.000,1.5102
19007,2017-07-02T00:00:00.000,1.4893
19007,2017-07-03T00:00:00.000,1.3051
19007,2017-07-04T00:00:00.000,1.9108
19007,2017-07-05T00:00:00.000,1.7242
19007,2017-07-06T00:00:00.000,1.3525
19007,2017-07-07T00:00:00.000,1.5947
19007,2017-07-08T00:00:00.000,1.3455
19007,2017-07-09T00:00:00.000,1.9249
19007,2017-07-10T00:00:00.000,1.7119
19007,2017-07-11T00:00:00.000,1.5313
19007,2017-07-12T00:00:00.000,1.5004
19007,2017-07-13T00:00:00.000,2.1236
19007,2017-07-14T00:00:00.000,2.6436
19007,2017-07-15T00:00:00.000,1.5738
19007,2017-07-16T00:00:00.000,2.7117
19007,2017-07-17T00:00:00.000,1.7919
19007,2017-07-18T00:00:00.000,1.3011
19007,2017-07-19T00:00:00.000,1.5887
19007,2017-07-20T00:00:00.000,1.3933
19007,2017-07-21T00:00:00.000,1.4588
19007,2017-07-22T00:00:00.000,1.2369
19007,2017-07-23T00:00:00.000,1.6615
19007,2017-07-24T00:00:00.000,1.8905
19007,2017-07-25T00:00:00.000,2.4183
19007,2017-07-26T00:00:00.000,3.0193
19007,2017-07-27T00:00:00.000,1.4728
19007,2017-07-28T00:00:00.000,1.2809
19007,2017-07-29T00:00:00.000,1.5368
19007,2017-07-30T00:00:00.000,1.6328
19007,2017-07-31T00:00:00.000,0.9308
19007,2017-08-01T00:00:00.000,1.0206
19007,2017-08-02T00:00:00.000,1.0881
19007,2017-08-03T00:00:00.000,1.2958
19007,2017-08-04T00:00:00.000,1.1792
19007,2017-08-05T00:00:00.000,1.1658
19007,2017-08-06T00:00:00.000,1.9809
19007,2017-08-07T00:00:00.000,2.4221
19007,2017-08-08T00:00:00.000,3.0604
19007,2017-08-09T00:00:00.000,1.4448
19007,2017-08-10T00:00:00.000,1.7444
19007,2017-08-11T00:00:00.000,2.1201
19007,2017-08-12T00:00:00.000,1.929
19007,2017-08-13T00:00:00.000,1.0896
19007,2017-08-14T00:00:00.000,1.2667
19007,2017-08-15T00:00:00.000,1.2415
19007,2017-08-16T00:00:00.000,1.1088
19007,2017-08-17T00:00:00.000,1.3309
19007,2017-08-18T00:00:00.000,1.6644
19007,2017-08-19T00:00:00.000,1.486
19007,2017-08-20T00:00:00.000,1.6074
19007,2017-08-21T00:00:00.000,2.0383
19007,2017-08-22T00:00:00.000,1.7651
19007,2017-08-23T00:00:00.000,1.3978
19007,2017-08-24T00:00:00.000,1.5299
19007,2017-08-25T00:00:00.000,0.915
19007,2017-08-26T00:00:00.000,1.187
19007,2017-08-27T00:00:00.000,1.2699
19007,2017-08-28T00:00:00.000,1.4265
19007,2017-08-29T00:00:00.000,2.1333
19007,2017-08-30T00:00:00.000,1.5228
19007,2017-08-31T00:00:00.000,2.1207
19007,2017-09-01T00:00:00.000,2.09
19007,2017-09-02T00:00:00.000,2.1162
19007,2017-09-03T00:00:00.000,1.1162
19007,2017-09-04T00:00:00.000,1.3785
19007,2017-09-05T00:00:00.000,1.099
19007,2017-09-06T00:00:00.000,0.9726
19007,2017-09-07T00:00:00.000,1.6122
19007,2017-09-08T00:00:00.000,1.9602
19007,2017-09-09T00:00:00.000,2.9955
19007,2017-09-10T00:00:00.000,2.7068
19007,2017-09-11T00:00:00.000,1.0667
19007,2017-09-12T00:00:00.000,2.0587
19007,2017-09-13T00:00:00.000,1.451
19007,2017-09-14T00:00:00.000,1.6535
19007,2017-09-15T00:00:00.000,1.4329
19007,2017-09-16T00:00:00.000,1.5036
19007,2017-09-17T00:00:00.000,1.496
19007,2017-09-18T00:00:00.000,1.2298
19007,2017-09-19T00:00:00.000,1.3068
19007,2017-09-20T00:00:00.000,1.1296
19007,2017-09-21T00:00:00.000,1.0484
19007,2017-09-22T00:00:00.000,1.1721
19007,2017-09-23T00:00:00.000,0.9904
19007,2017-09-24T00:00:00.000,1.5985
19007,2017-09-25T00:00:00.000,1.9386
19007,2017-09-26T00:00:00.000,1.1997
19007,2017-09-27T00:00:00.000,1.1233
19007,2017-09-28T00:00:00.000,1.359
19007,2017-09-29T00:00:00.000,1.5371
19007,2017-09-30T00:00:00.000,1.9622
19007,2017-10-01T00:00:00.000,1.8194
19007,2017-10-02T00:00:00.000,0.9078
19007,2017-10-03T00:00:00.000,0.7965
19007,2017-10-04T00:00:00.000,0.9775
19007,2017-10-05T00:00:00.000,1.3489
19007,2017-10-06T00:00:00.000,2.439
19007,2017-10-07T00:00:00.000,1.4349
19007,2017-10-08T00:00:00.000,1.4705
19007,2017-10-09T00:00:00.000,1.0335
19007,2017-10-10T00:00:00.000,1.0229
19007,2017-10-11T00:00:00.000,0.9041
19007,2017-10-12T00:00:00.000,0.8261
19007,2017-10-13T00:00:00.000,0.8324
19007,2017-10-14T00:00:00.000,0.8753
19007,2017-10-15T00:00:00.000,0.6906
19007,2017-10-16T00:00:00.000,0.6617
19007,2017-10-17T00:00:00.000,0.5954
19007,2017-10-18T00:00:00.000,0.704
19007,2017-10-19T00:00:00.000,1.5121
19007,2017-10-20T00:00:00.000,1.1342
19007,2017-10-21T00:00:00.000,0.8464
19007,2017-10-22T00:00:00.000,1.7513
19007,2017-10-23T00:00:00.000,3.1885
19007,2017-10-24T00:00:00.000,1.2824
19007,2017-10-25T00:00:00.000,1.2608
19007,2017-10-26T00:00:00.000,0.8156
19007,2017-10-27T00:00:00.000,1.8651
19007,2017-10-28T00:00:00.000,1.4123
19007,2017-10-29T00:00:00.000,2.5426
19007,2017-10-30T00:00:00.000,1.7131
19007,2017-10-31T00:00:00.000,1.3196
19007,2017-11-01T00:00:00.000,0.836
19007,2017-11-02T00:00:00.000,0.9904
19007,2017-11-03T00:00:00.000,1.0594
19007,2017-11-04T00:00:00.000,1.221
19007,2017-11-05T00:00:00.000,2.8634
19007,2017-11-06T00:00:00.000,1.4536
19007,2017-11-07T00:00:00.000,1.0789
19007,2017-11-08T00:00:00.000,1.1003
19007,2017-11-09T00:00:00.000,1.3415
19007,2017-11-10T00:00:00.000,1.1028
19007,2017-11-11T00:00:00.000,1.0259
19007,2017-11-12T00:00:00.000,1.4399
19007,2017-11-13T00:00:00.000,2.2555
19007,2017-11-14T00:00:00.000,1.1607
19007,2017-11-15T00:00:00.000,0.9559
19007,2017-11-16T00:00:00.000,0.7265
19007,2017-11-17T00:00:00.000,0.8562
19007,2017-11-18T00:00:00.000,0.7462
19007,2017-11-19T00:00:00.000,1.1467
19007,2017-11-20T00:00:00.000,1.1522
19007,2017-11-21T00:00:00.000,1.1546
19007,2017-11-22T00:00:00.000,1.2399
19007,2017-11-23T00:00:00.000,1.0644
19007,2017-11-24T00:00:00.000,0.8845
19007,2017-11-25T00:00:00.000,1.4026
19007,2017-11-26T00:00:00.000,3.2465
19007,2017-11-27T00:00:00.000,0.9587
19007,2017-11-28T00:00:00.000,1.1642
19007,2017-11-29T00:00:00.000,1.1003
19007,2017-11-30T00:00:00.000,2.1877
19007,2017-12-01T00:00:00.000,2.0472
19007,2017-12-02T00:00:00.000,1.5017
19007,2017-12-03T00:00:00.000,0.9681
19007,2017-12-04T00:00:00.000,1.0974
19007,2017-12-05T00:00:00.000,1.0097
19007,2017-12-06T00:00:00.000,1.0522
19007,2017-12-07T00:00:00.000,0.8989
19007,2017-12-08T00:00:00.000,1.3684
19007,2017-12-09T00:00:00.000,3.1921
19007,2017-12-10T00:00:00.000,1.2481
19007,2017-12-11T00:00:00.000,1.0127
19007,2017-12-12T00:00:00.000,1.1726
19007,2017-12-13T00:00:00.000,1.1621
19007,2017-12-14T00:00:00.000,1.3084
19007,2017-12-15T00:00:00.000,1.7851
19007,2017-12-16T00:00:00.000,1.526
19007,2017-12-17T00:00:00.000,1.5523
19007,2017-12-18T00:00:00.000,1.1041
19007,2017-12-19T00:00:00.000,1.2019
19007,2017-12-20T00:00:00.000,1.4101
19007,2017-12-21T00:00:00.000,0.9078
19007,2017-12-22T00:00:00.000,1.2323
19007,2017-12-23T00:00:00.000,0.9256
19007,2017-12-24T00:00:00.000,1.2047
19007,2017-12-25T00:00:00.000,0.8871
19007,2017-12-26T00:00:00.000,1.6701
19007,2017-12-27T00:00:00.000,2.0797
19007,2017-12-28T00:00:00.000,3.2554
19007,2017-12-29T00:00:00.000,1.6244
19007,2017-12-30T00:00:00.000,1.4169
19007,2017-12-31T00:00:00.000,1.0381
19007,2018-01-01T00:00:00.000,1.2188
19007,2018-01-02T00:00:00.000,1.8706
19007,2018-01-03T00:00:00.000,1.3306
19007,2018-01-04T00:00:00.000,1.3822
19007,2018-01-05T00:00:00.000,1.2994
19007,2018-01-06T00:00:00.000,0.8562
19007,2018-01-07T00:00:00.000,1.8639
19007,2018-01-08T00:00:00.000,3.3591
19007,2018-01-09T00:00:00.000,2.6013
19007,2018-01-10T00:00:00.000,1.2903
19007,2018-01-11T00:00:00.000,1.104
19007,2018-01-12T00:00:00.000,1.2329
19007,2018-01-13T00:00:00.000,0.9353
19007,2018-01-14T00:00:00.000,1.3191
19007,2018-01-15T00:00:00.000,1.0212
19007,2018-01-16T00:00:00.000,1.3105
19007,2018-01-17T00:00:00.000,1.9512
19007,2018-01-18T00:00:00.000,1.4908
19007,2018-01-19T00:00:00.000,1.1098
19007,2018-01-20T00:00:00.000,1.5003
19007,2018-01-21T00:00:00.000,2.5479
19007,2018-01-22T00:00:00.000,1.3622
19007,2018-01-23T00:00:00.000,1.4747
19007,2018-01-24T00:00:00.000,1.161
19007,2018-01-25T00:00:00.000,1.062
19007,2018-01-26T00:00:00.000,1.521
19007,2018-01-27T00:00:00.000,1.3658
19007,2018-01-28T00:00:00.000,0.894
19007,2018-01-29T00:00:00.000,0.8544
19007,2018-01-30T00:00:00.000,1.3865
19007,2018-01-31T00:00:00.000,1.0009
19007,2018-02-01T00:00:00.000,1.9381
19007,2018-02-02T00:00:00.000,1.3962
19007,2018-02-03T00:00:00.000,1.5024
19007,2018-02-04T00:00:00.000,1.6049
19007,2018-02-05T00:00:00.000,1.8947
19007,2018-02-06T00:00:00.000,1.4194
19007,2018-02-07T00:00:00.000,1.2672
19007,2018-02-08T00:00:00.000,1.0248
19007,2018-02-09T00:00:00.000,1.1794
19007,2018-02-10T00:00:00.000,1.2255
19007,2018-02-11T00:00:00.000,1.6102
19007,2018-02-12T00:00:00.000,1.7492
19007,2018-02-13T00:00:00.000,1.3947
19007,2018-02-14T00:00:00.000,1.2175
19007,2018-02-15T00:00:00.000,1.3704
19007,2018-02-16T00:00:00.000,1.1558
19007,2018-02-17T00:00:00.000,1.1171
19007,2018-02-18T00:00:00.000,1.678
19007,2018-02-19T00:00:00.000,1.411
19007,2018-02-20T00:00:00.000,1.3095
19007,2018-02-21T00:00:00.000,1.3991
19007,2018-02-22T00:00:00.000,1.2261
19007,2018-02-23T00:00:00.000,1.3766
19007,2018-02-24T00:00:00.000,1.1954
19007,2018-02-25T00:00:00.000,3.516
19007,2018-02-26T00:00:00.000,2.1196
19007,2018-02-27T00:00:00.000,1.3232
19007,2018-02-28T00:00:00.000,2.0054
19007,2018-03-01T00:00:00.000,1.4267
19007,2018-03-02T00:00:00.000,1.3129
19007,2018-03-03T00:00:00.000,1.4879
19007,2018-03-04T00:00:00.000,1.3975
19007,2018-03-05T00:00:00.000,0.9597
19007,2018-03-06T00:00:00.000,1.0261
19007,2018-03-07T00:00:00.000,1.509
19007,2018-03-08T00:00:00.000,1.1838
19007,2018-03-09T00:00:00.000,1.2786
19007,2018-03-10T00:00:00.000,1.1731
19007,2018-03-11T00:00:00.000,1.4111
19007,2018-03-12T00:00:00.000,1.0363
19007,2018-03-13T00:00:00.000,1.0943
19007,2018-03-14T00:00:00.000,1.3816
19007,2018-03-15T00:00:00.000,2.1929
19007,2018-03-16T00:00:00.000,1.4606
19007,2018-03-17T00:00:00.000,2.0944
19007,2018-03-18T00:00:00.000,2.0282
19007,2018-03-19T00:00:00.000,1.8692
19007,2018-03-20T00:00:00.000,1.8782
19007,2018-03-21T00:00:00.000,1.7997
19007,2018-03-22T00:00:00.000,1.6865
19007,2018-03-23T00:00:00.000,1.7256
19007,2018-03-24T00:00:00.000,2.2598
19007,2018-03-25T00:00:00.000,1.6412
19007,2018-03-26T00:00:00.000,1.015
19007,2018-03-27T00:00:00.000,1.1556
19007,2018-03-28T00:00:00.000,1.5635
19007,2018-03-29T00:00:00.000,1.9892
19007,2018-03-30T00:00:00.000,2.5622
19007,2018-03-31T00:00:00.000,2.0669
19007,2018-04-01T00:00:00.000,2.3016
19007,2018-04-02T00:00:00.000,1.4122
19007,2018-04-03T00:00:00.000,1.3903
19007,2018-04-04T00:00:00.000,1.9976
19007,2018-04-05T00:00:00.000,1.4094
19007,2018-04-06T00:00:00.000,1.6204
19007,2018-04-07T00:00:00.000,1.7126
19007,2018-04-08T00:00:00.000,2.4176
19007,2018-04-09T00:00:00.000,1.9492
19007,2018-04-10T00:00:00.000,1.5451
19007,2018-04-11T00:00:00.000,1.8369
19007,2018-04-12T00:00:00.000,1.9362
19007,2018-04-13T00:00:00.000,1.2185
19007,2018-04-14T00:00:00.000,0.9841
19007,2018-04-15T00:00:00.000,1.1731
19007,2018-04-16T00:00:00.000,0.9019
19007,2018-04-17T00:00:00.000,1.6375
19007,2018-04-18T00:00:00.000,1.2894
19007,2018-04-19T00:00:00.000,1.4829
19007,2018-04-20T00:00:00.000,1.0978
19007,2018-04-21T00:00:00.000,1.1369
19007,2018-04-22T00:00:00.000,1.704
19007,2018-04-23T00:00:00.000,1.7436
19007,2018-04-24T00:00:00.000,1.4077
19007,2018-04-25T00:00:00.000,1.7102
19007,2018-04-26T00:00:00.000,1.6943
19007,2018-04-27T00:00:00.000,2.5442
19007,2018-04-28T00:00:00.000,1.4172
19007,2018-04-29T00:00:00.000,2.8592
19007,2018-04-30T00:00:00.000,1.9962
19007,2018-05-01T00:00:00.000,2.0208
19007,2018-05-02T00:00:00.000,2.0171
19007,2018-05-03T00:00:00.000,1.2729
19007,2018-05-04T00:00:00.000,1.4735
19007,2018-05-05T00:00:00.000,1.2867
19007,2018-05-06T00:00:00.000,1.2273
19007,2018-05-07T00:00:00.000,1.4698
19007,2018-05-08T00:00:00.000,1.5606
19007,2018-05-09T00:00:00.000,1.5549
19007,2018-05-10T00:00:00.000,1.0007
19007,2018-05-11T00:00:00.000,1.6264
19007,2018-05-12T00:00:00.000,1.1778
19007,2018-05-13T00:00:00.000,1.7622
19007,2018-05-14T00:00:00.000,2.1843
19007,2018-05-15T00:00:00.000,1.967
19007,2018-05-16T00:00:00.000,1.253
19007,2018-05-17T00:00:00.000,1.2871
19007,2018-05-18T00:00:00.000,1.4375
19007,2018-05-19T00:00:00.000,1.5556
19007,2018-05-20T00:00:00.000,2.2774
19007,2018-05-21T00:00:00.000,1.5977
19007,2018-05-22T00:00:00.000,1.3342
19007,2018-05-23T00:00:00.000,1.0891
19007,2018-05-24T00:00:00.000,0.9976
19007,2018-05-25T00:00:00.000,1.1334
19007,2018-05-26T00:00:00.000,1.5688
19007,2018-05-27T00:00:00.000,1.7307
19007,2018-05-28T00:00:00.000,1.8158
19007,2018-05-29T00:00:00.000,1.3774
19007,2018-05-30T00:00:00.000,1.4023
19007,2018-05-31T00:00:00.000,1.6599
19007,2018-06-01T00:00:00.000,2.1645
19007,2018-06-02T00:00:00.000,1.6744
19007,2018-06-03T00:00:00.000,1.2574
19007,2018-06-04T00:00:00.000,1.5649
19007,2018-06-05T00:00:00.000,1.6707
19007,2018-06-06T00:00:00.000,1.8534
19007,2018-06-07T00:00:00.000,1.5945
19007,2018-06-08T00:00:00.000,1.4269
19007,2018-06-09T00:00:00.000,1.7863
19007,2018-06-10T00:00:00.000,1.7681
19007,2018-06-11T00:00:00.000,1.1894
19007,2018-06-12T00:00:00.000,1.4681
19007,2018-06-13T00:00:00.000,1.5208
19007,2018-06-14T00:00:00.000,1.1865
19007,2018-06-15T00:00:00.000,1.9462
19007,2018-06-16T00:00:00.000,1.747
19007,2018-06-17T00:00:00.000,1.3029
19007,2018-06-18T00:00:00.000,1.7599
19007,2018-06-19T00:00:00.000,1.6831
19007,2018-06-20T00:00:00.000,1.7681
19007,2018-06-21T00:00:00.000,1.6089
19007,2018-06-22T00:00:00.000,3.1944
19007,2018-06-23T00:00:00.000,2.203
19007,2018-06-24T00:00:00.000,1.841
19007,2018-06-25T00:00:00.000,2.8303
19007,2018-06-26T00:00:00.000,1.8924
19007,2018-06-27T00:00:00.000,1.8641
19007,2018-06-28T00:00:00.000,1.4778
19007,2018-06-29T00:00:00.000,1.7008
19007,2018-06-30T00:00:00.000,1.6219
19007,2018-07-01T00:00:00.000,1.9201
19007,2018-07-02T00:00:00.000,2.1417
19007,2018-07-03T00:00:00.000,1.6994
19007,2018-07-04T00:00:00.000,1.9297
19007,2018-07-05T00:00:00.000,1.7972
19007,2018-07-06T00:00:00.000,1.342
19007,2018-07-07T00:00:00.000,1.2852
19007,2018-07-08T00:00:00.000,1.9025
19007,2018-07-09T00:00:00.000,2.1151
19007,2018-07-10T00:00:00.000,2.0728
19007,2018-07-11T00:00:00.000,2.9713
19007,2018-07-12T00:00:00.000,1.975
19007,2018-07-13T00:00:00.000,1.1775
19007,2018-07-14T00:00:00.000,1.5811
19007,2018-07-15T00:00:00.000,1.466
19007,2018-07-16T00:00:00.000,2.1962
19007,2018-07-17T00:00:00.000,1.0503
19007,2018-07-26T00:00:00.000,2.7642
19007,2018-07-27T00:00:00.000,1.2879
19007,2018-07-28T00:00:00.000,1.6362
19007,2018-07-29T00:00:00.000,1.0877
19007,2018-07-30T00:00:00.000,1.0591
19007,2018-07-31T00:00:00.000,1.3385
19007,2018-08-01T00:00:00.000,1.8727
19007,2018-08-02T00:00:00.000,2.0219
19007,2018-08-03T00:00:00.000,1.4627
19007,2018-08-04T00:00:00.000,1.5615
19007,2018-08-05T00:00:00.000,1.1385
19007,2018-08-06T00:00:00.000,1.6933
19007,2018-08-07T00:00:00.000,1.8428
19007,2018-08-08T00:00:00.000,1.3716
19007,2018-08-09T00:00:00.000,1.515
19007,2018-08-10T00:00:00.000,1.4332
19007,2018-08-11T00:00:00.000,1.3981
19007,2018-08-12T00:00:00.000,2.3003
19007,2018-08-13T00:00:00.000,1.3338
19007,2018-08-14T00:00:00.000,1.2182
19007,2018-08-15T00:00:00.000,1.3548
19007,2018-08-16T00:00:00.000,1.6733
19007,2018-08-17T00:00:00.000,1.2233
19007,2018-08-18T00:00:00.000,1.3341
19007,2018-08-19T00:00:00.000,0.9146
19007,2018-08-20T00:00:00.000,1.0005
19007,2018-08-21T00:00:00.000,1.0751
19007,2018-08-22T00:00:00.000,1.0897
19007,2018-08-23T00:00:00.000,1.3663
19007,2018-08-24T00:00:00.000,1.5956
19007,2018-08-25T00:00:00.000,2.2581
19007,2018-08-26T00:00:00.000,1.887
19007,2018-08-27T00:00:00.000,1.3977
19007,2018-08-28T00:00:00.000,1.0237
19007,2018-08-29T00:00:00.000,0.871
19007,2018-08-30T00:00:00.000,1.5615
19007,2018-08-31T00:00:00.000,2.3147
19007,2018-09-01T00:00:00.000,1.3051
19007,2018-09-02T00:00:00.000,1.6665
19007,2018-09-03T00:00:00.000,1.2632
19007,2018-09-04T00:00:00.000,1.0297
19007,2018-09-05T00:00:00.000,0.9307
19007,2018-09-06T00:00:00.000,1.566
19007,2018-09-07T00:00:00.000,1.0792
19007,2018-09-08T00:00:00.000,1.029
19007,2018-09-09T00:00:00.000,0.9999
19007,2018-09-10T00:00:00.000,1.0014
19007,2018-09-11T00:00:00.000,1.0899
19007,2018-09-12T00:00:00.000,1.0982
19007,2018-09-13T00:00:00.000,1.5997
19007,2018-09-14T00:00:00.000,1.2646
19007,2018-09-15T00:00:00.000,1.5812
19007,2018-09-16T00:00:00.000,1.9165
19007,2018-09-17T00:00:00.000,1.1251
19007,2018-09-18T00:00:00.000,1.0354
19007,2018-09-19T00:00:00.000,0.9077
19007,2018-09-20T00:00:00.000,0.9031
19007,2018-09-21T00:00:00.000,0.853
19007,2018-09-22T00:00:00.000,1.3281
19007,2018-09-23T00:00:00.000,1.6747
19007,2018-09-24T00:00:00.000,3.1728
19007,2018-09-25T00:00:00.000,2.5501
19007,2018-09-26T00:00:00.000,1.9372
19007,2018-09-27T00:00:00.000,0.7504
19007,2018-09-28T00:00:00.000,0.7315
19007,2018-09-29T00:00:00.000,1.5344
19007,2018-09-30T00:00:00.000,2.0211
19007,2018-10-01T00:00:00.000,1.4046
19007,2018-10-02T00:00:00.000,0.9358
19007,2018-10-03T00:00:00.000,0.8914
19007,2018-10-04T00:00:00.000,1.0166
19007,2018-10-05T00:00:00.000,1.1092
19007,2018-10-06T00:00:00.000,1.249
19007,2018-10-07T00:00:00.000,0.8554
19007,2018-10-08T00:00:00.000,0.9988
19007,2018-10-09T00:00:00.000,0.8905
19007,2018-10-10T00:00:00.000,2.04
19007,2018-10-11T00:00:00.000,1.933
19007,2018-10-12T00:00:00.000,1.0878
19007,2018-10-13T00:00:00.000,1.1914
19007,2018-10-14T00:00:00.000,1.263
19007,2018-10-15T00:00:00.000,1.6867
19007,2018-10-16T00:00:00.000,1.1679
19007,2018-10-17T00:00:00.000,0.7822
19007,2018-10-18T00:00:00.000,0.7324
19007,2018-10-19T00:00:00.000,1.0365
19007,2018-10-20T00:00:00.000,0.8259
19007,2018-10-21T00:00:00.000,2.2192
19007,2018-10-22T00:00:00.000,1.2448
19007,2018-10-23T00:00:00.000,1.348
19007,2018-10-24T00:00:00.000,3.1539
19007,2018-10-25T00:00:00.000,2.1749
19007,2018-10-26T00:00:00.000,1.6577
19007,2018-10-27T00:00:00.000,3.1353
19007,2018-10-28T00:00:00.000,2.7589
19007,2018-10-29T00:00:00.000,4.5019
19007,2018-10-30T00:00:00.000,2.8315
19007,2018-10-31T00:00:00.000,2.0906
19007,2018-11-01T00:00:00.000,2.0446
19007,2018-11-02T00:00:00.000,0.8374
19007,2018-11-03T00:00:00.000,1.1894
19007,2018-11-04T00:00:00.000,1.3366
19007,2018-11-05T00:00:00.000,2.1283
19007,2018-11-06T00:00:00.000,3.4122
19007,2018-11-07T00:00:00.000,1.3253
19007,2018-11-08T00:00:00.000,1.0251
19007,2018-11-09T00:00:00.000,1.1469
19007,2018-11-10T00:00:00.000,2.204
19007,2018-11-11T00:00:00.000,1.9474
19007,2018-11-12T00:00:00.000,1.1131
19007,2018-11-13T00:00:00.000,1.3185
19007,2018-11-14T00:00:00.000,1.1268
19007,2018-11-15T00:00:00.000,1.0547
19007,2018-11-16T00:00:00.000,2.4649
19007,2018-11-17T00:00:00.000,1.5675
19007,2018-11-18T00:00:00.000,1.5012
19007,2018-11-19T00:00:00.000,2.1843
19007,2018-11-20T00:00:00.000,1.0279
19007,2018-11-21T00:00:00.000,1.435
19007,2018-11-22T00:00:00.000,0.8389
19007,2018-11-23T00:00:00.000,1.334
19007,2018-11-24T00:00:00.000,1.2198
19007,2018-11-25T00:00:00.000,1.094
19007,2018-11-26T00:00:00.000,1.1657
19007,2018-11-27T00:00:00.000,1.0386
19007,2018-11-28T00:00:00.000,1.1564
19007,2018-11-29T00:00:00.000,1.8068
19007,2018-11-30T00:00:00.000,1.0581
19007,2018-12-01T00:00:00.000,1.0099
19007,2018-12-02T00:00:00.000,1.4437
19007,2018-12-03T00:00:00.000,1.118
19007,2018-12-04T00:00:00.000,1.3664
19007,2018-12-05T00:00:00.000,1.3996
19007,2018-12-06T00:00:00.000,1.0165
19007,2018-12-07T00:00:00.000,0.7098
19007,2018-12-08T00:00:00.000,2.4291
19007,2018-12-09T00:00:00.000,1.817
19007,2018-12-10T00:00:00.000,3.7212
19007,2018-12-11T00:00:00.000,1.6885
19007,2018-12-12T00:00:00.000,0.9613
19007,2018-12-13T00:00:00.000,1.4886
19007,2018-12-14T00:00:00.000,1.0551
19007,2018-12-15T00:00:00.000,1.1519
19007,2018-12-16T00:00:00.000,1.1707
19007,2018-12-17T00:00:00.000,1.4581
19007,2018-12-18T00:00:00.000,1.1244
19007,2018-12-19T00:00:00.000,1.2392
19007,2018-12-20T00:00:00.000,1.4927
19007,2018-12-21T00:00:00.000,1.5408
19007,2018-12-22T00:00:00.000,1.3606
19007,2018-12-23T00:00:00.000,0.937
19007,2018-12-24T00:00:00.000,1.7803
19007,2018-12-25T00:00:00.000,1.3608
19007,2018-12-26T00:00:00.000,1.3175
19007,2018-12-27T00:00:00.000,1.0356
19007,2018-12-28T00:00:00.000,0.9019
19007,2018-12-29T00:00:00.000,0.8831
19007,2018-12-30T00:00:00.000,1.7733
19007,2018-12-31T00:00:00.000,1.4889
19007,2019-01-01T00:00:00.000,1.5547
19007,2019-01-02T00:00:00.000,3.1633
19007,2019-01-03T00:00:00.000,1.6917
19007,2019-01-04T00:00:00.000,0.9924
19007,2019-01-05T00:00:00.000,1.2272
19007,2019-01-06T00:00:00.000,1.3509
19007,2019-01-07T00:00:00.000,1.565
19007,2019-01-08T00:00:00.000,1.2418
19007,2019-01-09T00:00:00.000,3.3468
19007,2019-01-10T00:00:00.000,1.879
19007,2019-01-11T00:00:00.000,1.0278
19007,2019-01-12T00:00:00.000,0.7989
19007,2019-01-13T00:00:00.000,1.2865
19007,2019-01-14T00:00:00.000,3.9399
19007,2019-01-15T00:00:00.000,1.2022
19007,2019-01-16T00:00:00.000,0.7427
19007,2019-01-17T00:00:00.000,1.214
19007,2019-01-18T00:00:00.000,1.8447
19007,2019-01-19T00:00:00.000,1.6765
19007,2019-01-20T00:00:00.000,0.8832
19007,2019-01-21T00:00:00.000,1.0273
19007,2019-01-22T00:00:00.000,0.9209
19007,2019-01-23T00:00:00.000,1.9353
19007,2019-01-24T00:00:00.000,1.1471
19007,2019-01-25T00:00:00.000,1.1467
19007,2019-01-26T00:00:00.000,1.1433
19007,2019-01-27T00:00:00.000,1.6227
19007,2019-01-28T00:00:00.000,2.1055
19007,2019-01-29T00:00:00.000,1.5034
19007,2019-01-30T00:00:00.000,1.7903
19007,2019-01-31T00:00:00.000,1.0987
19007,2019-02-01T00:00:00.000,1.0471
19007,2019-02-02T00:00:00.000,1.2673
19007,2019-02-03T00:00:00.000,1.0194
19007,2019-02-04T00:00:00.000,1.0138
19007,2019-02-05T00:00:00.000,0.9122
19007,2019-02-06T00:00:00.000,0.8647
19007,2019-02-07T00:00:00.000,0.8058
19007,2019-02-08T00:00:00.000,0.7317
19007,2019-02-09T00:00:00.000,1.069
19007,2019-02-10T00:00:00.000,1.4697
19007,2019-02-11T00:00:00.000,3.9569
19007,2019-02-12T00:00:00.000,2.8319
19007,2019-02-13T00:00:00.000,1.6038
19007,2019-02-14T00:00:00.000,1.1199
19007,2019-02-15T00:00:00.000,1.0667
19007,2019-02-16T00:00:00.000,0.9933
19007,2019-02-17T00:00:00.000,0.8226
19007,2019-02-18T00:00:00.000,1.5291
19007,2019-02-19T00:00:00.000,1.7349
19007,2019-02-20T00:00:00.000,1.2676
19007,2019-02-21T00:00:00.000,1.1226
19007,2019-02-22T00:00:00.000,1.3665
19007,2019-02-23T00:00:00.000,2.8824
19007,2019-02-24T00:00:00.000,1.3199
19007,2019-02-25T00:00:00.000,1.1374
19007,2019-02-26T00:00:00.000,0.9272
19007,2019-02-27T00:00:00.000,0.8265
19007,2019-02-28T00:00:00.000,1.8819
19007,2019-03-01T00:00:00.000,1.2797
19007,2019-03-02T00:00:00.000,0.9921
19007,2019-03-03T00:00:00.000,1.2966
19007,2019-03-04T00:00:00.000,1.3924
19007,2019-03-05T00:00:00.000,1.1193
19007,2019-03-06T00:00:00.000,1.6578
19007,2019-03-07T00:00:00.000,2.3629
19007,2019-03-08T00:00:00.000,0.9136
19007,2019-03-12T00:00:00.000,1.6164
19007,2019-03-13T00:00:00.000,1.8429
19007,2019-03-14T00:00:00.000,1.447
19007,2019-03-15T00:00:00.000,1.9449
19007,2019-03-16T00:00:00.000,2.1495
19007,2019-03-17T00:00:00.000,1.1173
19007,2019-03-18T00:00:00.000,3.1128
19007,2019-03-19T00:00:00.000,1.8225
19007,2019-03-20T00:00:00.000,1.5911
19007,2019-03-21T00:00:00.000,1.2494
19007,2019-03-22T00:00:00.000,0.8551
19007,2019-03-23T00:00:00.000,0.8967
19007,2019-03-24T00:00:00.000,1.0865
19007,2019-03-25T00:00:00.000,3.1742
19007,2019-03-26T00:00:00.000,2.5479
19007,2019-03-27T00:00:00.000,1.9952
19007,2019-03-28T00:00:00.000,1.8523
19007,2019-03-29T00:00:00.000,1.3135
19007,2019-03-30T00:00:00.000,0.9993
19007,2019-03-31T00:00:00.000,0.8751
19007,2019-04-01T00:00:00.000,1.1625
19007,2019-04-02T00:00:00.000,1.8497
19007,2019-04-03T00:00:00.000,2.6442
19007,2019-04-04T00:00:00.000,3.7814
19007,2019-04-05T00:00:00.000,1.476
19007,2019-04-06T00:00:00.000,1.9192
19007,2019-04-07T00:00:00.000,1.618
19007,2019-04-08T00:00:00.000,1.7135
19007,2019-04-09T00:00:00.000,1.8235
19007,2019-04-10T00:00:00.000,1.2953
19007,2019-04-11T00:00:00.000,1.2483
19007,2019-04-12T00:00:00.000,1.5291
19007,2019-04-13T00:00:00.000,2.8818
19007,2019-04-14T00:00:00.000,2.1461
19007,2019-04-15T00:00:00.000,1.1452
19007,2019-04-16T00:00:00.000,1.129
19007,2019-04-17T00:00:00.000,1.0317
19007,2019-04-18T00:00:00.000,2.5456
19007,2019-04-19T00:00:00.000,1.6951
19007,2019-04-20T00:00:00.000,1.3351
19007,2019-04-21T00:00:00.000,1.5616
19007,2019-04-22T00:00:00.000,2.7645
19007,2019-04-23T00:00:00.000,2.7325
19007,2019-04-24T00:00:00.000,2.4359
19007,2019-04-25T00:00:00.000,1.8088
19007,2019-04-26T00:00:00.000,2.9549
19007,2019-04-27T00:00:00.000,1.9556
19007,2019-04-28T00:00:00.000,2.8133
19007,2019-04-29T00:00:00.000,1.8218
19007,2019-04-30T00:00:00.000,1.5669
19007,2019-05-01T00:00:00.000,1.3726
19007,2019-05-02T00:00:00.000,2.2085
19007,2019-05-03T00:00:00.000,1.3197
19007,2019-05-04T00:00:00.000,1.476
19007,2019-05-05T00:00:00.000,2.1653
19007,2019-05-06T00:00:00.000,1.344
19007,2019-05-07T00:00:00.000,1.6851
19007,2019-05-08T00:00:00.000,2.1688
19007,2019-05-09T00:00:00.000,1.2598
19007,2019-05-10T00:00:00.000,1.5192
19007,2019-05-11T00:00:00.000,1.5476
19007,2019-05-12T00:00:00.000,1.5984
19007,2019-05-13T00:00:00.000,1.6563
19007,2019-05-14T00:00:00.000,2.7883
19007,2019-05-15T00:00:00.000,1.8265
19007,2019-05-16T00:00:00.000,1.4884
19007,2019-05-17T00:00:00.000,2.4581
19007,2019-05-18T00:00:00.000,1.7401
19007,2019-05-19T00:00:00.000,0.8175
19007,2019-05-20T00:00:00.000,1.3732
19007,2019-05-21T00:00:00.000,2.3377
19007,2019-05-22T00:00:00.000,1.6589
19007,2019-05-23T00:00:00.000,1.3207
19007,2019-05-24T00:00:00.000,1.2779
19007,2019-05-25T00:00:00.000,1.6188
19007,2019-05-26T00:00:00.000,1.2682
19007,2019-05-27T00:00:00.000,1.7743
19007,2019-05-28T00:00:00.000,1.4551
19007,2019-05-29T00:00:00.000,1.3978
19007,2019-05-30T00:00:00.000,1.8566
19007,2019-05-31T00:00:00.000,1.7583
19007,2019-06-01T00:00:00.000,1.1777
19007,2019-06-02T00:00:00.000,1.1338
19007,2019-06-03T00:00:00.000,1.4551
19007,2019-06-04T00:00:00.000,1.3549
19007,2019-06-05T00:00:00.000,1.676
19007,2019-06-06T00:00:00.000,2.1884
19007,2019-06-07T00:00:00.000,1.4794
19007,2019-06-08T00:00:00.000,1.3215
19007,2019-06-09T00:00:00.000,1.6122
19007,2019-06-10T00:00:00.000,1.9991
19007,2019-06-11T00:00:00.000,1.4147
19007,2019-06-12T00:00:00.000,1.7652
19007,2019-06-13T00:00:00.000,1.6187
19007,2019-06-14T00:00:00.000,1.5005
19007,2019-06-15T00:00:00.000,1.8021
19007,2019-06-16T00:00:00.000,2.0483
19007,2019-06-17T00:00:00.000,1.9208
19007,2019-06-18T00:00:00.000,1.4884
19007,2019-06-19T00:00:00.000,1.7182
19007,2019-06-20T00:00:00.000,1.7433
19007,2019-06-21T00:00:00.000,1.5578
19007,2019-06-22T00:00:00.000,1.9017
19007,2019-06-23T00:00:00.000,1.1503
19007,2019-06-24T00:00:00.000,1.2824
19007,2019-06-25T00:00:00.000,1.5886
19007,2019-06-26T00:00:00.000,1.2169
19007,2019-06-27T00:00:00.000,1.7938
19007,2019-06-28T00:00:00.000,2.2251
19007,2019-06-29T00:00:00.000,2.9765
19007,2019-06-30T00:00:00.000,1.434
19007,2019-07-01T00:00:00.000,2.006
19007,2019-07-02T00:00:00.000,2.0499
19007,2019-07-03T00:00:00.000,2.2734
19007,2019-07-04T00:00:00.000,1.3741
19007,2019-07-05T00:00:00.000,1.7466
19007,2019-07-06T00:00:00.000,1.7168
19007,2019-07-07T00:00:00.000,2.0215
19007,2019-07-08T00:00:00.000,1.8094
19007,2019-07-09T00:00:00.000,2.5444
19007,2019-07-10T00:00:00.000,2.536
19007,2019-07-11T00:00:00.000,2.0024
19007,2019-07-12T00:00:00.000,1.7786
19007,2019-07-13T00:00:00.000,1.9181
19007,2019-07-14T00:00:00.000,2.1623
19007,2019-07-15T00:00:00.000,2.1116
19007,2019-07-16T00:00:00.000,0.9455
19007,2019-07-17T00:00:00.000,1.4544
19007,2019-07-18T00:00:00.000,1.9902
19007,2019-07-19T00:00:00.000,1.3623
19007,2019-07-20T00:00:00.000,1.6115
19007,2019-07-21T00:00:00.000,1.5635
19007,2019-07-22T00:00:00.000,1.1237
19007,2019-07-23T00:00:00.000,1.301
19007,2019-07-24T00:00:00.000,1.3835
19007,2019-07-25T00:00:00.000,1.5472
19007,2019-07-26T00:00:00.000,1.642
19007,2019-07-27T00:00:00.000,2.279
19007,2019-07-28T00:00:00.000,1.8317
19007,2019-07-29T00:00:00.000,1.5382
19007,2019-07-30T00:00:00.000,1.6447
19007,2019-07-31T00:00:00.000,1.4588
19007,2019-08-01T00:00:00.000,1.337
19007,2019-08-02T00:00:00.000,1.6944
19007,2019-08-03T00:00:00.000,1.3477
19007,2019-08-04T00:00:00.000,1.9173
19007,2019-08-05T00:00:00.000,1.6925
19007,2019-08-06T00:00:00.000,1.5362
19007,2019-08-07T00:00:00.000,2.3378
19007,2019-08-08T00:00:00.000,0.9851
19007,2019-08-09T00:00:00.000,1.4226
19007,2019-08-10T00:00:00.000,1.2322
19007,2019-08-11T00:00:00.000,1.8634
19007,2019-08-12T00:00:00.000,2.0205
19007,2019-08-13T00:00:00.000,1.5084
19007,2019-08-14T00:00:00.000,1.7844
19007,2019-08-15T00:00:00.000,1.8079
19007,2019-08-16T00:00:00.000,1.7486
19007,2019-08-17T00:00:00.000,1.4373
19007,2019-08-18T00:00:00.000,1.1906
19007,2019-08-19T00:00:00.000,1.1777
19007,2019-08-20T00:00:00.000,1.744
19007,2019-08-21T00:00:00.000,1.4391
19007,2019-08-22T00:00:00.000,1.7987
19007,2019-08-23T00:00:00.000,1.5131
19007,2019-08-24T00:00:00.000,1.1003
19007,2019-08-25T00:00:00.000,1.188
19007,2019-08-26T00:00:00.000,1.4246
19007,2019-08-27T00:00:00.000,1.2272
19007,2019-08-28T00:00:00.000,2.1753
19007,2019-08-29T00:00:00.000,1.2813
19007,2019-08-30T00:00:00.000,1.1164
19007,2019-08-31T00:00:00.000,1.638
19007,2019-09-01T00:00:00.000,0.899
19007,2019-09-02T00:00:00.000,1.4206
19007,2019-09-03T00:00:00.000,1.8609
19007,2019-09-04T00:00:00.000,1.7147
19007,2019-09-05T00:00:00.000,2.2294
19007,2019-09-06T00:00:00.000,1.5402
19007,2019-09-07T00:00:00.000,1.0899
19007,2019-09-08T00:00:00.000,1.8817
19007,2019-09-09T00:00:00.000,1.2153
19007,2019-09-10T00:00:00.000,1.4233
19007,2019-09-11T00:00:00.000,0.9825
19007,2019-09-12T00:00:00.000,0.9369
19007,2019-09-13T00:00:00.000,1.1128
19007,2019-09-14T00:00:00.000,1.2793
19007,2019-09-15T00:00:00.000,0.8328
19007,2019-09-16T00:00:00.000,1.1251
19007,2019-09-17T00:00:00.000,1.5303
19007,2019-09-18T00:00:00.000,1.8101
19007,2019-09-19T00:00:00.000,2.6102
19007,2019-09-20T00:00:00.000,2.3318
19007,2019-09-21T00:00:00.000,1.392
19007,2019-09-22T00:00:00.000,1.2217
19007,2019-09-23T00:00:00.000,1.1082
19007,2019-09-24T00:00:00.000,0.9121
19007,2019-09-25T00:00:00.000,0.9615
19007,2019-09-26T00:00:00.000,1.2632
19007,2019-09-27T00:00:00.000,1.2594
19007,2019-09-28T00:00:00.000,1.0766
19007,2019-09-29T00:00:00.000,1.3242
19007,2019-09-30T00:00:00.000,1.4796
19007,2019-10-01T00:00:00.000,1.0971
19007,2019-10-02T00:00:00.000,1.6389
19007,2019-10-03T00:00:00.000,2.5367
19007,2019-10-04T00:00:00.000,1.8286
19007,2019-10-05T00:00:00.000,1.2951
19007,2019-10-06T00:00:00.000,2.2383
19007,2019-10-07T00:00:00.000,1.5542
19007,2019-10-08T00:00:00.000,1.3347
19007,2019-10-09T00:00:00.000,1.6212
19007,2019-10-10T00:00:00.000,1.2195
19007,2019-10-11T00:00:00.000,0.9314
19007,2019-10-12T00:00:00.000,0.7424
19007,2019-10-13T00:00:00.000,0.8031
19007,2019-10-14T00:00:00.000,0.8001
19007,2019-10-15T00:00:00.000,3.4303
19007,2019-10-16T00:00:00.000,1.4338
19007,2019-10-17T00:00:00.000,0.9715
19007,2019-10-18T00:00:00.000,1.2094
19007,2019-10-19T00:00:00.000,2.4927
19007,2019-10-20T00:00:00.000,3.0108
19007,2019-10-21T00:00:00.000,2.6931
19007,2019-10-22T00:00:00.000,1.1982
19007,2019-10-23T00:00:00.000,0.8433
19007,2019-10-24T00:00:00.000,2.2899
19007,2019-10-25T00:00:00.000,0.9384
19007,2019-10-26T00:00:00.000,0.9235
19007,2019-10-27T00:00:00.000,0.7029
19007,2019-10-28T00:00:00.000,1.0897
19007,2019-10-29T00:00:00.000,1.3101
19007,2019-10-30T00:00:00.000,2.3811
19007,2019-10-31T00:00:00.000,2.1251
19007,2019-11-01T00:00:00.000,1.1531
19007,2019-11-02T00:00:00.000,1.2149
19007,2019-11-03T00:00:00.000,1.738
19007,2019-11-04T00:00:00.000,1.4176
19007,2019-11-05T00:00:00.000,1.2719
19007,2019-11-06T00:00:00.000,1.2308
19007,2019-11-07T00:00:00.000,1.6531
19007,2019-11-08T00:00:00.000,2.5783
19007,2019-11-09T00:00:00.000,1.2974
19007,2019-11-10T00:00:00.000,1.109
19007,2019-11-11T00:00:00.000,1.1662
19007,2019-11-12T00:00:00.000,1.4557
19007,2019-11-13T00:00:00.000,1.6753
19007,2019-11-14T00:00:00.000,2.0176
19007,2019-11-15T00:00:00.000,1.9783
19007,2019-11-16T00:00:00.000,1.2594
19007,2019-11-17T00:00:00.000,1.4782
19007,2019-11-18T00:00:00.000,1.0978
19007,2019-11-19T00:00:00.000,1.6999
19007,2019-11-20T00:00:00.000,1.2556
19007,2019-11-21T00:00:00.000,1.5995
19007,2019-11-22T00:00:00.000,2.644
19007,2019-11-23T00:00:00.000,3.9381
19007,2019-11-24T00:00:00.000,2.4389
19007,2019-11-25T00:00:00.000,1.4401
19007,2019-11-26T00:00:00.000,0.8867
19007,2019-11-27T00:00:00.000,1.8897
19007,2019-11-28T00:00:00.000,1.2735
19007,2019-11-29T00:00:00.000,0.9682
19007,2019-12-03T00:00:00.000,2.0945
19007,2019-12-04T00:00:00.000,1.3307
19007,2019-12-05T00:00:00.000,0.988
19007,2019-12-06T00:00:00.000,0.928
19007,2019-12-07T00:00:00.000,1.2221
19007,2019-12-08T00:00:00.000,1.1025
19007,2019-12-09T00:00:00.000,0.9496
19007,2019-12-10T00:00:00.000,3.0403
19007,2019-12-11T00:00:00.000,1.3298
19007,2019-12-12T00:00:00.000,1.3022
19007,2019-12-13T00:00:00.000,1.9028
19007,2019-12-14T00:00:00.000,1.4266
19007,2019-12-15T00:00:00.000,1.1988
19007,2019-12-16T00:00:00.000,0.9014
19007,2019-12-17T00:00:00.000,1.1826
19007,2019-12-18T00:00:00.000,0.8068
19007,2019-12-19T00:00:00.000,1.4871
19007,2019-12-20T00:00:00.000,3.4398
19007,2019-12-21T00:00:00.000,1.6285
19007,2019-12-22T00:00:00.000,1.9633
19007,2019-12-23T00:00:00.000,2.2969
19007,2019-12-24T00:00:00.000,1.6224
19007,2019-12-25T00:00:00.000,1.2758
19007,2019-12-26T00:00:00.000,0.8011
19007,2019-12-27T00:00:00.000,0.9842
19007,2019-12-28T00:00:00.000,0.9717
19007,2019-12-29T00:00:00.000,1.3215
19007,2019-12-30T00:00:00.000,1.6924
19007,2019-12-31T00:00:00.000,1.3754
19007,2020-01-01T00:00:00.000,1.1957
19007,2020-01-02T00:00:00.000,0.983
19007,2020-01-03T00:00:00.000,0.9824
19007,2020-01-04T00:00:00.000,1.1322
19007,2020-01-05T00:00:00.000,1.0894
19007,2020-01-06T00:00:00.000,1.0083
19007,2020-01-07T00:00:00.000,1.1372
19007,2020-01-08T00:00:00.000,1.2021
19007,2020-01-09T00:00:00.000,0.8631
19007,2020-01-10T00:00:00.000,0.8674
19007,2020-01-11T00:00:00.000,0.7453
19007,2020-01-12T00:00:00.000,0.926
19007,2020-01-13T00:00:00.000,0.9012
19007,2020-01-14T00:00:00.000,0.9402
19007,2020-01-15T00:00:00.000,0.9205
19007,2020-01-16T00:00:00.000,1.1544
19007,2020-01-17T00:00:00.000,1.1122
19007,2020-01-18T00:00:00.000,1.2448
19007,2020-01-19T00:00:00.000,1.1168
19007,2020-01-20T00:00:00.000,1.1185
19007,2020-01-21T00:00:00.000,0.8646
19007,2020-01-22T00:00:00.000,1.4778
19007,2020-01-23T00:00:00.000,1.5397
19007,2020-01-24T00:00:00.000,1.0545
19007,2020-01-25T00:00:00.000,1.0551
19007,2020-01-26T00:00:00.000,1.0728
19007,2020-01-27T00:00:00.000,0.9381
19007,2020-01-28T00:00:00.000,1.5705
19007,2020-01-29T00:00:00.000,1.6291
19007,2020-01-30T00:00:00.000,1.3613
19007,2020-01-31T00:00:00.000,0.9969
19007,2020-02-01T00:00:00.000,1.284
19007,2020-02-02T00:00:00.000,1.0848
19007,2020-02-03T00:00:00.000,1.6846
19007,2020-02-04T00:00:00.000,3.6638
19007,2020-02-05T00:00:00.000,3.5479
19007,2020-02-06T00:00:00.000,1.3503
19007,2020-02-07T00:00:00.000,1.1922
19007,2020-02-08T00:00:00.000,1.0031
19007,2020-02-09T00:00:00.000,0.7994
19007,2020-02-10T00:00:00.000,1.1933
19007,2020-02-11T00:00:00.000,1.8902
19007,2020-02-12T00:00:00.000,1.7663
19007,2020-02-13T00:00:00.000,1.6507
19007,2020-02-14T00:00:00.000,1.6696
19007,2020-02-15T00:00:00.000,1.4526
19007,2020-02-16T00:00:00.000,0.8315
19007,2020-02-17T00:00:00.000,0.8516
19007,2020-02-18T00:00:00.000,1.3737
19007,2020-02-19T00:00:00.000,1.3942
19007,2020-02-20T00:00:00.000,1.0526
19007,2020-02-21T00:00:00.000,1.5385
19007,2020-02-22T00:00:00.000,1.0165
19007,2020-02-23T00:00:00.000,1.9168
19007,2020-02-24T00:00:00.000,2.5372
19007,2020-02-25T00:00:00.000,1.0569
19007,2020-02-26T00:00:00.000,3.3634
19007,2020-02-27T00:00:00.000,1.7554
19007,2020-02-28T00:00:00.000,2.3676
19007,2020-02-29T00:00:00.000,1.5772
19007,2020-03-01T00:00:00.000,1.0215
19007,2020-03-02T00:00:00.000,2.189
19007,2020-03-03T00:00:00.000,1.8225
19007,2020-03-04T00:00:00.000,1.4604
19007,2020-03-05T00:00:00.000,2.2507
19007,2020-03-06T00:00:00.000,1.6683
19007,2020-03-07T00:00:00.000,1.4526
19007,2020-03-08T00:00:00.000,0.939
19007,2020-03-09T00:00:00.000,1.6351
19007,2020-03-10T00:00:00.000,1.5258
19007,2020-03-11T00:00:00.000,1.0993
19007,2020-03-12T00:00:00.000,1.132
19007,2020-03-13T00:00:00.000,1.5465
19007,2020-03-14T00:00:00.000,2.4695
19007,2020-03-15T00:00:00.000,1.3051
19007,2020-03-16T00:00:00.000,1.3072
19007,2020-03-17T00:00:00.000,0.9572
19007,2020-03-18T00:00:00.000,1.0562
19007,2020-03-19T00:00:00.000,0.7722
19007,2020-03-20T00:00:00.000,1.0399
19007,2020-03-21T00:00:00.000,1.309
19007,2020-03-22T00:00:00.000,3.0403
19007,2020-03-23T00:00:00.000,3.2312
19007,2020-03-24T00:00:00.000,1.478
19007,2020-03-25T00:00:00.000,1.9626
19007,2020-03-26T00:00:00.000,1.4627
19007,2020-03-27T00:00:00.000,1.5831
19007,2020-03-28T00:00:00.000,0.9951
19007,2020-03-29T00:00:00.000,1.3704
19007,2020-03-30T00:00:00.000,2.9559
19007,2020-03-31T00:00:00.000,2.9177
19007,2020-04-01T00:00:00.000,1.3745
19007,2020-04-02T00:00:00.000,0.8853
19007,2020-04-03T00:00:00.000,1.3347
19007,2020-04-04T00:00:00.000,1.2037
19007,2020-04-05T00:00:00.000,1.7583
19007,2020-04-06T00:00:00.000,1.1457
19007,2020-04-07T00:00:00.000,1.3094
19007,2020-04-08T00:00:00.000,1.1617
19007,2020-04-09T00:00:00.000,0.8912
19007,2020-04-10T00:00:00.000,0.7888
19007,2020-04-11T00:00:00.000,1.0462
19007,2020-04-12T00:00:00.000,1.4129
19007,2020-04-13T00:00:00.000,1.8748
19007,2020-04-14T00:00:00.000,3.5656
19007,2020-04-15T00:00:00.000,2.0422
19007,2020-04-16T00:00:00.000,1.0606
19007,2020-04-17T00:00:00.000,1.3233
19007,2020-04-18T00:00:00.000,1.2574
19007,2020-04-19T00:00:00.000,1.3917
19007,2020-04-20T00:00:00.000,2.5491
19007,2020-04-21T00:00:00.000,1.9624
19007,2020-04-22T00:00:00.000,1.2822
19007,2020-04-23T00:00:00.000,1.4162
19007,2020-04-24T00:00:00.000,1.445
19007,2020-04-25T00:00:00.000,2.5101
19007,2020-04-26T00:00:00.000,1.6362
19007,2020-04-27T00:00:00.000,1.3646
19007,2020-04-28T00:00:00.000,1.5844
19007,2020-04-29T00:00:00.000,1.7206
19007,2020-04-30T00:00:00.000,1.4724
19007,2020-05-01T00:00:00.000,1.1557
19007,2020-05-02T00:00:00.000,2.0574
19007,2020-05-03T00:00:00.000,2.5367
19007,2020-05-04T00:00:00.000,1.9206
19007,2020-05-05T00:00:00.000,1.7428
19007,2020-05-06T00:00:00.000,2.4506
19007,2020-05-07T00:00:00.000,1.517
19007,2020-05-08T00:00:00.000,1.6708
19007,2020-05-09T00:00:00.000,1.6107
19007,2020-05-10T00:00:00.000,1.3389
19007,2020-05-11T00:00:00.000,2.7998
19007,2020-05-12T00:00:00.000,1.2633
19007,2020-05-13T00:00:00.000,2.0956
19007,2020-05-14T00:00:00.000,1.4356
19007,2020-05-15T00:00:00.000,1.8638
19007,2020-05-16T00:00:00.000,2.251
19007,2020-05-17T00:00:00.000,1.1561
19007,2020-05-18T00:00:00.000,1.4018
19007,2020-05-19T00:00:00.000,1.4817
19007,2020-05-20T00:00:00.000,1.4481
19007,2020-05-21T00:00:00.000,1.6873
19007,2020-05-22T00:00:00.000,1.7449
19007,2020-05-23T00:00:00.000,1.6431
19007,2020-05-24T00:00:00.000,1.8235
19007,2020-05-25T00:00:00.000,1.9178
19007,2020-05-26T00:00:00.000,2.4496
19007,2020-05-27T00:00:00.000,2.0039
19007,2020-05-28T00:00:00.000,1.5508
19007,2020-05-29T00:00:00.000,2.6953
19007,2020-05-30T00:00:00.000,1.5506
19007,2020-05-31T00:00:00.000,1.6827
19007,2020-06-01T00:00:00.000,1.4737
19007,2020-06-02T00:00:00.000,1.6674
19007,2020-06-03T00:00:00.000,1.5089
19007,2020-06-04T00:00:00.000,2.7988
19007,2020-06-05T00:00:00.000,1.6215
19007,2020-06-06T00:00:00.000,1.8073
19007,2020-06-07T00:00:00.000,2.5949
19007,2020-06-08T00:00:00.000,1.3509
19007,2020-06-09T00:00:00.000,1.3785
19007,2020-06-10T00:00:00.000,1.3131
19007,2020-06-11T00:00:00.000,1.6767
19007,2020-06-12T00:00:00.000,1.281
19007,2020-06-13T00:00:00.000,1.5785
19007,2020-06-14T00:00:00.000,1.274
19007,2020-06-15T00:00:00.000,1.7545
19007,2020-06-16T00:00:00.000,1.5353
19007,2020-06-17T00:00:00.000,1.4453
19007,2020-06-18T00:00:00.000,1.8053
19007,2020-06-19T00:00:00.000,1.6351
19007,2020-06-20T00:00:00.000,1.5527
19007,2020-06-21T00:00:00.000,1.7153
19007,2020-06-22T00:00:00.000,1.3517
19007,2020-06-23T00:00:00.000,1.2631
19007,2020-06-24T00:00:00.000,2.511
19007,2020-06-25T00:00:00.000,2.3994
19007,2020-06-26T00:00:00.000,1.7841
19007,2020-06-27T00:00:00.000,1.2906
19007,2020-06-28T00:00:00.000,1.3042
19007,2020-06-29T00:00:00.000,1.9137
19007,2020-06-30T00:00:00.000,1.5685
19007,2020-07-01T00:00:00.000,1.58
19007,2020-07-02T00:00:00.000,1.4964
19007,2020-07-03T00:00:00.000,2.216
19007,2020-07-04T00:00:00.000,1.2569
19007,2020-07-05T00:00:00.000,1.1917
19007,2020-07-06T00:00:00.000,1.2603
19007,2020-07-07T00:00:00.000,3.1274
19007,2020-07-08T00:00:00.000,1.6273
19007,2020-07-09T00:00:00.000,1.2726
19007,2020-07-10T00:00:00.000,1.4435
19007,2020-07-11T00:00:00.000,1.8131
19007,2020-07-12T00:00:00.000,2.5444
19007,2020-07-13T00:00:00.000,2.6548
19007,2020-07-17T00:00:00.000,2.8405
19007,2020-07-18T00:00:00.000,2.0806
19007,2020-07-19T00:00:00.000,1.7108
19007,2020-07-20T00:00:00.000,1.5465
19007,2020-07-21T00:00:00.000,1.2379
19007,2020-07-22T00:00:00.000,1.7133
19007,2020-07-23T00:00:00.000,1.4961
19007,2020-07-24T00:00:00.000,2.2064
19007,2020-07-25T00:00:00.000,1.2931
19007,2020-07-26T00:00:00.000,1.2431
19007,2020-07-27T00:00:00.000,1.0146
19007,2020-07-28T00:00:00.000,1.2894
19007,2020-07-29T00:00:00.000,1.071
19007,2020-07-30T00:00:00.000,1.5406
19007,2020-07-31T00:00:00.000,1.2322
19007,2020-08-01T00:00:00.000,1.4662
19007,2020-08-02T00:00:00.000,2.3618
19007,2020-08-03T00:00:00.000,1.6048
19007,2020-08-04T00:00:00.000,1.9633
19007,2020-08-05T00:00:00.000,1.2142
19007,2020-08-06T00:00:00.000,1.0099
19007,2020-08-07T00:00:00.000,1.1294
19007,2020-08-08T00:00:00.000,0.7226
19007,2020-08-09T00:00:00.000,0.8169
19007,2020-08-10T00:00:00.000,1.3735
19007,2020-08-11T00:00:00.000,0.8492
19007,2020-08-12T00:00:00.000,1.2911
19007,2020-08-13T00:00:00.000,1.1196
19007,2020-08-14T00:00:00.000,1.0617
19007,2020-08-15T00:00:00.000,1.2861
19007,2020-08-16T00:00:00.000,1.344
19007,2020-08-17T00:00:00.000,1.0187
19007,2020-08-18T00:00:00.000,0.9614
19007,2020-08-19T00:00:00.000,1.1631
19007,2020-08-20T00:00:00.000,0.7517
19007,2020-08-21T00:00:00.000,1.1237
19007,2020-08-22T00:00:00.000,0.9749
19007,2020-08-23T00:00:00.000,1.5103
19007,2020-08-24T00:00:00.000,1.3823
19007,2020-08-25T00:00:00.000,1.4132
19007,2020-08-26T00:00:00.000,0.9398
19007,2020-08-27T00:00:00.000,0.9474
19007,2020-08-28T00:00:00.000,1.9657
19007,2020-08-29T00:00:00.000,2.4016
19007,2020-08-30T00:00:00.000,2.4982
19007,2020-08-31T00:00:00.000,1.0488
19007,2020-09-01T00:00:00.000,1.1855
19007,2020-09-02T00:00:00.000,1.6944
19007,2020-09-03T00:00:00.000,0.6975
19007,2020-09-04T00:00:00.000,0.7542
19007,2020-09-05T00:00:00.000,0.8793
19007,2020-09-06T00:00:00.000,1.1649
19007,2020-09-07T00:00:00.000,1.4417
19007,2020-09-08T00:00:00.000,0.89
19007,2020-09-09T00:00:00.000,0.807
19007,2020-09-10T00:00:00.000,0.7326
19007,2020-09-11T00:00:00.000,0.8977
19007,2020-09-12T00:00:00.000,0.6271
19007,2020-09-13T00:00:00.000,0.6801
19007,2020-09-14T00:00:00.000,1.0535
19007,2020-09-15T00:00:00.000,0.8388
19007,2020-09-16T00:00:00.000,0.6608
19007,2020-09-17T00:00:00.000,0.9674
19007,2020-09-18T00:00:00.000,1.4669
19007,2020-09-19T00:00:00.000,1.7462
19007,2020-09-20T00:00:00.000,1.1076
19007,2020-09-21T00:00:00.000,0.949
19007,2020-09-22T00:00:00.000,1.3897
19007,2020-09-23T00:00:00.000,0.9583
19007,2020-09-24T00:00:00.000,1.6594
19007,2020-09-25T00:00:00.000,2.9156
19007,2020-09-26T00:00:00.000,2.509
19007,2020-09-27T00:00:00.000,1.7788
19007,2020-09-28T00:00:00.000,1.0712
19007,2020-09-29T00:00:00.000,0.9254
19007,2020-09-30T00:00:00.000,0.9276
19007,2020-10-01T00:00:00.000,0.7567
19007,2020-10-02T00:00:00.000,4.9526
19007,2020-10-03T00:00:00.000,2.806
19007,2020-10-04T00:00:00.000,2.0978
19007,2020-10-05T00:00:00.000,0.931
19007,2020-10-06T00:00:00.000,0.5635
19007,2020-10-07T00:00:00.000,1.5838
19007,2020-10-08T00:00:00.000,0.4911
19007,2020-10-09T00:00:00.000,0.5833
19007,2020-10-10T00:00:00.000,0.6895
19007,2020-10-11T00:00:00.000,1.3452
19007,2020-10-12T00:00:00.000,0.8285
19007,2020-10-13T00:00:00.000,0.5577
19007,2020-10-14T00:00:00.000,1.0459
19007,2020-10-15T00:00:00.000,1.0758
19007,2020-10-16T00:00:00.000,0.8315
19007,2020-10-17T00:00:00.000,0.7831
19007,2020-10-18T00:00:00.000,0.608
19007,2020-10-19T00:00:00.000,0.611
19007,2020-10-20T00:00:00.000,0.6194
19007,2020-10-21T00:00:00.000,0.7974
19007,2020-10-22T00:00:00.000,1.1045
19007,2020-10-23T00:00:00.000,1.1328
19007,2020-10-24T00:00:00.000,0.6838
19007,2020-10-25T00:00:00.000,0.6428
19007,2020-10-26T00:00:00.000,2.3128
19007,2020-10-27T00:00:00.000,1.3042
19007,2020-10-28T00:00:00.000,0.5753
19007,2020-10-29T00:00:00.000,0.5465
19007,2020-10-30T00:00:00.000,0.7656
19007,2020-10-31T00:00:00.000,0.8536
19007,2020-11-01T00:00:00.000,0.9304
19007,2020-11-02T00:00:00.000,0.993
19007,2020-11-03T00:00:00.000,0.7813
19007,2020-11-04T00:00:00.000,0.9471
19007,2020-11-05T00:00:00.000,0.9116
19007,2020-11-06T00:00:00.000,0.8974
19007,2020-11-07T00:00:00.000,0.7325
19007,2020-11-08T00:00:00.000,0.8399
19007,2020-11-09T00:00:00.000,0.8178
19007,2020-11-10T00:00:00.000,0.6781
19007,2020-11-11T00:00:00.000,1.1223
19007,2020-11-12T00:00:00.000,0.8813
19007,2020-11-13T00:00:00.000,0.8535
19007,2020-11-14T00:00:00.000,0.9597
19007,2020-11-15T00:00:00.000,0.8521
19007,2020-11-16T00:00:00.000,1.0659
19007,2020-11-17T00:00:00.000,0.6949
19007,2020-11-18T00:00:00.000,0.964
19007,2020-11-19T00:00:00.000,0.8419
19007,2020-11-20T00:00:00.000,0.9694
19007,2020-11-21T00:00:00.000,1.3489
19007,2020-11-22T00:00:00.000,0.9583
19007,2020-11-23T00:00:00.000,1.069
19007,2020-11-24T00:00:00.000,0.8256
19007,2020-11-25T00:00:00.000,0.6224
19007,2020-11-26T00:00:00.000,0.626
19007,2020-11-27T00:00:00.000,0.7747
19007,2020-11-28T00:00:00.000,0.8744
19007,2020-11-29T00:00:00.000,0.907
19007,2020-11-30T00:00:00.000,1.6249
19007,2020-12-01T00:00:00.000,1.4073
19007,2020-12-02T00:00:00.000,1.3817
19007,2020-12-03T00:00:00.000,1.2195
19007,2020-12-04T00:00:00.000,2.3503
19007,2020-12-05T00:00:00.000,1.3392
19007,2020-12-06T00:00:00.000,1.2717
19007,2020-12-07T00:00:00.000,1.6157
19007,2020-12-08T00:00:00.000,1.415
19007,2020-12-09T00:00:00.000,1.3199
19007,2020-12-10T00:00:00.000,0.8939
19007,2020-12-11T00:00:00.000,0.7356
19007,2020-12-12T00:00:00.000,1.0308
19007,2020-12-13T00:00:00.000,0.8802
19007,2020-12-14T00:00:00.000,0.6675
19007,2020-12-15T00:00:00.000,0.9531
19007,2020-12-16T00:00:00.000,1.1475
19007,2020-12-17T00:00:00.000,1.0488
19007,2020-12-18T00:00:00.000,0.9078
19007,2020-12-19T00:00:00.000,0.9039
19007,2020-12-20T00:00:00.000,1.0815
19007,2020-12-21T00:00:00.000,1.0424
19007,2020-12-22T00:00:00.000,1.1406
19007,2020-12-23T00:00:00.000,0.9168
19007,2020-12-24T00:00:00.000,1.0626
19007,2020-12-25T00:00:00.000,1.6903
19007,2020-12-26T00:00:00.000,1.1688
19007,2020-12-27T00:00:00.000,1.3942
19007,2020-12-28T00:00:00.000,1.5309
19007,2020-12-29T00:00:00.000,1.0444
19007,2020-12-30T00:00:00.000,1.1041
19007,2020-12-31T00:00:00.000,1.0497
19007,2021-01-01T00:00:00.000,0.72
19007,2021-01-01T00:00:00.000,1.4027
19007,2021-01-02T00:00:00.000,1.159
19007,2021-01-03T00:00:00.000,1.6935
19007,2021-01-04T00:00:00.000,1.6905
19007,2021-01-05T00:00:00.000,1.3771
19007,2021-01-06T00:00:00.000,1.0738
19007,2021-01-07T00:00:00.000,1.2751
19007,2021-01-08T00:00:00.000,0.9517
19007,2021-01-09T00:00:00.000,1.1338
19007,2021-01-10T00:00:00.000,0.9501
19007,2021-01-11T00:00:00.000,1.1112
19007,2021-01-12T00:00:00.000,1.489
19007,2021-01-13T00:00:00.000,1.8653
19007,2021-01-14T00:00:00.000,2.308
19007,2021-01-15T00:00:00.000,1.7431
19007,2021-01-16T00:00:00.000,1.0447
19007,2021-01-17T00:00:00.000,1.379
19007,2021-01-18T00:00:00.000,0.9083
19007,2021-01-19T00:00:00.000,0.7993
19007,2021-01-20T00:00:00.000,1.3063
19007,2021-01-21T00:00:00.000,0.9628
19007,2021-01-22T00:00:00.000,1.1336
19007,2021-01-23T00:00:00.000,1.8371
19007,2021-01-24T00:00:00.000,1.2046
19007,2021-01-25T00:00:00.000,1.5986
19007,2021-01-26T00:00:00.000,2.7424
19007,2021-01-27T00:00:00.000,1.1967
19007,2021-01-28T00:00:00.000,1.3678
19007,2021-01-29T00:00:00.000,1.6422
19007,2021-01-30T00:00:00.000,1.7367
19007,2021-01-31T00:00:00.000,1.5272
19007,2021-02-01T00:00:00.000,1.7649
19007,2021-02-02T00:00:00.000,0.9103
19007,2021-02-03T00:00:00.000,1.0399
19007,2021-02-04T00:00:00.000,1.2823
19007,2021-02-05T00:00:00.000,0.9085
19007,2021-02-06T00:00:00.000,1.4377
19007,2021-02-07T00:00:00.000,1.759
19007,2021-02-08T00:00:00.000,1.5826
19007,2021-02-09T00:00:00.000,1.0694
19007,2021-02-10T00:00:00.000,1.9756
19007,2021-02-11T00:00:00.000,2.2244
19007,2021-02-12T00:00:00.000,3.5471
19007,2021-02-13T00:00:00.000,2.3499
19007,2021-02-14T00:00:00.000,1.4654
19007,2021-02-15T00:00:00.000,1.2181
19007,2021-02-16T00:00:00.000,1.4248
19007,2021-02-17T00:00:00.000,1.475
19007,2021-02-18T00:00:00.000,1.4942
19007,2021-02-19T00:00:00.000,1.0051
19007,2021-02-20T00:00:00.000,0.966
19007,2021-02-21T00:00:00.000,1.5736
19007,2021-02-22T00:00:00.000,1.144
19007,2021-02-23T00:00:00.000,0.8432
19007,2021-02-24T00:00:00.000,0.7302
19007,2021-02-25T00:00:00.000,0.6137
19007,2021-02-26T00:00:00.000,0.729
19007,2021-02-27T00:00:00.000,2.1762
19007,2021-02-28T00:00:00.000,2.2483
19007,2021-03-01T00:00:00.000,0.7634
19007,2021-03-02T00:00:00.000,1.0462
19007,2021-03-03T00:00:00.000,0.834
19007,2021-03-04T00:00:00.000,1.3439
19007,2021-03-05T00:00:00.000,1.173
19007,2021-03-06T00:00:00.000,3.1847
19007,2021-03-07T00:00:00.000,1.2269
19007,2021-03-08T00:00:00.000,1.7198
19007,2021-03-09T00:00:00.000,1.4679
19007,2021-03-10T00:00:00.000,1.0714
19007,2021-03-11T00:00:00.000,1.2669
19007,2021-03-12T00:00:00.000,1.1028
19007,2021-03-13T00:00:00.000,1.2405
19007,2021-03-14T00:00:00.000,3.2575
19007,2021-03-15T00:00:00.000,2.3267
19007,2021-03-16T00:00:00.000,3.4418
19007,2021-03-17T00:00:00.000,1.9037
19007,2021-03-18T00:00:00.000,2.4884
19007,2021-03-19T00:00:00.000,2.3333
19007,2021-03-20T00:00:00.000,1.6219
19007,2021-03-21T00:00:00.000,1.445
19007,2021-03-22T00:00:00.000,1.0658
19007,2021-03-23T00:00:00.000,2.117
19007,2021-03-24T00:00:00.000,0.8216
19007,2021-03-25T00:00:00.000,1.0044
19007,2021-03-26T00:00:00.000,1.3272
19007,2021-03-27T00:00:00.000,1.3002
19007,2021-03-28T00:00:00.000,1.0601
19007,2021-03-29T00:00:00.000,1.0562
19007,2021-03-30T00:00:00.000,1.168
19007,2021-03-31T00:00:00.000,0.896
19007,2021-04-01T00:00:00.000,1.0925
19007,2021-04-02T00:00:00.000,1.8303
19007,2021-04-03T00:00:00.000,3.5432
19007,2021-04-04T00:00:00.000,2.5494
19007,2021-04-05T00:00:00.000,1.9201
19007,2021-04-06T00:00:00.000,3.5051
19007,2021-04-07T00:00:00.000,2.6344
19007,2021-04-08T00:00:00.000,1.6472
19007,2021-04-09T00:00:00.000,1.4322
19007,2021-04-10T00:00:00.000,1.2083
19007,2021-04-11T00:00:00.000,1.5753
19007,2021-04-12T00:00:00.000,1.52
19007,2021-04-13T00:00:00.000,1.668
19007,2021-04-14T00:00:00.000,2.0878
19007,2021-04-15T00:00:00.000,2.9526
19007,2021-04-16T00:00:00.000,1.7472
19007,2021-04-17T00:00:00.000,1.6699
19007,2021-04-18T00:00:00.000,1.8038
19007,2021-04-19T00:00:00.000,1.2117
19007,2021-04-20T00:00:00.000,1.4245
19007,2021-04-21T00:00:00.000,1.5601
19007,2021-04-22T00:00:00.000,1.3633
19007,2021-04-23T00:00:00.000,1.949
19007,2021-04-24T00:00:00.000,1.4322
19007,2021-04-25T00:00:00.000,1.5865
19007,2021-04-26T00:00:00.000,1.8698
19007,2021-04-27T00:00:00.000,1.9453
19007,2021-04-28T00:00:00.000,1.4728
19007,2021-04-29T00:00:00.000,1.7636
19007,2021-04-30T00:00:00.000,1.3803
19007,2021-05-01T00:00:00.000,2.028
19007,2021-05-02T00:00:00.000,2.1106
19007,2021-05-03T00:00:00.000,1.9883
19007,2021-05-04T00:00:00.000,1.4837
19007,2021-05-05T00:00:00.000,1.3205
19007,2021-05-06T00:00:00.000,2.1214
19007,2021-05-07T00:00:00.000,2.0522
19007,2021-05-08T00:00:00.000,1.901
19007,2021-05-09T00:00:00.000,1.4463
19007,2021-05-10T00:00:00.000,1.8445
19007,2021-05-11T00:00:00.000,2.8731
19007,2021-05-12T00:00:00.000,1.5631
19007,2021-05-13T00:00:00.000,1.9645
19007,2021-05-14T00:00:00.000,1.5474
19007,2021-05-15T00:00:00.000,0.9667
19007,2021-05-16T00:00:00.000,1.0528
19007,2021-05-17T00:00:00.000,1.6423
19007,2021-05-18T00:00:00.000,1.338
19007,2021-05-19T00:00:00.000,1.8674
19007,2021-05-20T00:00:00.000,1.4596
19007,2021-05-21T00:00:00.000,1.6598
19007,2021-05-22T00:00:00.000,1.7103
19007,2021-05-23T00:00:00.000,1.3344
19007,2021-05-24T00:00:00.000,1.8424
19007,2021-05-25T00:00:00.000,1.685
19007,2021-05-26T00:00:00.000,1.7188
19007,2021-05-27T00:00:00.000,1.3189
19007,2021-05-28T00:00:00.000,1.8835
19007,2021-05-29T00:00:00.000,2.3956
19007,2021-05-30T00:00:00.000,2.4356
19007,2021-05-31T00:00:00.000,2.3631
19007,2021-06-01T00:00:00.000,1.9245
19007,2021-06-02T00:00:00.000,2.0142
19007,2021-06-03T00:00:00.000,1.1504
19007,2021-06-04T00:00:00.000,1.3208
19007,2021-06-05T00:00:00.000,1.3935
19007,2021-06-06T00:00:00.000,1.6219
19007,2021-06-07T00:00:00.000,1.2794
19007,2021-06-08T00:00:00.000,1.0769
19007,2021-06-09T00:00:00.000,1.1742
19007,2021-06-10T00:00:00.000,1.7347
19007,2021-06-11T00:00:00.000,1.8634
19007,2021-06-12T00:00:00.000,1.4235
19007,2021-06-13T00:00:00.000,1.8299
19007,2021-06-14T00:00:00.000,2.5729
19007,2021-06-15T00:00:00.000,2.0738
19007,2021-06-16T00:00:00.000,2.0928
19007,2021-06-17T00:00:00.000,1.4112
19007,2021-06-18T00:00:00.000,1.3953
19007,2021-06-19T00:00:00.000,1.6367
19007,2021-06-20T00:00:00.000,1.395
19007,2021-06-21T00:00:00.000,1.5811
19007,2021-06-22T00:00:00.000,1.4431
19007,2021-06-23T00:00:00.000,1.4221
19007,2021-06-24T00:00:00.000,1.5687
19007,2021-06-25T00:00:00.000,1.9658
19007,2021-06-26T00:00:00.000,1.2936
19007,2021-06-27T00:00:00.000,1.2606
19007,2021-06-28T00:00:00.000,2.1332
19007,2021-06-29T00:00:00.000,1.9365
19007,2021-06-30T00:00:00.000,1.6838
19007,2021-07-01T00:00:00.000,1.9505
19007,2021-07-02T00:00:00.000,1.8944
19007,2021-07-03T00:00:00.000,1.7358
19007,2021-07-04T00:00:00.000,1.2185
19007,2021-07-05T00:00:00.000,1.1378
19007,2021-07-06T00:00:00.000,1.586
19007,2021-07-07T00:00:00.000,1.6977
19007,2021-07-08T00:00:00.000,2.0078
19007,2021-07-09T00:00:00.000,1.8004
19007,2021-07-10T00:00:00.000,1.3478
19007,2021-07-11T00:00:00.000,1.4678
19007,2021-07-12T00:00:00.000,1.4172
19007,2021-07-13T00:00:00.000,3.3427
19007,2021-07-14T00:00:00.000,1.1909
19007,2021-07-15T00:00:00.000,1.2697
19007,2021-07-16T00:00:00.000,1.4169
19007,2021-07-17T00:00:00.000,1.9708
19007,2021-07-18T00:00:00.000,1.0753
19007,2021-07-19T00:00:00.000,1.5272
19007,2021-07-20T00:00:00.000,1.6208
19007,2021-07-21T00:00:00.000,1.7327
19007,2021-07-22T00:00:00.000,2.4287
19007,2021-07-23T00:00:00.000,1.6755
19007,2021-07-24T00:00:00.000,1.9841
19007,2021-07-25T00:00:00.000,2.2125
19007,2021-07-26T00:00:00.000,1.6957
19007,2021-07-27T00:00:00.000,2.0746
19007,2021-07-28T00:00:00.000,1.814
19007,2021-07-29T00:00:00.000,0.9629
19007,2021-07-30T00:00:00.000,1.2454
19007,2021-07-31T00:00:00.000,1.6828
19007,2021-08-01T00:00:00.000,1.6258
19007,2021-08-02T00:00:00.000,1.4268
19007,2021-08-03T00:00:00.000,1.5228
19007,2021-08-04T00:00:00.000,1.8059
19007,2021-08-05T00:00:00.000,2.1985
19007,2021-08-06T00:00:00.000,1.3142
19007,2021-08-07T00:00:00.000,1.4349
19007,2021-08-08T00:00:00.000,1.1917
19007,2021-08-09T00:00:00.000,1.0265
19007,2021-08-10T00:00:00.000,1.0235
19007,2021-08-11T00:00:00.000,0.8839
19007,2021-08-12T00:00:00.000,1.2653
19007,2021-08-13T00:00:00.000,1.1835
19007,2021-08-14T00:00:00.000,1.0301
19007,2021-08-15T00:00:00.000,1.3485
19007,2021-08-16T00:00:00.000,1.7592
19007,2021-08-17T00:00:00.000,1.9658
19007,2021-08-18T00:00:00.000,2.3964
19007,2021-08-19T00:00:00.000,1.7394
19007,2021-08-20T00:00:00.000,1.3562
19007,2021-08-21T00:00:00.000,1.2446
19007,2021-08-22T00:00:00.000,1.4168
19007,2021-08-23T00:00:00.000,2.6842
19007,2021-08-24T00:00:00.000,1.5215
19007,2021-08-25T00:00:00.000,1.6052
19007,2021-08-26T00:00:00.000,1.8162
19007,2021-08-27T00:00:00.000,3.1194
19007,2021-08-28T00:00:00.000,1.756
19007,2021-08-29T00:00:00.000,1.4923
19007,2021-08-30T00:00:00.000,1.8123
19007,2021-08-31T00:00:00.000,1.5947
19007,2021-09-01T00:00:00.000,1.3763
19007,2021-09-02T00:00:00.000,2.3135
19007,2021-09-03T00:00:00.000,1.5131
19007,2021-09-04T00:00:00.000,1.4389
19007,2021-09-05T00:00:00.000,1.6325
19007,2021-09-06T00:00:00.000,1.5617
19007,2021-09-07T00:00:00.000,1.5033
19007,2021-09-08T00:00:00.000,2.1423
19007,2021-09-09T00:00:00.000,1.5872
19007,2021-09-10T00:00:00.000,1.303
19007,2021-09-11T00:00:00.000,1.1
19007,2021-09-12T00:00:00.000,1.131
19007,2021-09-13T00:00:00.000,1.004
19007,2021-09-14T00:00:00.000,1.157
19007,2021-09-15T00:00:00.000,1.2224
19007,2021-09-16T00:00:00.000,1.4653
19007,2021-09-17T00:00:00.000,1.1033
19007,2021-09-18T00:00:00.000,1.7346
19007,2021-09-19T00:00:00.000,2.8973
19007,2021-09-20T00:00:00.000,1.5633
19007,2021-09-21T00:00:00.000,1.3704
19007,2021-09-22T00:00:00.000,1.6417
19007,2021-09-23T00:00:00.000,1.199
19007,2021-09-24T00:00:00.000,0.7614
19007,2021-09-25T00:00:00.000,1.4732
19007,2021-09-26T00:00:00.000,1.5919
19007,2021-09-27T00:00:00.000,0.9295
19007,2021-09-28T00:00:00.000,0.9285
19007,2021-09-29T00:00:00.000,1.2257
19007,2021-09-30T00:00:00.000,1.9328
19007,2021-10-01T00:00:00.000,1.678
19007,2021-10-02T00:00:00.000,1.8573
19007,2021-10-03T00:00:00.000,2.2243
19007,2021-10-04T00:00:00.000,2.5374
19007,2021-10-05T00:00:00.000,2.0235
19007,2021-10-06T00:00:00.000,1.5656
19007,2021-10-07T00:00:00.000,1.0744
19007,2021-10-08T00:00:00.000,1.2081
19007,2021-10-09T00:00:00.000,1.7307
19007,2021-10-10T00:00:00.000,1.4296
19007,2021-10-11T00:00:00.000,0.8541
19007,2021-10-12T00:00:00.000,1.5067
19007,2021-10-13T00:00:00.000,1.5366
19007,2021-10-14T00:00:00.000,1.4856
19007,2021-10-15T00:00:00.000,1.0777
19007,2021-10-16T00:00:00.000,0.921
19007,2021-10-17T00:00:00.000,0.6536
19007,2021-10-18T00:00:00.000,0.7679
19007,2021-10-19T00:00:00.000,0.7476
19007,2021-10-20T00:00:00.000,0.7628
19007,2021-10-21T00:00:00.000,1.3397
19007,2021-10-22T00:00:00.000,0.9282
19007,2021-10-23T00:00:00.000,1.1844
19007,2021-10-24T00:00:00.000,1.5406
19007,2021-10-25T00:00:00.000,1.302
19007,2021-10-26T00:00:00.000,0.8923
19007,2021-10-27T00:00:00.000,0.8329
19007,2021-10-28T00:00:00.000,0.8056
19007,2021-10-29T00:00:00.000,0.901
19007,2021-10-30T00:00:00.000,1.2075
19007,2021-10-31T00:00:00.000,1.0379
19007,2021-11-01T00:00:00.000,1.4087
19007,2021-11-02T00:00:00.000,1.4831
19007,2021-11-03T00:00:00.000,2.1718
19007,2021-11-04T00:00:00.000,1.7804
19007,2021-11-05T00:00:00.000,0.898
19007,2021-11-06T00:00:00.000,0.8834
19007,2021-11-07T00:00:00.000,0.8997
19007,2021-11-08T00:00:00.000,1.4312
19007,2021-11-09T00:00:00.000,1.2695
19007,2021-11-10T00:00:00.000,1.128
19007,2021-11-11T00:00:00.000,1.0783
19007,2021-11-12T00:00:00.000,1.1478
19007,2021-11-13T00:00:00.000,1.3333
19007,2021-11-14T00:00:00.000,1.656
19007,2021-11-15T00:00:00.000,1.1094
19007,2021-11-16T00:00:00.000,0.8969
19007,2021-11-17T00:00:00.000,1.2317
19007,2021-11-18T00:00:00.000,1.1035
19007,2021-11-19T00:00:00.000,1.4812
19007,2021-11-20T00:00:00.000,1.1838
19007,2021-11-21T00:00:00.000,1.3899
19007,2021-11-22T00:00:00.000,1.2891
19007,2021-11-23T00:00:00.000,1.3729
19007,2021-11-24T00:00:00.000,1.3254
19007,2021-11-25T00:00:00.000,1.6918
19007,2021-11-26T00:00:00.000,1.6549
19007,2021-11-27T00:00:00.000,1.6699
19007,2021-11-28T00:00:00.000,1.7833
19007,2021-11-29T00:00:00.000,2.4194
19007,2021-11-30T00:00:00.000,2.1537
19007,2021-12-01T00:00:00.000,1.7849
19007,2021-12-02T00:00:00.000,0.9895
19007,2021-12-03T00:00:00.000,1.0051
19007,2021-12-04T00:00:00.000,1.1314
19007,2021-12-05T00:00:00.000,1.2243
19007,2021-12-06T00:00:00.000,1.1562
19007,2021-12-07T00:00:00.000,1.2413
19007,2021-12-08T00:00:00.000,1.7692
19007,2021-12-09T00:00:00.000,1.2335
19007,2021-12-10T00:00:00.000,1.4347
19007,2021-12-11T00:00:00.000,0.9865
19007,2021-12-12T00:00:00.000,0.7712
19007,2021-12-13T00:00:00.000,0.8505
19007,2021-12-14T00:00:00.000,1.0369
19007,2021-12-15T00:00:00.000,1.2052
19007,2021-12-16T00:00:00.000,1.1759
19007,2021-12-17T00:00:00.000,1.3874
19007,2021-12-18T00:00:00.000,0.8975
19007,2021-12-19T00:00:00.000,1.256
19007,2021-12-20T00:00:00.000,2.3839
19007,2021-12-21T00:00:00.000,0.9205
19007,2021-12-22T00:00:00.000,1.0792
19007,2021-12-23T00:00:00.000,1.5039
19007,2021-12-24T00:00:00.000,1.1606
19007,2021-12-25T00:00:00.000,0.8858
19007,2021-12-26T00:00:00.000,0.9574
19007,2021-12-27T00:00:00.000,0.9465
19007,2021-12-28T00:00:00.000,1.2085
19007,2021-12-29T00:00:00.000,1.3608
19007,2021-12-30T00:00:00.000,0.9952
19007,2021-12-31T00:00:00.000,0.9399
19007,2022-01-01T00:00:00.000,0.7927
19007,2022-01-02T00:00:00.000,1.1446
19007,2022-01-03T00:00:00.000,1.3478
19007,2022-01-04T00:00:00.000,0.8794
19007,2022-01-05T00:00:00.000,1.4022
19007,2022-01-06T00:00:00.000,1.3194
19007,2022-01-07T00:00:00.000,1.1501
19007,2022-01-08T00:00:00.000,1.2056
19007,2022-01-09T00:00:00.000,1.332
19007,2022-01-10T00:00:00.000,1.0762
19007,2022-01-11T00:00:00.000,0.9115
19007,2022-01-12T00:00:00.000,0.8017
19007,2022-01-13T00:00:00.000,0.8711
19007,2022-01-14T00:00:00.000,1.2538
19007,2022-01-15T00:00:00.000,1.0062
19007,2022-01-16T00:00:00.000,1.168
19007,2022-01-17T00:00:00.000,1.542
19007,2022-01-18T00:00:00.000,1.4264
19007,2022-01-19T00:00:00.000,1.0396
19007,2022-01-20T00:00:00.000,1.0581
19007,2022-01-21T00:00:00.000,1.4415
19007,2022-01-22T00:00:00.000,1.7985
19007,2022-01-23T00:00:00.000,1.5831
19007,2022-01-24T00:00:00.000,1.25
19007,2022-01-25T00:00:00.000,1.8042
19007,2022-01-26T00:00:00.000,1.0558
19007,2022-01-27T00:00:00.000,1.0062
19007,2022-01-28T00:00:00.000,1.9447
19007,2022-01-29T00:00:00.000,1.3499
19007,2022-01-30T00:00:00.000,2.4689
19007,2022-01-31T00:00:00.000,2.2815
19007,2022-02-01T00:00:00.000,3.2563
19007,2022-02-02T00:00:00.000,2.4158
19007,2022-02-03T00:00:00.000,2.2459
19007,2022-02-04T00:00:00.000,1.1989
19007,2022-02-05T00:00:00.000,1.1218
19007,2022-02-06T00:00:00.000,1.2272
19007,2022-02-07T00:00:00.000,3.3238
19007,2022-02-08T00:00:00.000,0.9067
19007,2022-02-09T00:00:00.000,1.2849
19007,2022-02-10T00:00:00.000,0.7084
19007,2022-02-11T00:00:00.000,1.6087
19007,2022-02-12T00:00:00.000,1.9528
19007,2022-02-13T00:00:00.000,1.5056
19007,2022-02-14T00:00:00.000,1.098
19007,2022-02-15T00:00:00.000,1.2638
19007,2022-02-16T00:00:00.000,1.0488
19007,2022-02-17T00:00:00.000,1.484
19007,2022-02-18T00:00:00.000,1.9905
19007,2022-02-19T00:00:00.000,1.0548
19007,2022-02-20T00:00:00.000,1.2241
19007,2022-02-21T00:00:00.000,2.5428
19007,2022-02-22T00:00:00.000,2.8392
19007,2022-02-23T00:00:00.000,1.7433
19007,2022-02-24T00:00:00.000,1.1225
19007,2022-02-25T00:00:00.000,2.2567
19007,2022-02-26T00:00:00.000,2.1142
19007,2022-02-27T00:00:00.000,1.2202
19007,2022-02-28T00:00:00.000,1.5642
19007,2022-03-01T00:00:00.000,1.9901
19007,2022-03-02T00:00:00.000,1.2556
19007,2022-03-03T00:00:00.000,1.1206
19007,2022-03-04T00:00:00.000,2.3437
19007,2022-03-05T00:00:00.000,2.5738
19007,2022-03-06T00:00:00.000,1.4772
19007,2022-03-07T00:00:00.000,1.5359
19007,2022-03-08T00:00:00.000,2.0394
19007,2022-03-09T00:00:00.000,1.038
19007,2022-03-10T00:00:00.000,0.8956
19007,2022-03-11T00:00:00.000,2.9766
19007,2022-03-12T00:00:00.000,2.3427
19007,2022-03-13T00:00:00.000,1.7899
19007,2022-03-14T00:00:00.000,1.1869
19007,2022-03-15T00:00:00.000,1.1635
19007,2022-03-16T00:00:00.000,1.8139
19007,2022-03-17T00:00:00.000,1.9824
19007,2022-03-18T00:00:00.000,2.1041
19007,2022-03-19T00:00:00.000,2.2686
19007,2022-03-20T00:00:00.000,1.8319
19007,2022-03-21T00:00:00.000,1.5126
19007,2022-03-22T00:00:00.000,1.4942
19007,2022-03-23T00:00:00.000,0.8086
19007,2022-03-24T00:00:00.000,0.8151
19007,2022-03-25T00:00:00.000,1.1369
19007,2022-03-26T00:00:00.000,1.1764
19007,2022-03-27T00:00:00.000,1.0406
19007,2022-03-28T00:00:00.000,0.8514
19007,2022-03-29T00:00:00.000,1.8421
19007,2022-03-30T00:00:00.000,1.897
19007,2022-03-31T00:00:00.000,1.2115
19007,2022-04-01T00:00:00.000,1.908
19007,2022-04-02T00:00:00.000,2.0081
19007,2022-04-03T00:00:00.000,1.9188
19007,2022-04-04T00:00:00.000,1.4915
19007,2022-04-05T00:00:00.000,1.0754
19007,2022-04-06T00:00:00.000,1.7544
19007,2022-04-07T00:00:00.000,1.881
19007,2022-04-08T00:00:00.000,1.3034
19007,2022-04-09T00:00:00.000,3.8756
19007,2022-04-10T00:00:00.000,1.8878
19007,2022-04-11T00:00:00.000,1.3415
19007,2022-04-12T00:00:00.000,1.1671
19007,2022-04-13T00:00:00.000,2.0558
19007,2022-04-14T00:00:00.000,1.2212
19007,2022-04-15T00:00:00.000,1.4226
19007,2022-04-16T00:00:00.000,2.2949
19007,2022-04-17T00:00:00.000,2.6793
19007,2022-04-18T00:00:00.000,1.8476
19007,2022-04-19T00:00:00.000,1.7443
19007,2022-04-20T00:00:00.000,2.7768
19007,2022-04-21T00:00:00.000,2.473
19007,2022-04-22T00:00:00.000,1.6435
19007,2022-04-23T00:00:00.000,3.0669
19007,2022-04-24T00:00:00.000,2.1534
19007,2022-04-25T00:00:00.000,1.5001
19007,2022-04-26T00:00:00.000,1.4433
19007,2022-04-27T00:00:00.000,1.4396
19007,2022-04-28T00:00:00.000,2.4278
19007,2022-04-29T00:00:00.000,1.8722
19007,2022-04-30T00:00:00.000,1.3607
19007,2022-05-01T00:00:00.000,2.2188
19007,2022-05-02T00:00:00.000,1.6873
19007,2022-05-03T00:00:00.000,1.5991
19007,2022-05-04T00:00:00.000,1.2308
19007,2022-05-05T00:00:00.000,1.8049
19007,2022-05-06T00:00:00.000,1.181
19007,2022-05-07T00:00:00.000,1.3346
19007,2022-05-08T00:00:00.000,1.4531
19007,2022-05-09T00:00:00.000,0.8214
19007,2022-05-10T00:00:00.000,0.9844
19007,2022-05-11T00:00:00.000,1.3052
19007,2022-05-12T00:00:00.000,1.8465
19007,2022-05-13T00:00:00.000,1.7138
19007,2022-05-14T00:00:00.000,1.4888
19007,2022-05-15T00:00:00.000,1.1049
19007,2022-05-16T00:00:00.000,1.6799
19007,2022-05-17T00:00:00.000,1.2526
19007,2022-05-18T00:00:00.000,3.0514
19007,2022-05-19T00:00:00.000,2.2127
19007,2022-05-20T00:00:00.000,1.7379
19007,2022-05-21T00:00:00.000,1.9176
19007,2022-05-22T00:00:00.000,1.4877
19007,2022-05-23T00:00:00.000,1.6414
19007,2022-05-24T00:00:00.000,1.467
19007,2022-05-25T00:00:00.000,1.4442
19007,2022-05-26T00:00:00.000,1.5528
19007,2022-05-27T00:00:00.000,1.2214
19007,2022-05-28T00:00:00.000,3.07
19007,2022-05-29T00:00:00.000,2.8187
19007,2022-05-30T00:00:00.000,1.9742
19007,2022-05-31T00:00:00.000,1.4152
19007,2022-06-01T00:00:00.000,1.0572
19007,2022-06-02T00:00:00.000,1.0518
19007,2022-06-03T00:00:00.000,2.2006
19007,2022-06-04T00:00:00.000,1.0163
19007,2022-06-05T00:00:00.000,1.7976
19007,2022-06-06T00:00:00.000,1.3999
19007,2022-06-07T00:00:00.000,1.9015
19007,2022-06-08T00:00:00.000,1.6512
19007,2022-06-09T00:00:00.000,2.3157
19007,2022-06-10T00:00:00.000,1.4815
19007,2022-06-11T00:00:00.000,1.591
19007,2022-06-12T00:00:00.000,1.2944
19007,2022-06-13T00:00:00.000,1.4421
19007,2022-06-14T00:00:00.000,2.5749
19007,2022-06-15T00:00:00.000,1.8951
19007,2022-06-16T00:00:00.000,1.6051
19007,2022-06-17T00:00:00.000,1.6737
19007,2022-06-18T00:00:00.000,2.69
19007,2022-06-19T00:00:00.000,1.9539
19007,2022-06-20T00:00:00.000,1.7194
19007,2022-06-21T00:00:00.000,1.8344
19007,2022-06-22T00:00:00.000,1.3623
19007,2022-06-23T00:00:00.000,1.4662
19007,2022-06-24T00:00:00.000,1.7615
19007,2022-06-25T00:00:00.000,1.536
19007,2022-06-26T00:00:00.000,1.3151
19007,2022-06-27T00:00:00.000,1.6033
19007,2022-06-28T00:00:00.000,1.9479
19007,2022-06-29T00:00:00.000,1.9133
19007,2022-06-30T00:00:00.000,1.3656
19007,2022-07-01T00:00:00.000,1.6829
19007,2022-07-02T00:00:00.000,1.349
19007,2022-07-03T00:00:00.000,1.0163
19007,2022-07-04T00:00:00.000,1.9635
19007,2022-07-05T00:00:00.000,1.7235
19007,2022-07-06T00:00:00.000,2.4715
19007,2022-07-07T00:00:00.000,2.6757
19007,2022-07-08T00:00:00.000,1.7176
19007,2022-07-09T00:00:00.000,2.4508
19007,2022-07-10T00:00:00.000,1.9383
19007,2022-07-11T00:00:00.000,2.5258
19007,2022-07-12T00:00:00.000,2.4114
19007,2022-07-13T00:00:00.000,2.0265
19007,2022-07-14T00:00:00.000,1.3988
19007,2022-07-15T00:00:00.000,1.6708
19007,2022-07-16T00:00:00.000,1.6764
19007,2022-07-17T00:00:00.000,2.7144
19007,2022-07-18T00:00:00.000,2.4605
19007,2022-07-19T00:00:00.000,2.0417
19007,2022-07-20T00:00:00.000,1.7802
19007,2022-07-21T00:00:00.000,1.8593
19007,2022-07-22T00:00:00.000,1.4673
19007,2022-07-23T00:00:00.000,1.7096
19007,2022-07-24T00:00:00.000,1.2361
19007,2022-07-25T00:00:00.000,1.7972
19007,2022-07-26T00:00:00.000,1.8364
19007,2022-07-27T00:00:00.000,1.7705
19007,2022-07-28T00:00:00.000,2.6882
19007,2022-07-29T00:00:00.000,1.072
19007,2022-07-30T00:00:00.000,1.501
19007,2022-07-31T00:00:00.000,1.145
19007,2022-08-01T00:00:00.000,1.3599
19007,2022-08-02T00:00:00.000,2.2087
19007,2022-08-03T00:00:00.000,1.416
19007,2022-08-04T00:00:00.000,1.3047
19007,2022-08-05T00:00:00.000,1.5426
19007,2022-08-06T00:00:00.000,1.9173
19007,2022-08-07T00:00:00.000,2.2984
19007,2022-08-08T00:00:00.000,1.3102
19007,2022-08-09T00:00:00.000,1.9502
19007,2022-08-10T00:00:00.000,2.427
19007,2022-08-11T00:00:00.000,2.2262
19007,2022-08-12T00:00:00.000,3.5022
19007,2022-08-13T00:00:00.000,1.3865
19007,2022-08-14T00:00:00.000,1.3963
19007,2022-08-15T00:00:00.000,1.3047
19007,2022-08-16T00:00:00.000,1.5804
19007,2022-08-17T00:00:00.000,1.8188
19007,2022-08-18T00:00:00.000,1.7271
19007,2022-08-19T00:00:00.000,1.2569
19007,2022-08-20T00:00:00.000,1.2373
19007,2022-08-21T00:00:00.000,0.9957
19007,2022-08-22T00:00:00.000,1.4769
19007,2022-08-23T00:00:00.000,1.799
19007,2022-08-24T00:00:00.000,1.8829
19007,2022-08-25T00:00:00.000,1.0533
19007,2022-08-26T00:00:00.000,1.3944
19007,2022-08-27T00:00:00.000,2.1812
19007,2022-08-28T00:00:00.000,1.1525
19007,2022-08-29T00:00:00.000,1.123
19007,2022-08-30T00:00:00.000,1.6958
19007,2022-08-31T00:00:00.000,1.693
19007,2022-09-01T00:00:00.000,2.2078
19007,2022-09-02T00:00:00.000,1.9233
19007,2022-09-03T00:00:00.000,2.2101
19007,2022-09-04T00:00:00.000,1.0417
19007,2022-09-05T00:00:00.000,1.417
19007,2022-09-06T00:00:00.000,1.2494
19007,2022-09-07T00:00:00.000,1.9611
19007,2022-09-08T00:00:00.000,1.7447
19007,2022-09-09T00:00:00.000,1.9901
19007,2022-09-10T00:00:00.000,1.3478
19007,2022-09-11T00:00:00.000,1.3295
19007,2022-09-12T00:00:00.000,1.1992
19007,2022-09-13T00:00:00.000,1.2676
19007,2022-09-14T00:00:00.000,1.2582
19007,2022-09-15T00:00:00.000,1.242
19007,2022-09-16T00:00:00.000,1.3794
19007,2022-09-17T00:00:00.000,2.6651
19007,2022-09-18T00:00:00.000,2.1835
19007,2022-09-19T00:00:00.000,1.7003
19007,2022-09-20T00:00:00.000,1.599
19007,2022-09-21T00:00:00.000,2.7084
19007,2022-09-22T00:00:00.000,1.7703
19007,2022-09-23T00:00:00.000,1.5512
19007,2022-09-24T00:00:00.000,1.6353
19007,2022-09-25T00:00:00.000,1.0428
19007,2022-09-26T00:00:00.000,1.091
19007,2022-09-27T00:00:00.000,1.2862
19007,2022-09-28T00:00:00.000,2.0515
19007,2022-09-29T00:00:00.000,1.3128
19007,2022-09-30T00:00:00.000,1.85
19007,2022-10-01T00:00:00.000,1.5066
19007,2022-10-02T00:00:00.000,1.4034
19007,2022-10-03T00:00:00.000,1.3535
19007,2022-10-04T00:00:00.000,1.1596
19007,2022-10-05T00:00:00.000,1.1133
19007,2022-10-06T00:00:00.000,1.012
19007,2022-10-07T00:00:00.000,0.744
19007,2022-10-08T00:00:00.000,0.7923
19007,2022-10-09T00:00:00.000,1.6618
19007,2022-10-10T00:00:00.000,1.3119
19007,2022-10-11T00:00:00.000,0.8001
19007,2022-10-12T00:00:00.000,0.7758
19007,2022-10-13T00:00:00.000,0.8249
19007,2022-10-14T00:00:00.000,0.7013
19007,2022-10-15T00:00:00.000,0.8283
19007,2022-10-16T00:00:00.000,0.8045
19007,2022-10-17T00:00:00.000,0.9033
19007,2022-10-18T00:00:00.000,0.9666
19007,2022-10-19T00:00:00.000,0.7054
19007,2022-10-20T00:00:00.000,1.0119
19007,2022-10-21T00:00:00.000,2.8517
19007,2022-10-22T00:00:00.000,1.5447
19007,2022-10-23T00:00:00.000,1.7456
19007,2022-10-24T00:00:00.000,2.0138
19007,2022-10-25T00:00:00.000,1.068
19007,2022-10-26T00:00:00.000,0.9223
19007,2022-10-27T00:00:00.000,1.0216
19007,2022-10-28T00:00:00.000,0.6524
19007,2022-10-29T00:00:00.000,0.7428
19007,2022-10-30T00:00:00.000,0.6665
19007,2022-10-31T00:00:00.000,0.5497
19007,2022-11-01T00:00:00.000,1.1854
19007,2022-11-02T00:00:00.000,0.9267
19007,2022-11-03T00:00:00.000,1.5199
19007,2022-11-04T00:00:00.000,2.3117
19007,2022-11-05T00:00:00.000,1.0499
19007,2022-11-06T00:00:00.000,0.6703
19007,2022-11-07T00:00:00.000,0.6849
19007,2022-11-08T00:00:00.000,0.8501
19007,2022-11-09T00:00:00.000,0.8359
19007,2022-11-10T00:00:00.000,0.9318
19007,2022-11-11T00:00:00.000,0.9297
19007,2022-11-12T00:00:00.000,1.0899
19007,2022-11-13T00:00:00.000,1.3412
19007,2022-11-14T00:00:00.000,1.7185
19007,2022-11-15T00:00:00.000,1.0795
19007,2022-11-16T00:00:00.000,1.1716
19007,2022-11-17T00:00:00.000,0.9467
19007,2022-11-18T00:00:00.000,1.8246
19007,2022-11-19T00:00:00.000,1.1031
19007,2022-11-20T00:00:00.000,0.8379
19007,2022-11-21T00:00:00.000,1.6288
19007,2022-11-22T00:00:00.000,1.9404
19007,2022-11-23T00:00:00.000,1.0614
19007,2022-11-24T00:00:00.000,1.2258
19007,2022-11-25T00:00:00.000,1.5828
19007,2022-11-26T00:00:00.000,1.0055
19007,2022-11-27T00:00:00.000,0.8447
19007,2022-11-28T00:00:00.000,1.214
19007,2022-11-29T00:00:00.000,1.1106
19007,2022-11-30T00:00:00.000,1.1989
19007,2022-12-01T00:00:00.000,0.8187
19007,2022-12-02T00:00:00.000,1.6905
19007,2022-12-03T00:00:00.000,1.3658
19007,2022-12-04T00:00:00.000,1.4821
19007,2022-12-05T00:00:00.000,1.8806
19007,2022-12-06T00:00:00.000,0.8527
19007,2022-12-07T00:00:00.000,0.8792
19007,2022-12-08T00:00:00.000,0.9681
19007,2022-12-09T00:00:00.000,1.6052
19007,2022-12-10T00:00:00.000,1.652
19007,2022-12-11T00:00:00.000,1.4527
19007,2022-12-12T00:00:00.000,1.1336
19007,2022-12-13T00:00:00.000,1.0975
19007,2022-12-14T00:00:00.000,1.1611
19007,2022-12-15T00:00:00.000,1.2672
19007,2022-12-16T00:00:00.000,1.4028
19007,2022-12-17T00:00:00.000,1.6423
19007,2022-12-18T00:00:00.000,0.962
19007,2022-12-19T00:00:00.000,1.143
19007,2022-12-20T00:00:00.000,1.2171
19007,2022-12-21T00:00:00.000,1.1236
19007,2022-12-22T00:00:00.000,1.2311
19007,2022-12-23T00:00:00.000,1.0815
19007,2022-12-24T00:00:00.000,1.2606
19007,2022-12-25T00:00:00.000,1.0869
19007,2022-12-26T00:00:00.000,1.174
19007,2022-12-27T00:00:00.000,1.1632
19007,2022-12-28T00:00:00.000,0.9083
19007,2022-12-29T00:00:00.000,0.9629
19007,2022-12-30T00:00:00.000,1.0443
19007,2022-12-31T00:00:00.000,1.1251
19007,2023-01-01T00:00:00.000,1.1262
19007,2023-01-02T00:00:00.000,0.7565
19007,2023-01-03T00:00:00.000,0.9618
19007,2023-01-04T00:00:00.000,1.0581
19007,2023-01-05T00:00:00.000,1.6577
19007,2023-01-06T00:00:00.000,1.4522
19007,2023-01-07T00:00:00.000,1.0265
19007,2023-01-08T00:00:00.000,1.3571
19007,2023-01-09T00:00:00.000,2.2137
19007,2023-01-10T00:00:00.000,2.5462
19007,2023-01-11T00:00:00.000,0.7308
19007,2023-01-12T00:00:00.000,0.9491
19007,2023-01-13T00:00:00.000,1.1109
19007,2023-01-14T00:00:00.000,1.6965
19007,2023-01-15T00:00:00.000,0.9545
19007,2023-01-16T00:00:00.000,1.3539
19007,2023-01-17T00:00:00.000,1.2583
19007,2023-01-18T00:00:00.000,1.1607
19007,2023-01-19T00:00:00.000,1.5391
19007,2023-01-20T00:00:00.000,1.1786
19007,2023-01-21T00:00:00.000,1.7259
19007,2023-01-22T00:00:00.000,1.3148
19007,2023-01-23T00:00:00.000,1.1444
19007,2023-01-24T00:00:00.000,1.1356
19007,2023-01-25T00:00:00.000,1.1792
19007,2023-01-26T00:00:00.000,1.4642
19007,2023-01-27T00:00:00.000,1.5135
19007,2023-01-28T00:00:00.000,1.0896
19007,2023-01-29T00:00:00.000,1.0755
19007,2023-01-30T00:00:00.000,1.5829
19007,2023-01-31T00:00:00.000,1.5361
19007,2023-02-01T00:00:00.000,1.8947
19007,2023-02-02T00:00:00.000,1.9522
19007,2023-02-03T00:00:00.000,1.7092
19007,2023-02-04T00:00:00.000,2.9176
19007,2023-02-05T00:00:00.000,2.9781
19007,2023-02-06T00:00:00.000,3.385
19007,2023-02-07T00:00:00.000,1.7899
19007,2023-02-08T00:00:00.000,1.8787
19007,2023-02-09T00:00:00.000,1.7759
19007,2023-02-10T00:00:00.000,0.8608
19007,2023-02-11T00:00:00.000,1.1636
19007,2023-02-12T00:00:00.000,1.4258
19007,2023-02-13T00:00:00.000,0.8624
19007,2023-02-14T00:00:00.000,1.0731
19007,2023-02-15T00:00:00.000,0.6587
19007,2023-02-16T00:00:00.000,1.3438
19007,2023-02-17T00:00:00.000,1.4437
19007,2023-02-18T00:00:00.000,1.7769
19007,2023-02-19T00:00:00.000,1.5853
19007,2023-02-20T00:00:00.000,1.3535
19007,2023-02-21T00:00:00.000,1.0661
19007,2023-02-22T00:00:00.000,1.0434
19007,2023-02-23T00:00:00.000,1.3313
19007,2023-02-24T00:00:00.000,1.0194
19007,2023-02-25T00:00:00.000,1.5025
19007,2023-02-26T00:00:00.000,2.6463
19007,2023-02-27T00:00:00.000,1.7139
19007,2023-02-28T00:00:00.000,1.3323
19007,2023-03-01T00:00:00.000,1.2953
19007,2023-03-02T00:00:00.000,1.3401
19007,2023-03-03T00:00:00.000,0.8516
19007,2023-03-04T00:00:00.000,0.9194
19007,2023-03-05T00:00:00.000,1.1776
19007,2023-03-06T00:00:00.000,1.2231
19007,2023-03-07T00:00:00.000,1.0239
19007,2023-03-08T00:00:00.000,0.9736
19007,2023-03-09T00:00:00.000,1.2198
19007,2023-03-10T00:00:00.000,2.1224
19007,2023-03-11T00:00:00.000,2.212
19007,2023-03-12T00:00:00.000,2.3149
19007,2023-03-13T00:00:00.000,1.5955
19007,2023-03-14T00:00:00.000,2.3068
19007,2023-03-15T00:00:00.000,3.1639
19007,2023-03-16T00:00:00.000,1.9702
19007,2023-03-17T00:00:00.000,1.7106
19007,2023-03-18T00:00:00.000,0.8586
19007,2023-03-19T00:00:00.000,1.3913
19007,2023-03-20T00:00:00.000,1.351
19007,2023-03-21T00:00:00.000,0.912
19007,2023-03-22T00:00:00.000,0.9691
19007,2023-03-23T00:00:00.000,1.7656
19007,2023-03-24T00:00:00.000,1.8003
19007,2023-03-25T00:00:00.000,1.7449
19007,2023-03-26T00:00:00.000,1.7988
19007,2023-03-27T00:00:00.000,4.0667
19007,2023-03-28T00:00:00.000,1.9896
19007,2023-03-29T00:00:00.000,1.7187
19007,2023-03-30T00:00:00.000,1.3165
19007,2023-03-31T00:00:00.000,1.3703
19007,2023-04-01T00:00:00.000,1.5059
19007,2023-04-02T00:00:00.000,1.7394
19007,2023-04-03T00:00:00.000,2.7099
19007,2023-04-04T00:00:00.000,2.4693
19007,2023-04-05T00:00:00.000,2.2978
19007,2023-04-06T00:00:00.000,1.5401
19007,2023-04-07T00:00:00.000,1.1115
19007,2023-04-08T00:00:00.000,1.508
19007,2023-04-09T00:00:00.000,2.2089
19007,2023-04-10T00:00:00.000,1.7626
19007,2023-04-11T00:00:00.000,1.5763
19007,2023-04-12T00:00:00.000,1.965
19007,2023-04-13T00:00:00.000,1.8387
19007,2023-04-14T00:00:00.000,1.9078
19007,2023-04-15T00:00:00.000,1.5978
19007,2023-04-16T00:00:00.000,1.7403
19007,2023-04-17T00:00:00.000,1.5952
19007,2023-04-18T00:00:00.000,1.3605
19007,2023-04-19T00:00:00.000,1.835
19007,2023-04-20T00:00:00.000,3.2313
19007,2023-04-21T00:00:00.000,1.5235
19007,2023-04-22T00:00:00.000,0.8796
19007,2023-04-23T00:00:00.000,1.3394
19007,2023-04-24T00:00:00.000,1.5474
19007,2023-04-25T00:00:00.000,2.3717
19007,2023-04-26T00:00:00.000,1.0101
19007,2023-04-27T00:00:00.000,1.7312
19007,2023-04-28T00:00:00.000,1.7612
19007,2023-04-29T00:00:00.000,1.4256
19007,2023-04-30T00:00:00.000,2.6244
19007,2023-05-01T00:00:00.000,1.8778
19007,2023-05-02T00:00:00.000,1.9388
19007,2023-05-03T00:00:00.000,1.2709
19007,2023-05-04T00:00:00.000,1.3653
19007,2023-05-05T00:00:00.000,1.3601
19007,2023-05-06T00:00:00.000,1.0614
19007,2023-05-07T00:00:00.000,1.6106
19007,2023-05-08T00:00:00.000,2.2985
19007,2023-05-09T00:00:00.000,2.9846
19007,2023-05-10T00:00:00.000,2.2693
19007,2023-05-11T00:00:00.000,1.4945
19007,2023-05-12T00:00:00.000,1.7249
19007,2023-05-13T00:00:00.000,1.7948
19007,2023-05-14T00:00:00.000,1.9652
19007,2023-05-15T00:00:00.000,1.3183
19007,2023-05-16T00:00:00.000,1.324
19007,2023-05-17T00:00:00.000,1.2583
19007,2023-05-18T00:00:00.000,1.4349
19007,2023-05-19T00:00:00.000,2.0067
19007,2023-05-20T00:00:00.000,1.7229
19007,2023-05-21T00:00:00.000,1.8433
19007,2023-05-22T00:00:00.000,1.2925
19007,2023-05-23T00:00:00.000,1.171
19007,2023-05-24T00:00:00.000,1.5976
19007,2023-05-25T00:00:00.000,2.15
19007,2023-05-26T00:00:00.000,1.0302
19007,2023-05-27T00:00:00.000,2.6789
19007,2023-05-28T00:00:00.000,1.8532
19007,2023-05-29T00:00:00.000,1.5156
19007,2023-05-30T00:00:00.000,2.0685
19007,2023-05-31T00:00:00.000,2.0608
19007,2023-06-01T00:00:00.000,1.253
19007,2023-06-02T00:00:00.000,1.3452
19007,2023-06-03T00:00:00.000,1.817
19007,2023-06-04T00:00:00.000,1.9244
19007,2023-06-05T00:00:00.000,1.8369
19007,2023-06-06T00:00:00.000,1.4087
19007,2023-06-07T00:00:00.000,1.7549
19007,2023-06-08T00:00:00.000,1.3819
19007,2023-06-09T00:00:00.000,1.3697
19007,2023-06-10T00:00:00.000,1.3519
19007,2023-06-11T00:00:00.000,1.6919
19007,2023-06-12T00:00:00.000,1.5076
19007,2023-06-13T00:00:00.000,2.4914
19007,2023-06-14T00:00:00.000,1.6642
19007,2023-06-15T00:00:00.000,1.4631
19007,2023-06-16T00:00:00.000,1.9081
19007,2023-06-17T00:00:00.000,1.7878
19007,2023-06-18T00:00:00.000,1.4608
19007,2023-06-19T00:00:00.000,1.6054
19007,2023-06-20T00:00:00.000,1.7737
19007,2023-06-21T00:00:00.000,1.7026
19007,2023-06-22T00:00:00.000,1.2568
19007,2023-06-23T00:00:00.000,2.7027
19007,2023-06-24T00:00:00.000,1.4602
19007,2023-06-25T00:00:00.000,2.1597
19007,2023-06-26T00:00:00.000,1.4046
19007,2023-06-27T00:00:00.000,1.5357
19007,2023-06-28T00:00:00.000,3.1185
19007,2023-06-29T00:00:00.000,2.3324
19007,2023-06-30T00:00:00.000,1.894
19007,2023-07-01T00:00:00.000,1.0612
19007,2023-07-02T00:00:00.000,1.3062
19007,2023-07-03T00:00:00.000,1.4205
19007,2023-07-04T00:00:00.000,2.1192
19007,2023-07-05T00:00:00.000,1.4293
19007,2023-07-06T00:00:00.000,2.2925
19007,2023-07-07T00:00:00.000,1.3904
19007,2023-07-08T00:00:00.000,1.561
19007,2023-07-09T00:00:00.000,1.1735
19007,2023-07-10T00:00:00.000,1.1462
19007,2023-07-11T00:00:00.000,1.3533
19007,2023-07-12T00:00:00.000,2.066
19007,2023-07-13T00:00:00.000,1.4562
19007,2023-07-14T00:00:00.000,2.2339
19007,2023-07-15T00:00:00.000,0.9441
19007,2023-07-16T00:00:00.000,1.0994
19007,2023-07-17T00:00:00.000,1.6008
19007,2023-07-18T00:00:00.000,1.3719
19007,2023-07-19T00:00:00.000,1.4577
19007,2023-07-20T00:00:00.000,1.771
19007,2023-07-21T00:00:00.000,2.4107
19007,2023-07-22T00:00:00.000,1.5555
19007,2023-07-23T00:00:00.000,1.782
19007,2023-07-24T00:00:00.000,2.1129
19007,2023-07-25T00:00:00.000,1.4038
19007,2023-07-26T00:00:00.000,2.7409
19007,2023-07-27T00:00:00.000,1.8922
19007,2023-07-28T00:00:00.000,1.4233
19007,2023-07-29T00:00:00.000,1.5651
19007,2023-07-30T00:00:00.000,1.1795
19007,2023-07-31T00:00:00.000,2.0274
19007,2023-08-01T00:00:00.000,1.6194
19007,2023-08-02T00:00:00.000,2.1599
19007,2023-08-03T00:00:00.000,1.2878
19007,2023-08-04T00:00:00.000,2.1369
19007,2023-08-05T00:00:00.000,1.9528
19007,2023-08-06T00:00:00.000,2.7109
19007,2023-08-07T00:00:00.000,3.0112
19007,2023-08-08T00:00:00.000,1.2698
19007,2023-08-09T00:00:00.000,1.1029
19007,2023-08-10T00:00:00.000,1.8148
19007,2023-08-11T00:00:00.000,1.8684
19007,2023-08-12T00:00:00.000,1.4774
19007,2023-08-13T00:00:00.000,1.7097
19007,2023-08-14T00:00:00.000,1.3311
19007,2023-08-15T00:00:00.000,1.3562
19007,2023-08-16T00:00:00.000,1.6358
19007,2023-08-17T00:00:00.000,1.4594
19007,2023-08-18T00:00:00.000,1.1979
19007,2023-08-19T00:00:00.000,1.4082
19007,2023-08-20T00:00:00.000,1.6644
19007,2023-08-21T00:00:00.000,1.047
19007,2023-08-22T00:00:00.000,1.1847
19007,2023-08-23T00:00:00.000,1.2875
19007,2023-08-24T00:00:00.000,1.4799
19007,2023-08-25T00:00:00.000,1.5338
19007,2023-08-26T00:00:00.000,1.3017
19007,2023-08-27T00:00:00.000,2.7265
19007,2023-08-28T00:00:00.000,3.0104
19007,2023-08-29T00:00:00.000,1.244
19007,2023-08-30T00:00:00.000,1.0726
19007,2023-08-31T00:00:00.000,1.3237
19007,2023-09-01T00:00:00.000,1.376
19007,2023-09-02T00:00:00.000,1.0215
19007,2023-09-03T00:00:00.000,1.1278
19007,2023-09-04T00:00:00.000,2.0256
19007,2023-09-05T00:00:00.000,2.3856
19007,2023-09-06T00:00:00.000,1.0372
19007,2023-09-07T00:00:00.000,1.4373
19007,2023-09-08T00:00:00.000,0.9149
19007,2023-09-09T00:00:00.000,1.0306
19007,2023-09-10T00:00:00.000,0.7902
19007,2023-09-11T00:00:00.000,1.0121
19007,2023-09-12T00:00:00.000,1.2551
19007,2023-09-13T00:00:00.000,1.4497
19007,2023-09-14T00:00:00.000,1.1041
19007,2023-09-15T00:00:00.000,1.3345
19007,2023-09-16T00:00:00.000,1.7012
19007,2023-09-17T00:00:00.000,1.0953
19007,2023-09-18T00:00:00.000,2.1519
19007,2023-09-19T00:00:00.000,0.8582
19007,2023-09-20T00:00:00.000,1.3687
19007,2023-09-21T00:00:00.000,2.4937
19007,2023-09-22T00:00:00.000,3.2222
19007,2023-09-23T00:00:00.000,2.0717
19007,2023-09-24T00:00:00.000,0.8984
19007,2023-09-25T00:00:00.000,1.4208
19007,2023-09-26T00:00:00.000,1.0759
19007,2023-09-27T00:00:00.000,1.0428
19007,2023-09-28T00:00:00.000,0.9205
19007,2023-09-29T00:00:00.000,0.7447
19007,2023-09-30T00:00:00.000,0.7055
19007,2023-10-01T00:00:00.000,0.8502
19007,2023-10-02T00:00:00.000,0.6869
19007,2023-10-03T00:00:00.000,1.0101
19007,2023-10-04T00:00:00.000,1.5416
19007,2023-10-05T00:00:00.000,1.1705
19007,2023-10-06T00:00:00.000,1.1926
19007,2023-10-07T00:00:00.000,0.9415
19007,2023-10-08T00:00:00.000,1.2517
19007,2023-10-09T00:00:00.000,1.5939
19007,2023-10-10T00:00:00.000,1.0464
19007,2023-10-11T00:00:00.000,0.7826
19007,2023-10-12T00:00:00.000,1.1
19007,2023-10-13T00:00:00.000,1.1587
19007,2023-10-14T00:00:00.000,1.2515
19007,2023-10-15T00:00:00.000,2.0768
19007,2023-10-16T00:00:00.000,2.4487
19007,2023-10-17T00:00:00.000,1.2232
19007,2023-10-18T00:00:00.000,1.5417
19007,2023-10-19T00:00:00.000,1.0469
19007,2023-10-20T00:00:00.000,2.3554
19007,2023-10-21T00:00:00.000,1.4456
19007,2023-10-22T00:00:00.000,0.9953
19007,2023-10-23T00:00:00.000,1.1438
19007,2023-10-24T00:00:00.000,1.0687
19007,2023-10-25T00:00:00.000,0.9375
19007,2023-10-26T00:00:00.000,1.2575
19007,2023-10-27T00:00:00.000,1.6944
19007,2023-10-28T00:00:00.000,1.1467
19007,2023-10-29T00:00:00.000,2.4162
19007,2023-10-30T00:00:00.000,1.7152
19007,2023-10-31T00:00:00.000,2.4466
19007,2023-11-01T00:00:00.000,1.5934
19007,2023-11-02T00:00:00.000,2.581
19007,2023-11-03T00:00:00.000,1.8205
19007,2023-11-04T00:00:00.000,1.5041
19007,2023-11-05T00:00:00.000,1.4928
19007,2023-11-06T00:00:00.000,1.3499
19007,2023-11-07T00:00:00.000,1.3206
19007,2023-11-08T00:00:00.000,0.887
19007,2023-11-09T00:00:00.000,1.1638
19007,2023-11-10T00:00:00.000,1.471
19007,2023-11-11T00:00:00.000,1.6164
19007,2023-11-12T00:00:00.000,1.4314
19007,2023-11-13T00:00:00.000,0.931
19007,2023-11-14T00:00:00.000,0.9703
19007,2023-11-15T00:00:00.000,1.9383
19007,2023-11-16T00:00:00.000,0.9892
19007,2023-11-17T00:00:00.000,2.9398
19007,2023-11-18T00:00:00.000,1.054
19007,2023-11-19T00:00:00.000,0.8831
19007,2023-11-20T00:00:00.000,1.3399
19007,2023-11-21T00:00:00.000,1.3166
19007,2023-11-22T00:00:00.000,1.0576
19007,2023-11-23T00:00:00.000,0.9705
19007,2023-11-24T00:00:00.000,1.419
19007,2023-11-25T00:00:00.000,3.4106
19007,2023-11-26T00:00:00.000,1.9151
19007,2023-11-27T00:00:00.000,1.3112
19007,2023-11-28T00:00:00.000,2.1639
19007,2023-11-29T00:00:00.000,1.5953
19007,2023-11-30T00:00:00.000,1.1735
19007,2023-12-01T00:00:00.000,1.3486
19007,2023-12-02T00:00:00.000,2.8316
19007,2023-12-03T00:00:00.000,1.316
19007,2023-12-04T00:00:00.000,1.3878
19007,2023-12-05T00:00:00.000,1.3541
19007,2023-12-06T00:00:00.000,1.0167
19007,2023-12-07T00:00:00.000,0.8317
19007,2023-12-08T00:00:00.000,1.2101
19007,2023-12-09T00:00:00.000,1.2292
19007,2023-12-10T00:00:00.000,1.9083
19007,2023-12-11T00:00:00.000,1.1936
19007,2023-12-12T00:00:00.000,0.9438
19007,2023-12-13T00:00:00.000,0.9261
19007,2023-12-14T00:00:00.000,1.0381
19007,2023-12-15T00:00:00.000,0.8733
19007,2023-12-16T00:00:00.000,1.1781
19007,2023-12-17T00:00:00.000,1.2926
19007,2023-12-18T00:00:00.000,1.1014
19007,2023-12-19T00:00:00.000,0.8108
19007,2023-12-20T00:00:00.000,0.7873
19007,2023-12-21T00:00:00.000,1.2121
19007,2023-12-22T00:00:00.000,2.326
19007,2023-12-23T00:00:00.000,2.1944
19007,2023-12-24T00:00:00.000,2.5689
19007,2023-12-25T00:00:00.000,0.7951
19007,2023-12-26T00:00:00.000,0.9732
19007,2023-12-27T00:00:00.000,0.8686
19007,2023-12-28T00:00:00.000,0.8993
19007,2023-12-29T00:00:00.000,1.2001
19007,2023-12-30T00:00:00.000,0.9487
19007,2023-12-31T00:00:00.000,1.6935
19007,2024-01-01T00:00:00.000,1.3856
19007,2024-01-02T00:00:00.000,1.0091
19007,2024-01-03T00:00:00.000,1.081
19007,2024-01-04T00:00:00.000,1.0849
19007,2024-01-05T00:00:00.000,2.1567
19007,2024-01-06T00:00:00.000,1.1715
19007,2024-01-07T00:00:00.000,0.9526
19007,2024-01-08T00:00:00.000,1.3056
19007,2024-01-09T00:00:00.000,2.3285
19007,2024-01-10T00:00:00.000,1.4476
19007,2024-01-11T00:00:00.000,1.0933
19007,2024-01-12T00:00:00.000,0.9517
19007,2024-01-13T00:00:00.000,1.222
19007,2024-01-14T00:00:00.000,1.1087
19007,2024-01-15T00:00:00.000,1.1981
19007,2024-01-16T00:00:00.000,1.5462
19007,2024-01-17T00:00:00.000,1.0827
19007,2024-01-18T00:00:00.000,1.4224
19007,2024-01-19T00:00:00.000,1.8934
19007,2024-01-20T00:00:00.000,1.3014
19007,2024-01-21T00:00:00.000,1.1111
19007,2024-01-22T00:00:00.000,1.2247
19007,2024-01-23T00:00:00.000,1.5621
19007,2024-01-24T00:00:00.000,1.0526
19007,2024-01-25T00:00:00.000,1.6423
19007,2024-01-26T00:00:00.000,0.749
19007,2024-01-27T00:00:00.000,1.5599
19007,2024-01-28T00:00:00.000,0.9489
19007,2024-01-29T00:00:00.000,0.8658
19007,2024-01-30T00:00:00.000,0.9277
19007,2024-01-31T00:00:00.000,0.746
19007,2024-02-01T00:00:00.000,0.97
